UPDATE `creature` SET `position_x` = -8722.81, `position_y` = 522.099, `position_z` = 98.8999, `orientation` = 1.84176 WHERE `id` = 61837;

DELETE FROM `creature_addon` WHERE `guid` IN (SELECT `guid` FROM `creature` WHERE `id` = 61837);
INSERT INTO `creature_addon` (`guid`, `path_id`, `mount`, `bytes1`, `bytes2`, `emote`, `auras`) VALUES
((SELECT `guid` FROM `creature` WHERE `id` = 61837), 0, 0, 0, 257, 426, NULL);

-- Thomas Miller
UPDATE `creature_template` SET `AIName` = "SmartAI" WHERE `entry` = 3518;

DELETE FROM `smart_scripts` WHERE `entryorguid` = 3518 AND `source_type` = 0;
INSERT INTO `smart_scripts` (`entryorguid`, `source_type`, `id`, `link`, `event_type`, `event_phase_mask`, `event_chance`, `event_flags`, `event_param1`, `event_param2`, `event_param3`, `event_param4`, `action_type`, `action_param1`, `action_param2`, `action_param3`, `action_param4`, `action_param5`, `action_param6`, `target_type`, `target_param1`, `target_param2`, `target_param3`, `target_x`, `target_y`, `target_z`, `target_o`, `comment`) VALUES
(3518, 0, 0, 0, 1, 0, 100, 0, 0, 0, 180000, 180000, 1, 0, 0, 0, 0, 0, 0, 1, 0, 0, 0, 0, 0, 0, 0, "Thomas Miller - Out Of Combat - Say Text Line 0");

DELETE FROM `creature_text` WHERE `entry` = 3518;
INSERT INTO `creature_text` (`entry`, `text_group`, `id`, `text`, `text_female`, `text_range`, `type`, `language`, `probability`, `emote`, `duration`, `sound`, `comment`) VALUES
(3518, 0, 0, "Freshly baked bread for sale!", "", 0, 12, 7, 100, 0, 0, 0, "Thomas Miller"),
(3518, 0, 1, "Fresh bread for sale!", "", 0, 12, 7, 100, 0, 0, 0, "Thomas Miller"),
(3518, 0, 2, "Warm, wholesome bread!", "", 0, 12, 7, 100, 0, 0, 0, "Thomas Miller"),
(3518, 0, 3, "Rolls, buns and bread. Baked fresh!", "", 0, 12, 7, 100, 0, 0, 0, "Thomas Miller");

DELETE FROM `creature_template_addon` WHERE `entry` = 3518;
DELETE FROM `creature_addon` WHERE `guid` = 188779;
INSERT INTO `creature_addon` (`guid`, `path_id`, `bytes2`) VALUES
(188779, 188779, 257);

UPDATE `creature` SET `position_x` = -8831.28, `position_y` = 543.109, `position_z` = 96.8344 WHERE `guid` = 188779 AND `id` = 3518;

DELETE FROM `waypoint_data` WHERE `id` = 188779;
INSERT INTO `waypoint_data` (`id`, `point`, `position_x`, `position_y`, `position_z`, `delay`, `entry`) VALUES
(188779, 1, -8831.28, 543.109, 96.8344, 1000, 3518),
(188779, 2, -8823.8, 554.302, 95.1343, 0, 3518),
(188779, 3, -8816.18, 563.58, 94.1516, 0, 3518),
(188779, 4, -8812.27, 575.284, 94.8673, 0, 3518),
(188779, 5, -8798.45, 588.131, 97.2749, 0, 3518),
(188779, 6, -8781.38, 601.002, 97.395, 0, 3518),
(188779, 7, -8770.7, 609.208, 97.2416, 0, 3518),
(188779, 8, -8761.96, 617.745, 99.1796, 0, 3518),
(188779, 9, -8757.63, 628.577, 102.216, 0, 3518),
(188779, 10, -8759.15, 642.457, 103.654, 0, 3518),
(188779, 11, -8770.64, 661.869, 103.528, 0, 3518),
(188779, 12, -8787.04, 680.217, 102.245, 0, 3518),
(188779, 13, -8804.12, 683.305, 100.683, 0, 3518),
(188779, 14, -8815.72, 680.448, 98.2183, 0, 3518),
(188779, 15, -8831.55, 674.228, 98.3358, 0, 3518),
(188779, 16, -8843.12, 667.22, 97.8051, 0, 3518),
(188779, 17, -8852.2, 659.229, 96.9603, 0, 3518),
(188779, 18, -8841.74, 637.862, 95.1661, 0, 3518),
(188779, 19, -8834.06, 634.756, 94.3203, 0, 3518),
(188779, 20, -8817.96, 641.332, 94.2293, 0, 3518),
(188779, 21, -8811.88, 634.469, 94.2293, 0, 3518),
(188779, 22, -8813.45, 625.373, 94.1306, 0, 3518),
(188779, 23, -8827.66, 620.367, 94.2332, 0, 3518),
(188779, 24, -8846.61, 601.6, 92.6069, 0, 3518),
(188779, 25, -8859.18, 589.015, 92.709, 0, 3518),
(188779, 26, -8874.99, 572.27, 93.4734, 0, 3518),
(188779, 27, -8883.26, 572.174, 92.8046, 0, 3518),
(188779, 28, -8886.9, 579.094, 92.9168, 0, 3518),
(188779, 29, -8889.38, 585.29, 93.3191, 0, 3518),
(188779, 30, -8869.45, 596.649, 92.4409, 0, 3518),
(188779, 31, -8860.44, 601.856, 92.161, 0, 3518),
(188779, 32, -8847.27, 610.523, 92.6533, 0, 3518),
(188779, 33, -8837.06, 617.396, 93.0252, 0, 3518),
(188779, 34, -8834.75, 618.401, 93.3229, 0, 3518),
(188779, 35, -8827.87, 621.207, 94.1001, 0, 3518),
(188779, 36, -8809.26, 603.528, 96.2749, 0, 3518),
(188779, 37, -8806.62, 593.729, 97.1852, 0, 3518),
(188779, 38, -8820.32, 573.328, 94.1915, 0, 3518),
(188779, 39, -8830.69, 558.865, 94.8851, 0, 3518),
(188779, 40, -8834.06, 549.867, 96.194, 0, 3518);

-- Miss Danna
UPDATE `creature` SET `position_x` = -8838.52, `position_y` = 670.28, `position_z` = 98.0987, `orientation` = 0.553153, `spawntimesecs` = 43200, `wander_distance` = 0, `movement_type` = 2 WHERE `guid` = 188983 AND `id` = 3513;
UPDATE `creature` SET `position_x` = -8841.64, `position_y` = 671.515, `position_z` = 97.9739, `orientation` = 0.556232, `spawntimesecs` = 43200, `wander_distance` = 0, `movement_type` = 0 WHERE `guid` = 188985 AND `id` = 3512;
UPDATE `creature` SET `position_x` = -8841.74, `position_y` = 670.394, `position_z` = 97.9404, `orientation` = 0.629918, `spawntimesecs` = 43200, `wander_distance` = 0, `movement_type` = 0 WHERE `guid` = 188986 AND `id` = 3508;
UPDATE `creature` SET `position_x` = -8838.57, `position_y` = 667.07, `position_z` = 98.0103, `orientation` = 0.553137, `spawntimesecs` = 43200, `wander_distance` = 0, `movement_type` = 0 WHERE `guid` = 188990 AND `id` = 3505;
UPDATE `creature` SET `position_x` = -8841.58, `position_y` = 669.168, `position_z` = 97.9151, `orientation` = 0.55451, `spawntimesecs` = 43200, `wander_distance` = 0, `movement_type` = 0 WHERE `guid` = 188987 AND `id` = 3511;
UPDATE `creature` SET `position_x` = -8841.32, `position_y` = 667.768, `position_z` = 97.8914, `orientation` = 0.553006, `spawntimesecs` = 43200, `wander_distance` = 0, `movement_type` = 0 WHERE `guid` = 188988 AND `id` = 3510;
UPDATE `creature` SET `position_x` = -8840.46, `position_y` = 666.881, `position_z` = 97.9108, `orientation` = 0.553158, `spawntimesecs` = 43200, `wander_distance` = 0, `movement_type` = 0 WHERE `guid` = 188989 AND `id` = 3507;
UPDATE `creature` SET `position_x` = -8841.45, `position_y` = 668.822, `position_z` = 97.95883, `orientation` = 0.507234, `spawntimesecs` = 43200, `wander_distance` = 0, `movement_type` = 0 WHERE `guid` = 188984 AND `id` = 3509;

DELETE FROM `creature_template_addon` WHERE `entry` IN (3513, 3512, 3508, 3505, 3511, 3510, 3507, 3509);

DELETE FROM `creature_addon` WHERE `guid` IN (188983, 188985, 188986, 188990, 188987, 188988, 188989, 188984);
INSERT INTO `creature_addon` (`guid`, `path_id`, `bytes2`) VALUES
(188983, 188983, 0);

DELETE FROM `waypoint_data` WHERE `id` IN (188983, 188985, 188986, 188990, 188987, 188988, 188989, 188984);
INSERT INTO `waypoint_data` (`id`, `point`, `position_x`, `position_y`, `position_z`, `orientation`, `delay`, `move_flag`, `action`, `action_chance`, `wpguid`, `entry`) VALUES
(188983, 1, -8824.65, 677.359, 97.6724, 0, 1000, 0, 0, 100, 0, 3513),
(188983, 2, -8844.06, 721.315, 97.3127, 0, 1000, 0, 0, 100, 0, 3513),
(188983, 3, -8794.66, 745.738, 97.8358, 0, 2500, 0, 0, 100, 0, 3513),
(188983, 4, -8765.71, 737.339, 98.9571, 0, 1000, 0, 0, 100, 0, 3513),
(188983, 5, -8744.1, 711.742, 98.1589, 0, 0, 0, 0, 100, 0, 3513),
(188983, 6, -8736.13, 717.57, 101.035, 0, 0, 0, 0, 100, 0, 3513),
(188983, 7, -8714.09, 735.726, 97.8129, 0, 0, 0, 0, 100, 0, 3513),
(188983, 8, -8698.83, 714.642, 97.0168, 0, 0, 0, 0, 100, 0, 3513),
(188983, 9, -8657.55, 748.029, 96.6892, 0, 0, 0, 0, 100, 0, 3513),
(188983, 11, -8658.68, 767.899, 96.6925, 0, 0, 0, 0, 100, 0, 3513),
(188983, 12, -8634.49, 787.411, 96.6512, 0, 1500, 0, 0, 100, 0, 3513),
(188983, 13, -8662.17, 821.239, 96.6386, 0, 0, 0, 0, 100, 0, 3513),
(188983, 14, -8653.53, 826.735, 96.5285, 0, 2000, 0, 0, 100, 0, 3513),
(188983, 15, -8608.62, 861.791, 96.6798, 0, 0, 0, 0, 100, 0, 3513),
(188983, 16, -8600.32, 850.058, 96.6911, 0, 0, 0, 0, 100, 0, 3513),
(188983, 17, -8616.11, 837.915, 96.7385, 0, 3000, 0, 0, 100, 0, 3513),
(188983, 18, -8637.49, 816.942, 96.6393, 0, 2500, 0, 0, 100, 0, 3513),
(188983, 19, -8629.56, 781.904, 96.6514, 0, 0, 0, 0, 100, 0, 3513),
(188983, 20, -8623.89, 774.974, 96.6518, 0, 0, 0, 0, 100, 0, 3513),
(188983, 21, -8623.29, 775.529, 96.6512, 0, 1000, 0, 0, 100, 0, 3513),
(188983, 22, -8623.29, 775.529, 96.6512, 0, 22000, 0, 0, 100, 0, 3513),
(188983, 23, -8594.06, 757.656, 96.6537, 0, 0, 0, 0, 100, 0, 3513),
(188983, 24, -8578.89, 737.947, 96.6719, 0, 0, 0, 0, 100, 0, 3513),
(188983, 25, -8596.77, 717.424, 96.6572, 0, 1000, 0, 0, 100, 0, 3513),
(188983, 26, -8562.25, 673.301, 97.0168, 0, 0, 0, 0, 100, 0, 3513),
(188983, 27, -8536.52, 690.402, 97.6668, 0, 0, 0, 0, 100, 0, 3513),
(188983, 28, -8522.24, 670.618, 102.794, 0, 0, 0, 0, 100, 0, 3513),
(188983, 29, -8508.77, 650.151, 100.292, 0, 0, 0, 0, 100, 0, 3513),
(188983, 30, -8557.68, 615.023, 102.352, 0, 0, 0, 0, 100, 0, 3513),
(188983, 31, -8568.14, 613.353, 102.382, 0, 0, 0, 0, 100, 0, 3513),
(188983, 32, -8581.15, 593.053, 103.562, 0, 3000, 0, 0, 100, 0, 3513),
(188983, 33, -8585.6, 562.85, 101.927, 0, 1000, 0, 0, 100, 0, 3513),
(188983, 34, -8573.45, 540.833, 101.757, 0, 0, 0, 0, 100, 0, 3513),
(188983, 35, -8535.68, 488.072, 101.081, 0, 0, 0, 0, 100, 0, 3513),
(188983, 36, -8538.69, 479.398, 102.572, 0, 0, 0, 0, 100, 0, 3513),
(188983, 37, -8548.29, 467.484, 104.514, 0, 0, 0, 0, 100, 0, 3513),
(188983, 38, -8544.94, 464.148, 104.414, 0, 1000, 0, 0, 100, 0, 3513),
(188983, 39, -8544.94, 464.148, 104.414, 0, 15000, 0, 0, 100, 0, 3513),
(188983, 40, -8564.17, 466.02, 104.524, 0, 1000, 0, 0, 100, 0, 3513),
(188983, 41, -8583.28, 480.99, 104.214, 0, 0, 0, 0, 100, 0, 3513),
(188983, 42, -8606.08, 504.922, 103.722, 0, 0, 0, 0, 100, 0, 3513),
(188983, 43, -8633.15, 534.792, 100.272, 0, 0, 0, 0, 100, 0, 3513),
(188983, 44, -8655.92, 552.797, 96.9437, 0, 0, 0, 0, 100, 0, 3513),
(188983, 45, -8671.53, 554.116, 97.1805, 0, 0, 0, 0, 100, 0, 3513),
(188983, 46, -8713.5, 519.816, 97.1699, 0, 0, 0, 0, 100, 0, 3513),
(188983, 47, -8731.17, 541.957, 101.124, 0, 1500, 0, 0, 100, 0, 3513),
(188983, 48, -8749.98, 561.766, 97.3988, 0, 0, 0, 0, 100, 0, 3513),
(188983, 49, -8736.87, 574.559, 97.3823, 0, 0, 0, 0, 100, 0, 3513),
(188983, 50, -8770.53, 609.421, 97.2463, 0, 0, 0, 0, 100, 0, 3513),
(188983, 51, -8795.9, 587.923, 97.3792, 0, 0, 0, 0, 100, 0, 3513),
(188983, 52, -8827.8, 624.687, 93.8494, 0, 0, 0, 0, 100, 0, 3513),
(188983, 53, -8928.94, 540.519, 94.3157, 0, 0, 0, 0, 100, 0, 3513),
(188983, 54, -8907.67, 509.135, 93.8416, 0, 0, 0, 0, 100, 0, 3513),
(188983, 55, -8933.21, 488.088, 93.8429, 0, 1000, 0, 0, 100, 0, 3513),
(188983, 56, -8933.21, 488.088, 93.8429, 0, 16000, 0, 0, 100, 0, 3513),
(188983, 57, -8911.65, 505.615, 93.8585, 0, 0, 0, 0, 100, 0, 3513),
(188983, 58, -8925.24, 543.334, 94.268, 0, 1250, 0, 0, 100, 0, 3513),
(188983, 59, -8833.34, 620.843, 93.4683, 0, 0, 0, 0, 100, 0, 3513),
(188983, 60, -8854.67, 660.036, 96.8874, 0, 0, 0, 0, 100, 0, 3513),
(188983, 61, -8838.52, 670.28, 98.0987, 0, 5000, 0, 0, 100, 0, 3513);

DELETE FROM `creature_formations` WHERE `leaderGUID` = 188983;
INSERT INTO `creature_formations` (`leaderGUID`, `memberGUID`, `dist`, `angle`, `groupAI`) VALUES 
(188983, 188983, 0, 0, 2),
(188983, 188990, 3, 30, 2),
(188983, 188986, 3, 60, 2),
(188983, 188988, 3, 90, 2),
(188983, 188987, 3, 330, 2),
(188983, 188985, 3, 300, 2),
(188983, 188989, 3, 270, 2),
(188983, 188984, 3, 360, 2);

UPDATE `creature_template` SET `AIName` = "SmartAI" WHERE `entry` IN (3513, 3512, 3508, 3505, 3511, 3510, 3507, 3509);
DELETE FROM `smart_scripts` WHERE `entryorguid` IN (3513, 3512, 3508, 3505, 3511, 3510, 3507, 3509) AND `source_type` = 0;
DELETE FROM `smart_scripts` WHERE `entryorguid` IN (3513*100, 3513*100+01, 3513*100+02, 3513*100+03, 3513*100+04, 3513*100+05, 3513*100+06) AND `source_type` = 9;
INSERT INTO `smart_scripts` (`entryorguid`, `source_type`, `id`, `link`, `event_type`, `event_phase_mask`, `event_chance`, `event_flags`, `event_param1`, `event_param2`, `event_param3`, `event_param4`, `action_type`, `action_param1`, `action_param2`, `action_param3`, `action_param4`, `action_param5`, `action_param6`, `target_type`, `target_param1`, `target_param2`, `target_param3`, `target_x`, `target_y`, `target_z`, `target_o`, `comment`) VALUES 
(3513, 0, 0, 0, 34, 0, 100, 0, 2, 20, 0, 0, 80, 3513*100, 0, 0, 0, 0, 0, 1, 0, 0, 0, 0, 0, 0, 0, "Miss Danna - On MI 20 P - Start Script (00)"),
(3513, 0, 1, 0, 34, 0, 100, 0, 2, 34, 0, 0, 80, 3513*100+01, 0, 0, 0, 0, 0, 1, 0, 0, 0, 0, 0, 0, 0, "Miss Danna - On MI 34 P - Start Script (01)"),
(3513, 0, 2, 0, 34, 0, 100, 0, 2, 35, 0, 0, 80, 3513*100+02, 0, 0, 0, 0, 0, 1, 0, 0, 0, 0, 0, 0, 0, "Miss Danna - On MI 35 P - Start Script (02)"),
(3513, 0, 3, 0, 34, 0, 100, 0, 2, 37, 0, 0, 80, 3513*100+03, 0, 0, 0, 0, 0, 1, 0, 0, 0, 0, 0, 0, 0, "Miss Danna - On MI 37 P - Start Script (03)"),
(3513, 0, 4, 0, 34, 0, 100, 0, 2, 51, 0, 0, 80, 3513*100+04, 0, 0, 0, 0, 0, 1, 0, 0, 0, 0, 0, 0, 0, "Miss Danna - On MI 51 P - Start Script (04)"),
(3513, 0, 5, 0, 34, 0, 100, 0, 2, 52, 0, 0, 80, 3513*100+05, 0, 0, 0, 0, 0, 1, 0, 0, 0, 0, 0, 0, 0, "Miss Danna - On MI 52 P - Start Script (05)"),
(3513, 0, 6, 0, 34, 0, 100, 0, 2, 54, 0, 0, 80, 3513*100+06, 0, 0, 0, 0, 0, 1, 0, 0, 0, 0, 0, 0, 0, "Miss Danna - On MI 54 P - Start Script (06)"),

(3512, 0, 0, 0, 38, 0, 100, 0, 1, 1, 0, 0, 66, 0, 0, 0, 0, 0, 0, 8, 0, 0, 0, 0, 0, 0, 0.658629, "Jimmy - On Data Set 1 1 - Set Orientation (0.658629)"),
(3512, 0, 1, 0, 38, 0, 100, 0, 2, 2, 0, 0, 66, 0, 0, 0, 0, 0, 0, 8, 0, 0, 0, 0, 0, 0, 5.378945, "Jimmy - On Data Set 2 2 - Set Orientation (5.378945)"),
(3512, 0, 2, 0, 38, 0, 100, 0, 3, 3, 0, 0, 66, 0, 0, 0, 0, 0, 0, 8, 0, 0, 0, 0, 0, 0, 3.849771, "Jimmy - On Data Set 3 3 - Set Orientation (3.849771)"),

(3508, 0, 0, 0, 38, 0, 100, 0, 1, 1, 0, 0, 66, 0, 0, 0, 0, 0, 0, 8, 0, 0, 0, 0, 0, 0, 0.658629, "Mikey - On Data Set 1 1 - Set Orientation (0.658629)"),
(3508, 0, 1, 0, 38, 0, 100, 0, 2, 2, 0, 0, 66, 0, 0, 0, 0, 0, 0, 8, 0, 0, 0, 0, 0, 0, 5.378945, "Mikey - On Data Set 2 2 - Set Orientation (5.378945)"),
(3508, 0, 2, 0, 38, 0, 100, 0, 3, 3, 0, 0, 66, 0, 0, 0, 0, 0, 0, 8, 0, 0, 0, 0, 0, 0, 3.849771, "Mikey - On Data Set 3 3 - Set Orientation (3.849771)"),

(3505, 0, 0, 0, 38, 0, 100, 0, 1, 1, 0, 0, 66, 0, 0, 0, 0, 0, 0, 8, 0, 0, 0, 0, 0, 0, 0.658629, "Pat - On Data Set 1 1 - Set Orientation (0.658629)"),
(3505, 0, 1, 0, 38, 0, 100, 0, 2, 2, 0, 0, 66, 0, 0, 0, 0, 0, 0, 8, 0, 0, 0, 0, 0, 0, 5.378945, "Pat - On Data Set 2 2 - Set Orientation (5.378945)"),
(3505, 0, 2, 0, 38, 0, 100, 0, 3, 3, 0, 0, 66, 0, 0, 0, 0, 0, 0, 8, 0, 0, 0, 0, 0, 0, 3.849771, "Pat - On Data Set 3 3 - Set Orientation (3.849771)"),

(3511, 0, 0, 0, 38, 0, 100, 0, 1, 1, 0, 0, 66, 0, 0, 0, 0, 0, 0, 8, 0, 0, 0, 0, 0, 0, 0.658629, "Steven - On Data Set 1 1 - Set Orientation (0.658629)"),
(3511, 0, 1, 0, 38, 0, 100, 0, 2, 2, 0, 0, 66, 0, 0, 0, 0, 0, 0, 8, 0, 0, 0, 0, 0, 0, 5.378945, "Steven - On Data Set 2 2 - Set Orientation (5.378945)"),
(3511, 0, 2, 0, 38, 0, 100, 0, 3, 3, 0, 0, 66, 0, 0, 0, 0, 0, 0, 8, 0, 0, 0, 0, 0, 0, 3.849771, "Steven - On Data Set 3 3 - Set Orientation (3.849771)"),

(3510, 0, 0, 0, 38, 0, 100, 0, 1, 1, 0, 0, 66, 0, 0, 0, 0, 0, 0, 8, 0, 0, 0, 0, 0, 0, 0.658629, "Twain - On Data Set 1 1 - Set Orientation (0.658629)"),
(3510, 0, 1, 0, 38, 0, 100, 0, 2, 2, 0, 0, 66, 0, 0, 0, 0, 0, 0, 8, 0, 0, 0, 0, 0, 0, 5.378945, "Twain - On Data Set 2 2 - Set Orientation (5.378945)"),
(3510, 0, 2, 0, 38, 0, 100, 0, 3, 3, 0, 0, 66, 0, 0, 0, 0, 0, 0, 8, 0, 0, 0, 0, 0, 0, 3.849771, "Twain - On Data Set 3 3 - Set Orientation (3.849771)"),

(3507, 0, 0, 0, 38, 0, 100, 0, 1, 1, 0, 0, 66, 0, 0, 0, 0, 0, 0, 8, 0, 0, 0, 0, 0, 0, 0.658629, "Andi - On Data Set 1 1 - Set Orientation (0.658629)"),
(3507, 0, 1, 0, 38, 0, 100, 0, 2, 2, 0, 0, 66, 0, 0, 0, 0, 0, 0, 8, 0, 0, 0, 0, 0, 0, 5.378945, "Andi - On Data Set 2 2 - Set Orientation (5.378945)"),
(3507, 0, 2, 0, 38, 0, 100, 0, 3, 3, 0, 0, 66, 0, 0, 0, 0, 0, 0, 8, 0, 0, 0, 0, 0, 0, 3.849771, "Andi - On Data Set 3 3 - Set Orientation (3.849771)"),

(3509, 0, 0, 0, 38, 0, 100, 0, 1, 1, 0, 0, 66, 0, 0, 0, 0, 0, 0, 8, 0, 0, 0, 0, 0, 0, 0.658629, "Geoff - On Data Set 1 1 - Set Orientation (0.658629)"),
(3509, 0, 1, 0, 38, 0, 100, 0, 2, 2, 0, 0, 66, 0, 0, 0, 0, 0, 0, 8, 0, 0, 0, 0, 0, 0, 5.378945, "Geoff - On Data Set 2 2 - Set Orientation (5.378945)"),
(3509, 0, 2, 0, 38, 0, 100, 0, 3, 3, 0, 0, 66, 0, 0, 0, 0, 0, 0, 8, 0, 0, 0, 0, 0, 0, 3.849771, "Geoff - On Data Set 3 3 - Set Orientation (3.849771)"),

(3513*100, 9, 0, 0, 0, 0, 100, 0, 1000, 1000, 0, 0, 66, 0, 0, 0, 0, 0, 0, 8, 0, 0, 0, 0, 0, 0, 0.658629, "Miss Danna - On Script - Set Orientation (0.658629)"),
(3513*100, 9, 1, 0, 0, 0, 100, 0, 500, 500, 0, 0, 45, 1, 1, 0, 0, 0, 0, 19, 3512, 25, 0, 0, 0, 0, 0, "Miss Danna - On Script - Set Data 1 1 (Creature ID: 3512, 25 Yards)"),
(3513*100, 9, 2, 0, 0, 0, 100, 0, 0, 0, 0, 0, 45, 1, 1, 0, 0, 0, 0, 19, 3508, 25, 0, 0, 0, 0, 0, "Miss Danna - On Script - Set Data 1 1 (Creature ID: 3508, 25 Yards)"),
(3513*100, 9, 3, 0, 0, 0, 100, 0, 500, 500, 0, 0, 45, 1, 1, 0, 0, 0, 0, 19, 3505, 25, 0, 0, 0, 0, 0, "Miss Danna - On Script - Set Data 1 1 (Creature ID: 3505, 25 Yards)"),
(3513*100, 9, 4, 0, 0, 0, 100, 0, 0, 0, 0, 0, 45, 1, 1, 0, 0, 0, 0, 19, 3511, 25, 0, 0, 0, 0, 0, "Miss Danna - On Script - Set Data 1 1 (Creature ID: 3511, 25 Yards)"),
(3513*100, 9, 5, 0, 0, 0, 100, 0, 0, 0, 0, 0, 45, 1, 1, 0, 0, 0, 0, 19, 3510, 25, 0, 0, 0, 0, 0, "Miss Danna - On Script - Set Data 1 1 (Creature ID: 3510, 25 Yards)"),
(3513*100, 9, 6, 0, 0, 0, 100, 0, 500, 500, 0, 0, 45, 1, 1, 0, 0, 0, 0, 19, 3507, 25, 0, 0, 0, 0, 0, "Miss Danna - On Script - Set Data 1 1 (Creature ID: 3507, 25 Yards)"),
(3513*100, 9, 7, 0, 0, 0, 100, 0, 100, 100, 0, 0, 45, 1, 1, 0, 0, 0, 0, 19, 3509, 25, 0, 0, 0, 0, 0, "Miss Danna - On Script - Set Data 1 1 (Creature ID: 3509, 25 Yards)"),
(3513*100, 9, 8, 0, 0, 0, 100, 0, 1500, 1500, 0, 0, 1, 0, 0, 0, 0, 0, 0, 1, 0, 0, 0, 0, 0, 0, 0, "Miss Danna - On Script - Say Text Line 0"),
(3513*100, 9, 9, 0, 0, 0, 100, 0, 2000, 2000, 0, 0, 5, 1, 0, 0, 0, 0, 0, 1, 0, 0, 0, 0, 0, 0, 0, "Miss Danna - On Script - Play Emote (1)"),
(3513*100, 9, 10, 0, 0, 0, 100, 0, 3000, 3000, 0, 0, 1, 0, 0, 0, 0, 0, 0, 19, 3512, 25, 0, 0, 0, 0, 0, "Miss Danna - On Script - Say Text Line 0 (Creature ID: 3512, 25 Yards)"),
(3513*100, 9, 11, 0, 0, 0, 100, 0, 3500, 3500, 0, 0, 1, 1, 0, 0, 0, 0, 0, 1, 0, 0, 0, 0, 0, 0, 0, "Miss Danna - On Script - Say Text Line 1"),
(3513*100, 9, 12, 0, 0, 0, 100, 0, 5000, 5000, 0, 0, 1, 2, 0, 0, 0, 0, 0, 1, 0, 0, 0, 0, 0, 0, 0, "Miss Danna - On Script - Say Text Line 2"),

(3513*100+01, 9, 0, 0, 0, 0, 100, 0, 0, 0, 0, 0, 1, 3, 0, 0, 0, 0, 0, 1, 0, 0, 0, 0, 0, 0, 0, "Miss Danna - On Script - Say Text Line 3"),
(3513*100+01, 9, 1, 0, 0, 0, 100, 0, 200, 200, 0, 0, 5, 1, 0, 0, 0, 0, 0, 1, 0, 0, 0, 0, 0, 0, 0, "Miss Danna - On Script - Play Emote (1)"),

(3513*100+02, 9, 0, 0, 0, 0, 100, 0, 0, 0, 0, 0, 1, 4, 0, 0, 0, 0, 0, 1, 0, 0, 0, 0, 0, 0, 0, "Miss Danna - On Script - Say Text Line 4"),
(3513*100+02, 9, 1, 0, 0, 0, 100, 0, 200, 200, 0, 0, 5, 1, 0, 0, 0, 0, 0, 1, 0, 0, 0, 0, 0, 0, 0, "Miss Danna - On Script - Play Emote (1)"),

(3513*100+03, 9, 0, 0, 0, 0, 100, 0, 1500, 1500, 0, 0, 66, 0, 0, 0, 0, 0, 0, 8, 0, 0, 0, 0, 0, 0, 5.378945, "Miss Danna - On Script - Set Orientation (5.378945)"),
(3513*100+03, 9, 1, 0, 0, 0, 100, 0, 0, 0, 0, 0, 5, 1, 0, 0, 0, 0, 0, 1, 0, 0, 0, 0, 0, 0, 0, "Miss Danna - On Script - Play Emote (1)"),
(3513*100+03, 9, 2, 0, 0, 0, 100, 0, 500, 500, 0, 0, 45, 2, 2, 0, 0, 0, 0, 19, 3512, 25, 0, 0, 0, 0, 0, "Miss Danna - On Script - Set Data 2 2 (Creature ID: 3512, 25 Yards)"),
(3513*100+03, 9, 3, 0, 0, 0, 100, 0, 0, 0, 0, 0, 45, 2, 2, 0, 0, 0, 0, 19, 3508, 25, 0, 0, 0, 0, 0, "Miss Danna - On Script - Set Data 2 2 (Creature ID: 3508, 25 Yards)"),
(3513*100+03, 9, 4, 0, 0, 0, 100, 0, 500, 500, 0, 0, 45, 2, 2, 0, 0, 0, 0, 19, 3505, 25, 0, 0, 0, 0, 0, "Miss Danna - On Script - Set Data 2 2 (Creature ID: 3505, 25 Yards)"),
(3513*100+03, 9, 5, 0, 0, 0, 100, 0, 0, 0, 0, 0, 45, 2, 2, 0, 0, 0, 0, 19, 3511, 25, 0, 0, 0, 0, 0, "Miss Danna - On Script - Set Data 2 2 (Creature ID: 3511, 25 Yards)"),
(3513*100+03, 9, 6, 0, 0, 0, 100, 0, 0, 0, 0, 0, 45, 2, 2, 0, 0, 0, 0, 19, 3510, 25, 0, 0, 0, 0, 0, "Miss Danna - On Script - Set Data 2 2 (Creature ID: 3510, 25 Yards)"),
(3513*100+03, 9, 7, 0, 0, 0, 100, 0, 500, 500, 0, 0, 45, 2, 2, 0, 0, 0, 0, 19, 3507, 25, 0, 0, 0, 0, 0, "Miss Danna - On Script - Set Data 2 2 (Creature ID: 3507, 25 Yards)"),
(3513*100+03, 9, 8, 0, 0, 0, 100, 0, 100, 100, 0, 0, 45, 2, 2, 0, 0, 0, 0, 19, 3509, 25, 0, 0, 0, 0, 0, "Miss Danna - On Script - Set Data 2 2 (Creature ID: 3509, 25 Yards)"),
(3513*100+03, 9, 9, 0, 0, 0, 100, 0, 2000, 2000, 0, 0, 1, 0, 0, 0, 0, 0, 0, 19, 3511, 25, 0, 0, 0, 0, 0, "Miss Danna - On Script - Say Text Line 0 (Creature ID: 3511, 25 Yards)"),
(3513*100+03, 9, 10, 0, 0, 0, 100, 0, 3500, 3500, 0, 0, 1, 5, 0, 0, 0, 0, 0, 1, 0, 0, 0, 0, 0, 0, 0, "Miss Danna - On Script - Say Text Line 5"),
(3513*100+03, 9, 11, 0, 0, 0, 100, 0, 2000, 2000, 0, 0, 5, 1, 0, 0, 0, 0, 0, 1, 0, 0, 0, 0, 0, 0, 0, "Miss Danna - On Script - Play Emote (1)"),

(3513*100+04, 9, 0, 0, 0, 0, 100, 0, 4000, 4000, 0, 0, 1, 6, 0, 0, 0, 0, 0, 1, 0, 0, 0, 0, 0, 0, 0, "Miss Danna - On Script - Say Text Line 6"),
(3513*100+04, 9, 1, 0, 0, 0, 100, 0, 200, 200, 0, 0, 5, 1, 0, 0, 0, 0, 0, 1, 0, 0, 0, 0, 0, 0, 0, "Miss Danna - On Script - Play Emote (1)"),

(3513*100+05, 9, 0, 0, 0, 0, 100, 0, 2000, 2000, 0, 0, 1, 7, 0, 0, 0, 0, 0, 1, 0, 0, 0, 0, 0, 0, 0, "Miss Danna - On Script - Say Text Line 7"),
(3513*100+05, 9, 1, 0, 0, 0, 100, 0, 200, 200, 0, 0, 5, 1, 0, 0, 0, 0, 0, 1, 0, 0, 0, 0, 0, 0, 0, "Miss Danna - On Script - Play Emote (1)"),

(3513*100+06, 9, 0, 0, 0, 0, 100, 0, 1500, 1500, 0, 0, 66, 0, 0, 0, 0, 0, 0, 8, 0, 0, 0, 0, 0, 0, 3.849771, "Miss Danna - On Script - Set Orientation (3.849771)"),
(3513*100+06, 9, 1, 0, 0, 0, 100, 0, 500, 500, 0, 0, 45, 3, 3, 0, 0, 0, 0, 19, 3512, 25, 0, 0, 0, 0, 0, "Miss Danna - On Script - Set Data 3 3 (Creature ID: 3512, 25 Yards)"),
(3513*100+06, 9, 2, 0, 0, 0, 100, 0, 0, 0, 0, 0, 45, 3, 3, 0, 0, 0, 0, 19, 3508, 25, 0, 0, 0, 0, 0, "Miss Danna - On Script - Set Data 3 3 (Creature ID: 3508, 25 Yards)"),
(3513*100+06, 9, 3, 0, 0, 0, 100, 0, 500, 500, 0, 0, 45, 3, 3, 0, 0, 0, 0, 19, 3505, 25, 0, 0, 0, 0, 0, "Miss Danna - On Script - Set Data 3 3 (Creature ID: 3505, 25 Yards)"),
(3513*100+06, 9, 4, 0, 0, 0, 100, 0, 0, 0, 0, 0, 45, 3, 3, 0, 0, 0, 0, 19, 3511, 25, 0, 0, 0, 0, 0, "Miss Danna - On Script - Set Data 3 3 (Creature ID: 3511, 25 Yards)"),
(3513*100+06, 9, 5, 0, 0, 0, 100, 0, 0, 0, 0, 0, 45, 3, 3, 0, 0, 0, 0, 19, 3510, 25, 0, 0, 0, 0, 0, "Miss Danna - On Script - Set Data 3 3 (Creature ID: 3510, 25 Yards)"),
(3513*100+06, 9, 6, 0, 0, 0, 100, 0, 500, 500, 0, 0, 45, 3, 3, 0, 0, 0, 0, 19, 3507, 25, 0, 0, 0, 0, 0, "Miss Danna - On Script - Set Data 3 3 (Creature ID: 3507, 25 Yards)"),
(3513*100+06, 9, 7, 0, 0, 0, 100, 0, 100, 100, 0, 0, 45, 3, 3, 0, 0, 0, 0, 19, 3509, 25, 0, 0, 0, 0, 0, "Miss Danna - On Script - Set Data 3 3 (Creature ID: 3509, 25 Yards)"),
(3513*100+06, 9, 8, 0, 0, 0, 100, 0, 2500, 2500, 0, 0, 1, 8, 0, 0, 0, 0, 0, 1, 0, 0, 0, 0, 0, 0, 0, "Miss Danna - On Script - Say Text Line 8"),
(3513*100+06, 9, 9, 0, 0, 0, 100, 0, 2000, 2000, 0, 0, 5, 1, 0, 0, 0, 0, 0, 1, 0, 0, 0, 0, 0, 0, 0, "Miss Danna - On Script - Play Emote (1)"),
(3513*100+06, 9, 10, 0, 0, 0, 100, 0, 2000, 2000, 0, 0, 5, 1, 0, 0, 0, 0, 0, 1, 0, 0, 0, 0, 0, 0, 0, "Miss Danna - On Script - Play Emote (1)");

DELETE FROM `creature_text` WHERE `entry` IN (3513, 3512, 3511);
INSERT INTO `creature_text` (`entry`, `text_group`, `id`, `text`, `text_female`, `type`, `language`, `probability`, `emote`, `duration`, `sound`, `comment`) VALUES
(3513, 0, 0, "", "Here we have the Cathedral of Light, the center of spiritual enlightenment here in Stormwind.", 12, 7, 100, 1, 0, 0, "Miss Danna"),
(3513, 1, 0, "", "Yes, that is true. Paladins and Priests alike train their skills and research great truths behind the walls of the Cathedral.", 12, 7, 100, 1, 0, 0, "Miss Danna"),
(3513, 2, 0, "", "Children if you would please follow me, we will now be going to see the keep where King Anduin Wrynn himself sits on his throne.", 12, 7, 100, 1, 0, 0, "Miss Danna"),
(3513, 3, 0, "", "Here we have Stormwind Keep. Built upon the ruins of Stormwind Castle, which was destroyed by the Horde in the first Great War.", 12, 7, 100, 0, 0, 0, "Miss Danna"),
(3513, 4, 0, "", "When the Horde was shattered, men returned here and began to rebuild the once great city as a testament to our own survival.", 12, 7, 100, 0, 0, 0, "Miss Danna"),
(3513, 5, 0, "", "Yes, well...let's head on to the monument dedicated to the heroes of the two Great Wars, the Valley of Heroes. Follow Me.", 12, 7, 100, 1, 0, 0, "Miss Danna"),
(3513, 6, 0, "", "Isn't it amazing, children? All who enter the city must walk beneath the watchful eyes of the greatest heroes of our lands.", 12, 7, 100, 0, 0, 0, "Miss Danna"),
(3513, 7, 0, "", "Breathtaking. Children, when we return to the school, you will each give an oral report on one of these legendary people.", 12, 7, 100, 0, 0, 0, "Miss Danna"),
(3513, 8, 0, "", "Now, take another long look before we make our way to the Holy District and the great Cathedral of Light.", 12, 7, 100, 1, 0, 0, "Miss Danna"),

(3512, 0, 0, "Is it true that the paladins train here?", "", 12, 7, 100, 1, 0, 0, "Jimmy"),

(3511, 0, 0, "Why do we have to learn this stuff anyway?", "", 12, 7, 100, 1, 0, 0, "Steven");

-- David Gregory & Judy Gregory
UPDATE `creature` SET `position_x` = -8544.67, `position_y` = 775.894, `position_z` = 99.7618, `orientation` = 3.51879, `wander_distance` = 0, `movement_type` = 2 WHERE `guid` = 189246 AND `id` = 50434;
UPDATE `creature` SET `position_x` = -8543.93, `position_y` = 774.035, `position_z` = 99.589, `orientation` = 3.51923, `wander_distance` = 0, `movement_type` = 0 WHERE `guid` = 189247 AND `id` = 50435;

DELETE FROM `creature_template_addon` WHERE `entry` IN (50434, 50435);
DELETE FROM `creature_addon` WHERE `guid` IN (189246, 189247);
INSERT INTO `creature_addon` (`guid`, `path_id`, `bytes2`) VALUES
(189246, 189246, 0);

DELETE FROM `waypoint_data` WHERE `id` IN (189246, 189247);
INSERT INTO `waypoint_data` (`id`, `point`, `position_x`, `position_y`, `position_z`, `orientation`, `delay`, `move_flag`, `action`, `action_chance`, `wpguid`, `entry`) VALUES
(189246, 1, -8544.67, 775.894, 99.7618, 0, 0, 0, 0, 100, 0, 50434),
(189246, 2, -8555.47, 766.276, 99.4499, 0, 0, 0, 0, 100, 0, 50434),
(189246, 3, -8563.45, 760.58, 98.3094, 0, 0, 0, 0, 100, 0, 50434),
(189246, 4, -8576.56, 756.899, 96.9202, 0, 0, 0, 0, 100, 0, 50434),
(189246, 5, -8586.33, 757.055, 96.9048, 0, 0, 0, 0, 100, 0, 50434),
(189246, 6, -8599.66, 759.264, 96.9587, 0, 0, 0, 0, 100, 0, 50434),
(189246, 7, -8608.79, 763.529, 97.0782, 0, 0, 0, 0, 100, 0, 50434),
(189246, 8, -8621.74, 773.229, 96.8892, 0, 0, 0, 0, 100, 0, 50434),
(189246, 9, -8632.16, 789.311, 96.9361, 0, 0, 0, 0, 100, 0, 50434),
(189246, 10, -8632.65, 803.88, 96.8144, 0, 0, 0, 0, 100, 0, 50434),
(189246, 11, -8630.54, 817.948, 96.8144, 0, 0, 0, 0, 100, 0, 50434),
(189246, 12, -8626.05, 825.366, 96.8144, 0, 0, 0, 0, 100, 0, 50434),
(189246, 13, -8615.68, 836.285, 96.9278, 0, 0, 0, 0, 100, 0, 50434),
(189246, 14, -8608.08, 843.585, 96.839, 0, 0, 0, 0, 100, 0, 50434),
(189246, 15, -8597.95, 851.04, 96.9703, 0, 0, 0, 0, 100, 0, 50434),
(189246, 16, -8578.88, 859.879, 98.3453, 0, 0, 0, 0, 100, 0, 50434),
(189246, 17, -8570.92, 870.43, 99.5973, 0, 0, 0, 0, 100, 0, 50434),
(189246, 18, -8567.07, 881.684, 100.271, 0, 0, 0, 0, 100, 0, 50434),
(189246, 19, -8562.34, 890.389, 100.907, 0, 0, 0, 0, 100, 0, 50434),
(189246, 20, -8547.27, 904.554, 100.024, 0, 0, 0, 0, 100, 0, 50434),
(189246, 21, -8536.13, 897.627, 100.875, 0, 0, 0, 0, 100, 0, 50434),
(189246, 22, -8522.63, 890.507, 99.5277, 0, 0, 0, 0, 100, 0, 50434),
(189246, 23, -8513.11, 883.047, 105.252, 0, 0, 0, 0, 100, 0, 50434),
(189246, 24, -8497.92, 870.833, 105.676, 0, 0, 0, 0, 100, 0, 50434),
(189246, 25, -8490.21, 868.465, 105.801, 0, 0, 0, 0, 100, 0, 50434),
(189246, 26, -8485.75, 871.248, 105.813, 0, 0, 0, 0, 100, 0, 50434),
(189246, 27, -8481.06, 880.221, 105.176, 0, 0, 0, 0, 100, 0, 50434),
(189246, 28, -8479.63, 885.578, 104.708, 0, 0, 0, 0, 100, 0, 50434),
(189246, 29, -8475, 901.041, 98.832, 0, 0, 0, 0, 100, 0, 50434),
(189246, 30, -8475, 901.041, 98.832, 0, 0, 0, 0, 100, 0, 50434),
(189246, 31, -8468.75, 902.084, 99.082, 0, 0, 0, 0, 100, 0, 50434),
(189246, 32, -8461.7, 905.547, 99.102, 0, 0, 0, 0, 100, 0, 50434),
(189246, 33, -8455.86, 909.486, 99.227, 0, 0, 0, 0, 100, 0, 50434),
(189246, 34, -8451.02, 912.877, 99.352, 0, 0, 0, 0, 100, 0, 50434),
(189246, 35, -8444.8, 916.823, 99.352, 0, 0, 0, 0, 100, 0, 50434),
(189246, 36, -8431.74, 925.54, 98.9039, 0, 0, 0, 0, 100, 0, 50434),
(189246, 37, -8420.29, 933.911, 98.7012, 0, 0, 0, 0, 100, 0, 50434),
(189246, 38, -8412.25, 939.055, 98.208, 0, 0, 0, 0, 100, 0, 50434),
(189246, 39, -8401.16, 944.993, 97.708, 0, 0, 0, 0, 100, 0, 50434),
(189246, 40, -8392.38, 949.01, 97.1255, 0, 0, 0, 0, 100, 0, 50434),
(189246, 41, -8382.03, 949.424, 96.8194, 0, 0, 0, 0, 100, 0, 50434),
(189246, 42, -8367.85, 944.26, 96.6956, 0, 0, 0, 0, 100, 0, 50434),
(189246, 43, -8348.87, 935.781, 96.8455, 0, 0, 0, 0, 100, 0, 50434),
(189246, 44, -8329.94, 926.102, 97.1362, 0, 0, 0, 0, 100, 0, 50434),
(189246, 45, -8318.21, 919.797, 97.5112, 0, 0, 0, 0, 100, 0, 50434),
(189246, 46, -8310.37, 916.191, 97.7612, 0, 0, 0, 0, 100, 0, 50434),
(189246, 47, -8303.65, 916.377, 97.8862, 0, 0, 0, 0, 100, 0, 50434),
(189246, 48, -8297.5, 920.516, 97.6655, 0, 0, 0, 0, 100, 0, 50434),
(189246, 49, -8292.05, 921.293, 97.6899, 0, 0, 0, 0, 100, 0, 50434),
(189246, 50, -8281.79, 919.714, 97.6899, 0, 0, 0, 0, 100, 0, 50434),
(189246, 51, -8271.52, 917.531, 97.5649, 0, 0, 0, 0, 100, 0, 50434),
(189246, 52, -8257.81, 915.587, 97.732, 0, 0, 0, 0, 100, 0, 50434),
(189246, 53, -8247.55, 914.667, 98.607, 0, 0, 0, 0, 100, 0, 50434),
(189246, 54, -8241.21, 914.052, 98.607, 0, 0, 0, 0, 100, 0, 50434),
(189246, 55, -8254.43, 915.471, 98.0128, 0, 0, 0, 0, 100, 0, 50434),
(189246, 56, -8266.27, 916.189, 97.607, 0, 0, 0, 0, 100, 0, 50434),
(189246, 57, -8272.39, 917.689, 97.6297, 0, 0, 0, 0, 100, 0, 50434),
(189246, 58, -8280.63, 919.394, 97.6899, 0, 0, 0, 0, 100, 0, 50434),
(189246, 59, -8291.68, 921.561, 97.6899, 0, 0, 0, 0, 100, 0, 50434),
(189246, 60, -8297.65, 920.677, 97.6462, 0, 0, 0, 0, 100, 0, 50434),
(189246, 61, -8303.22, 916.398, 97.8862, 0, 0, 0, 0, 100, 0, 50434),
(189246, 62, -8307.36, 913.986, 97.8953, 0, 0, 0, 0, 100, 0, 50434),
(189246, 63, -8317.73, 919.54, 97.5112, 0, 0, 0, 0, 100, 0, 50434),
(189246, 64, -8328.94, 926.222, 97.1362, 0, 0, 0, 0, 100, 0, 50434),
(189246, 65, -8348.77, 936.21, 96.8455, 0, 0, 0, 0, 100, 0, 50434),
(189246, 66, -8365.41, 943.299, 96.7205, 0, 0, 0, 0, 100, 0, 50434),
(189246, 67, -8378.08, 947.872, 96.8194, 0, 0, 0, 0, 100, 0, 50434),
(189246, 68, -8386.21, 949.833, 97.1026, 0, 0, 0, 0, 100, 0, 50434),
(189246, 69, -8394.25, 948.745, 97.2825, 0, 0, 0, 0, 100, 0, 50434),
(189246, 70, -8404.11, 944.339, 97.6998, 0, 0, 0, 0, 100, 0, 50434),
(189246, 71, -8417.98, 935.988, 98.458, 0, 0, 0, 0, 100, 0, 50434),
(189246, 72, -8432.28, 925.333, 98.9039, 0, 0, 0, 0, 100, 0, 50434),
(189246, 73, -8444.55, 917.429, 99.352, 0, 0, 0, 0, 100, 0, 50434),
(189246, 74, -8453.09, 911.132, 99.27, 0, 0, 0, 0, 100, 0, 50434),
(189246, 75, -8463.21, 905.332, 99.102, 0, 0, 0, 0, 100, 0, 50434),
(189246, 76, -8474.63, 901.512, 98.8193, 0, 0, 0, 0, 100, 0, 50434),
(189246, 77, -8475.94, 898.074, 98.8782, 0, 0, 0, 0, 100, 0, 50434),
(189246, 78, -8479.11, 887.128, 104.27, 0, 0, 0, 0, 100, 0, 50434),
(189246, 79, -8479.55, 886.071, 104.708, 0, 0, 0, 0, 100, 0, 50434),
(189246, 80, -8482.74, 876.122, 105.479, 0, 0, 0, 0, 100, 0, 50434),
(189246, 81, -8484.3, 866.83, 105.801, 0, 0, 0, 0, 100, 0, 50434),
(189246, 82, -8484.47, 854.233, 105.857, 0, 0, 0, 0, 100, 0, 50434),
(189246, 83, -8484.31, 839.887, 105.857, 0, 0, 0, 0, 100, 0, 50434),
(189246, 84, -8482.1, 829.448, 105.824, 0, 0, 0, 0, 100, 0, 50434),
(189246, 85, -8480.21, 823.417, 106.012, 0, 0, 0, 0, 100, 0, 50434),
(189246, 86, -8479.17, 807.222, 106.449, 0, 0, 0, 0, 100, 0, 50434),
(189246, 87, -8480.85, 797.868, 106.417, 0, 0, 0, 0, 100, 0, 50434),
(189246, 88, -8488.14, 793.318, 105.917, 0, 0, 0, 0, 100, 0, 50434),
(189246, 89, -8495.46, 789.462, 105.465, 0, 0, 0, 0, 100, 0, 50434),
(189246, 90, -8503.87, 785.646, 104.096, 0, 0, 0, 0, 100, 0, 50434),
(189246, 91, -8521.27, 780.691, 99.6851, 0, 0, 0, 0, 100, 0, 50434),
(189246, 92, -8531.86, 780.976, 99.0889, 0, 0, 0, 0, 100, 0, 50434);

DELETE FROM `creature_formations` WHERE `leaderGUID` = 189246;
INSERT INTO `creature_formations` (`leaderGUID`, `memberGUID`, `dist`, `angle`, `groupAI`) VALUES
(189246, 189246, 0, 0, 2),
(189246, 189247, 2, 270, 2);

-- Craggle Wobbletop
UPDATE `creature_template` SET `VehicleId` = 1597 WHERE `entry` = 52358;
UPDATE `creature_template` SET `VehicleId` = 1595 WHERE `entry` = 52359;
UPDATE `creature` SET `position_x` = -8742.11, `position_y` = 565.326, `position_z` = 97.4465, `orientation` = 3.93523, `wander_distance` = 0, `movement_type` = 2 WHERE `guid` = 301888 AND `id` = 52358;

DELETE FROM `creature_template_addon` WHERE `entry` = 52358;
DELETE FROM `creature_addon` WHERE `guid` = 301888;
INSERT INTO `creature_addon` (`guid`, `path_id`, `emote`) VALUES
(301888, 301888, 379);

DELETE FROM `waypoint_data` WHERE `id` = 301888;
INSERT INTO `waypoint_data` (`id`, `point`, `position_x`, `position_y`, `position_z`, `orientation`, `delay`, `move_flag`, `action`, `action_chance`, `wpguid`, `entry`) VALUES
(301888, 1, -8742.11, 565.326, 97.4465, 0, 0, 0, 0, 100, 0, 52358),
(301888, 2, -8724.28, 581.938, 98.0096, 0, 0, 0, 0, 100, 0, 52358),
(301888, 3, -8706.55, 599.998, 99.2008, 0, 0, 0, 0, 100, 0, 52358),
(301888, 4, -8701.12, 615.582, 99.9045, 0, 0, 0, 0, 100, 0, 52358),
(301888, 5, -8702.06, 636.189, 100.263, 0, 0, 0, 0, 100, 0, 52358),
(301888, 6, -8706.83, 653.502, 99.8812, 0, 0, 0, 0, 100, 0, 52358),
(301888, 7, -8716.93, 673.677, 98.9862, 0, 0, 0, 0, 100, 0, 52358),
(301888, 8, -8731.68, 694.602, 99.026, 0, 0, 0, 0, 100, 0, 52358),
(301888, 9, -8744.11, 710.651, 98.6385, 0, 0, 0, 0, 100, 0, 52358),
(301888, 10, -8756.38, 726.195, 98.4693, 0, 0, 0, 0, 100, 0, 52358),
(301888, 11, -8772.68, 740.035, 99.5238, 0, 0, 0, 0, 100, 0, 52358),
(301888, 12, -8784.97, 744.403, 99.008, 0, 0, 0, 0, 100, 0, 52358),
(301888, 13, -8806.59, 741.773, 97.7635, 0, 0, 0, 0, 100, 0, 52358),
(301888, 14, -8831.72, 728.413, 98.3643, 0, 0, 0, 0, 100, 0, 52358),
(301888, 15, -8850.83, 719.234, 97.5135, 0, 0, 0, 0, 100, 0, 52358),
(301888, 16, -8874.03, 709.74, 97.9275, 0, 0, 0, 0, 100, 0, 52358),
(301888, 17, -8888.76, 701.622, 98.5337, 0, 0, 0, 0, 100, 0, 52358),
(301888, 18, -8897.93, 696.422, 98.9529, 0, 0, 0, 0, 100, 0, 52358),
(301888, 19, -8888.76, 701.622, 98.5337, 0, 0, 0, 0, 100, 0, 52358),
(301888, 20, -8874.03, 709.74, 97.9275, 0, 0, 0, 0, 100, 0, 52358),
(301888, 21, -8850.83, 719.234, 97.5135, 0, 0, 0, 0, 100, 0, 52358),
(301888, 22, -8831.72, 728.413, 98.3643, 0, 0, 0, 0, 100, 0, 52358),
(301888, 23, -8806.59, 741.773, 97.7635, 0, 0, 0, 0, 100, 0, 52358),
(301888, 24, -8784.97, 744.403, 99.008, 0, 0, 0, 0, 100, 0, 52358),
(301888, 25, -8772.68, 740.035, 99.5238, 0, 0, 0, 0, 100, 0, 52358),
(301888, 26, -8756.38, 726.195, 98.4693, 0, 0, 0, 0, 100, 0, 52358),
(301888, 27, -8744.11, 710.651, 98.6385, 0, 0, 0, 0, 100, 0, 52358),
(301888, 28, -8731.68, 694.602, 99.026, 0, 0, 0, 0, 100, 0, 52358),
(301888, 29, -8716.93, 673.677, 98.9862, 0, 0, 0, 0, 100, 0, 52358),
(301888, 30, -8706.83, 653.502, 99.8812, 0, 0, 0, 0, 100, 0, 52358),
(301888, 31, -8702.06, 636.189, 100.263, 0, 0, 0, 0, 100, 0, 52358),
(301888, 32, -8701.12, 615.582, 99.9045, 0, 0, 0, 0, 100, 0, 52358),
(301888, 33, -8706.55, 599.998, 99.2008, 0, 0, 0, 0, 100, 0, 52358),
(301888, 34, -8724.08, 582.176, 97.8885, 0, 0, 0, 0, 100, 0, 52358);

DELETE FROM `vehicle_template_accessory` WHERE `entry` = 52358 AND `accessory_entry` = 52359;
DELETE FROM `vehicle_template_accessory` WHERE `entry` = 52359 AND `accessory_entry` = 52361;
INSERT INTO `vehicle_template_accessory` (`entry`, `accessory_entry`, `seat_id`, `minion`, `description`, `summontype`, `summontimer`) VALUES
(52358, 52359, 0, 1, "Craggle Wobbletop - Toy Cart", 8, 0),
(52359, 52361, 0, 1, "Toy Cart - Toy Cart Bunny", 8, 0);

DELETE FROM `npc_spellclick_spells` WHERE `npc_entry` IN (52358, 52359);
INSERT INTO `npc_spellclick_spells` (`npc_entry`, `spell_id`, `cast_flags`, `user_type`) VALUES
(52358, 46598, 0, 0),
(52359, 46598, 0, 0);

UPDATE `creature_template` SET `modelid1` = 22769, `modelid2` = 0 WHERE `entry` = 52361;

DELETE FROM `creature` WHERE `guid` IN (301889, 301890);

UPDATE `creature` SET `position_x` = -8824.64, `position_y` = 619.983, `position_z` = 94.4927, `orientation` = 0.959931, `wander_distance` = 0, `movement_type` = 2 WHERE `guid` = 188769 AND `id` = 1976;

DELETE FROM `creature_addon` WHERE `guid` = 188769;
INSERT INTO `creature_addon` (`guid`, `path_id`, `bytes1`, `bytes2`, `auras`) VALUES
(188769, 188769, 0, 257, "");

DELETE FROM `waypoint_data` WHERE `id` = 188769;
INSERT INTO `waypoint_data` (`id`, `point`, `position_x`, `position_y`, `position_z`, `orientation`, `delay`, `move_flag`, `action`, `action_chance`, `wpguid`, `entry`) VALUES
(188769, 1, -8824.64, 619.983, 94.4927, 0, 0, 0, 0, 100, 0, 1976),
(188769, 2, -8825.31, 615.174, 94.8533, 0, 0, 0, 0, 100, 0, 1976),
(188769, 3, -8827.04, 611.305, 94.6672, 0, 0, 0, 0, 100, 0, 1976),
(188769, 4, -8827.04, 611.305, 94.6672, 0.959931, 18000, 0, 0, 100, 0, 1976),
(188769, 5, -8825.54, 619.632, 94.5323, 0, 0, 0, 0, 100, 0, 1976),
(188769, 6, -8826.18, 624.085, 94.3282, 0, 0, 0, 0, 100, 0, 1976),
(188769, 7, -8825.56, 626.854, 94.4532, 0, 0, 0, 0, 100, 0, 1976),
(188769, 8, -8824.12, 628.957, 94.4532, 0, 0, 0, 0, 100, 0, 1976),
(188769, 9, -8824.12, 628.957, 94.4532, 0.767945, 19000, 0, 0, 100, 0, 1976);

DELETE FROM `creature_equip_template` WHERE `entry` = 1976 AND `ID` = 3;
INSERT INTO `creature_equip_template` (`entry`, `id`, `itemEntry1`, `itemEntry2`, `itemEntry3`) VALUES
(1976, 3, 1902, 0, 2551);

UPDATE `creature_template` SET `AIName` = "SmartAI", `ScriptName` = "" WHERE `entry` = 1976;
DELETE FROM `smart_scripts` WHERE `entryorguid` = -188769 AND `source_type` = 0;
DELETE FROM `smart_scripts` WHERE `entryorguid` = 1976*100 AND `source_type` = 9;
INSERT INTO `smart_scripts` (`entryorguid`, `source_type`, `id`, `link`, `event_type`, `event_phase_mask`, `event_chance`, `event_flags`, `event_param1`, `event_param2`, `event_param3`, `event_param4`, `action_type`, `action_param1`, `action_param2`, `action_param3`, `action_param4`, `action_param5`, `action_param6`, `target_type`, `target_param1`, `target_param2`, `target_param3`, `target_x`, `target_y`, `target_z`, `target_o`, `comment`) VALUES 
(-188769, 0, 0, 0, 34, 0, 100, 0, 2, 8, 0, 0, 80, 1976*100, 2, 0, 0, 0, 0, 1, 0, 0, 0, 0, 0, 0, 0, "Stormwind City Patroller - MI 8 Point - Start Script"),

(1976*100, 9, 0, 0, 0, 0, 100, 0, 7000, 7000, 0, 0, 71, 3, 0, 0, 0, 0, 0, 1, 0, 0, 0, 0, 0, 0, 0, "Stormwind City Patroller - On Script - Equip (3)"),
(1976*100, 9, 1, 0, 0, 0, 100, 0, 2000, 2000, 0, 0, 17, 234, 0, 0, 0, 0, 0, 1, 0, 0, 0, 0, 0, 0, 0, "Stormwind City Patroller - On Script - Set Emote State (234)"),
(1976*100, 9, 2, 0, 0, 0, 100, 0, 5000, 5000, 0, 0, 17, 26, 0, 0, 0, 0, 0, 1, 0, 0, 0, 0, 0, 0, 0, "Stormwind City Patroller - On Script - Set Emote State (26)"),
(1976*100, 9, 3, 0, 0, 0, 100, 0, 2000, 2000, 0, 0, 71, 1, 0, 0, 0, 0, 0, 1, 0, 0, 0, 0, 0, 0, 0, "Stormwind City Patroller - On Script - Equip (1)");

-- Donna & William
DELETE FROM `creature` WHERE `guid` IN (188981, 188982);
DELETE FROM `creature_addon` WHERE `guid` IN (188981, 188982);
DELETE FROM `waypoint_data` WHERE `id` IN (188981, 188982);

UPDATE `creature` SET `position_x` = -8731.58, `position_y` = 541.932, `position_z` = 101.111, `orientation` = 0.65767, `wander_distance` = 0, `movement_type` = 2 WHERE `guid` = 53073;
UPDATE `creature` SET `position_x` = -8731.58, `position_y` = 541.932, `position_z` = 101.111, `orientation` = 0.65767, `wander_distance` = 0, `movement_type` = 0 WHERE `guid` = 53074;

DELETE FROM `creature_formations` WHERE `leaderGUID` = 53073;
INSERT INTO `creature_formations` (`leaderGUID`, `memberGUID`, `dist`, `angle`, `groupAI`) VALUES
(53073, 53073, 0, 0, 2),
(53073, 53074, 4, 0, 2);

DELETE FROM `creature_addon` WHERE `guid` IN (53073, 53074);
INSERT INTO `creature_addon` (`guid`, `path_id`) VALUES
(53073, 53073);

DELETE FROM `waypoint_data` WHERE `id` IN (53073, 53074);
INSERT INTO `waypoint_data` (`id`, `point`, `position_x`, `position_y`, `position_z`, `orientation`, `delay`, `move_flag`, `entry`) VALUES
(53073, 1, -8731.58, 541.932, 101.111, 0, 0, 1, 2532),
(53073, 2, -8720.52, 529.999, 99.3708, 0, 0, 1, 2532),
(53073, 3, -8716.57, 522.528, 97.612, 0, 0, 1, 2532),
(53073, 4, -8710.38, 522.662, 97.4771, 0, 0, 1, 2532),
(53073, 5, -8703.03, 528.912, 97.669, 0, 0, 1, 2532),
(53073, 6, -8685.83, 539.951, 97.7841, 0, 0, 1, 2532),
(53073, 7, -8679.19, 551.407, 97.4845, 0, 0, 1, 2532),
(53073, 8, -8663.87, 554.612, 96.8751, 0, 0, 1, 2532),
(53073, 9, -8651.75, 548.373, 96.9836, 0, 0, 1, 2532),
(53073, 10, -8638.92, 537.941, 99.4104, 0, 0, 1, 2532),
(53073, 11, -8629.57, 534.889, 100.717, 0, 0, 1, 2532),
(53073, 12, -8616.79, 517.027, 103.246, 0, 0, 1, 2532),
(53073, 13, -8610.89, 516.332, 103.775, 0, 0, 1, 2532),
(53073, 14, -8600.68, 525.372, 106.517, 0, 0, 1, 2532),
(53073, 15, -8582.68, 540.197, 102.279, 0, 0, 1, 2532),
(53073, 16, -8582.6, 557.728, 101.851, 0, 0, 1, 2532),
(53073, 17, -8588.54, 571.377, 102.515, 0, 0, 1, 2532),
(53073, 18, -8582.75, 582.445, 103.492, 0, 0, 1, 2532),
(53073, 19, -8581.09, 596.986, 103.326, 0, 0, 1, 2532),
(53073, 20, -8572.61, 609.681, 102.628, 0, 0, 1, 2532),
(53073, 21, -8554.31, 617.579, 102.079, 0, 0, 1, 2532),
(53073, 22, -8547.34, 628.095, 100.969, 0, 0, 1, 2532),
(53073, 23, -8524.76, 636.519, 99.995, 0, 0, 1, 2532),
(53073, 24, -8514.57, 643.758, 100.198, 0, 0, 1, 2532),
(53073, 25, -8512.06, 652.878, 100.291, 0, 0, 1, 2532),
(53073, 26, -8521.83, 666.528, 102.661, 0, 0, 1, 2532),
(53073, 27, -8535.99, 686.327, 97.6789, 0, 0, 1, 2532),
(53073, 28, -8544.53, 685.475, 97.5076, 0, 0, 1, 2532),
(53073, 29, -8564.66, 672.461, 97.0156, 0, 0, 1, 2532),
(53073, 30, -8573.9, 661.108, 97.5108, 0, 0, 1, 2532),
(53073, 31, -8592.18, 657.221, 98.1965, 0, 0, 1, 2532),
(53073, 32, -8604.52, 656.575, 98.7059, 0, 0, 1, 2532),
(53073, 33, -8620.36, 652.313, 99.1877, 0, 0, 1, 2532),
(53073, 34, -8644.6, 658.89, 101.207, 0, 0, 1, 2532),
(53073, 35, -8655.94, 660.699, 100.858, 0, 0, 1, 2532),
(53073, 36, -8668.29, 676.294, 99.6044, 0, 0, 1, 2532),
(53073, 37, -8671.98, 683.76, 98.8546, 0, 0, 1, 2532),
(53073, 38, -8705.22, 725.675, 97.1356, 0, 0, 1, 2532),
(53073, 39, -8714.54, 732.607, 97.8152, 0, 0, 1, 2532),
(53073, 40, -8729.44, 723.121, 101.552, 0, 0, 1, 2532),
(53073, 41, -8742.16, 710.686, 98.2678, 0, 0, 1, 2532),
(53073, 42, -8738.48, 700.884, 98.718, 0, 0, 1, 2532),
(53073, 43, -8752.58, 688.263, 100.448, 0, 0, 1, 2532),
(53073, 44, -8773.14, 671.75, 103.092, 0, 0, 1, 2532),
(53073, 45, -8774.24, 667.734, 103.092, 0, 0, 1, 2532),
(53073, 46, -8762.72, 649.633, 103.733, 0, 0, 1, 2532),
(53073, 47, -8759.08, 635.326, 102.912, 0, 0, 1, 2532),
(53073, 48, -8758.8, 629.108, 102.25, 0, 0, 1, 2532),
(53073, 49, -8761.79, 618.03, 99.275, 0, 0, 1, 2532),
(53073, 50, -8792.64, 593.169, 97.6035, 0, 0, 1, 2532),
(53073, 51, -8801.18, 592.338, 97.3394, 0, 0, 1, 2532),
(53073, 52, -8816.1, 613.304, 95.2455, 0, 0, 1, 2532),
(53073, 53, -8828.86, 627.785, 94.0444, 0, 0, 1, 2532),
(53073, 54, -8826.57, 637.878, 94.243, 0, 0, 1, 2532),
(53073, 55, -8818.02, 645.358, 94.2658, 0, 0, 1, 2532),
(53073, 56, -8811.9, 638.996, 94.2287, 0, 0, 1, 2532),
(53073, 57, -8812.1, 630.047, 94.2287, 0, 0, 1, 2532),
(53073, 58, -8824.53, 623.322, 93.8413, 0, 0, 1, 2532),
(53073, 59, -8837.91, 642.898, 95.4907, 0, 0, 1, 2532),
(53073, 60, -8851.59, 652.393, 96.44, 0, 0, 1, 2532),
(53073, 61, -8847.92, 662.602, 97.4256, 0, 0, 1, 2532),
(53073, 62, -8830.06, 673.308, 98.2819, 0, 0, 1, 2532),
(53073, 63, -8826.73, 680.102, 97.2982, 0, 0, 1, 2532),
(53073, 64, -8833.85, 697.773, 97.5546, 0, 0, 1, 2532),
(53073, 65, -8840.87, 711.413, 97.5676, 0, 0, 1, 2532),
(53073, 66, -8840.99, 722.775, 97.3683, 0, 0, 1, 2532),
(53073, 67, -8826.64, 729.331, 98.4387, 0, 0, 1, 2532),
(53073, 68, -8816.81, 738.407, 97.9223, 0, 0, 1, 2532),
(53073, 69, -8793.3, 743.694, 98.3306, 0, 0, 1, 2532),
(53073, 70, -8768.96, 740.105, 99.1632, 0, 0, 1, 2532),
(53073, 71, -8759.32, 727.137, 98.2857, 0, 0, 1, 2532),
(53073, 72, -8731.58, 697.112, 98.6319, 0, 0, 1, 2532),
(53073, 73, -8730.4, 687.347, 98.7743, 0, 0, 1, 2532),
(53073, 74, -8723.18, 673.754, 98.6213, 0, 0, 1, 2532),
(53073, 75, -8714.73, 664.722, 98.9638, 0, 0, 1, 2532),
(53073, 76, -8706.44, 635.994, 100.299, 0, 0, 1, 2532),
(53073, 77, -8705.95, 611.391, 99.9666, 0, 0, 1, 2532),
(53073, 78, -8711.1, 594.366, 98.6165, 0, 0, 1, 2532),
(53073, 79, -8720.06, 591.749, 98.5704, 0, 0, 1, 2532),
(53073, 80, -8734.96, 576.142, 97.4009, 0, 0, 1, 2532),
(53073, 81, -8743.7, 570.146, 97.382, 0, 0, 1, 2532),
(53073, 82, -8747.05, 560.624, 97.4024, 0, 0, 1, 2532);

DELETE FROM `waypoint_scripts` WHERE `id` IN (236, 237, 238, 239, 240, 241, 242, 243, 244, 245, 246, 247, 248, 249, 250, 251, 252, 253, 254, 255, 256,
                                              257, 258, 259, 260, 261, 262, 263, 264, 265, 266, 267, 268, 269, 270, 271, 272, 273, 274, 275, 276, 277);

DELETE FROM `db_script_string` WHERE `entry` IN (2000005078, 2000005080, 2000005057, 2000005058, 2000005059, 2000005060, 2000005062);

UPDATE `creature_template` SET `AIName` = "SmartAI" WHERE `entry` IN (2532, 2533);

DELETE FROM `smart_scripts` WHERE `entryorguid` = 2532 AND `source_type` = 0;
DELETE FROM `smart_scripts` WHERE `entryorguid` = 2532*100 AND `source_type` = 9;
INSERT INTO `smart_scripts` (`entryorguid`,`source_type`,`id`,`link`,`event_type`,`event_phase_mask`,`event_chance`,`event_flags`,`event_param1`,`event_param2`,`event_param3`,`event_param4`,`action_type`,`action_param1`,`action_param2`,`action_param3`,`action_param4`,`action_param5`,`action_param6`,`target_type`,`target_param1`,`target_param2`,`target_param3`,`target_x`,`target_y`,`target_z`,`target_o`,`comment`) VALUES
(2532,0,0,0,1,0,100,0,10000,10000,30000,30000,80,2532*100,0,0,0,0,0,1,0,0,0,0,0,0,0,"Donna - OOC - Start Script"),

(2532*100,9,0,0,0,0,100,0,0,0,0,0,1,0,0,0,0,0,0,1,0,0,0,0,0,0,0,"Donna - On Script - Say Text Line 0"),
(2532*100,9,1,0,0,0,100,0,4000,4000,0,0,1,0,0,0,0,0,0,19,2533,50,0,0,0,0,0,"Donna - On Script - Say Text Line 0 (William)");

DELETE FROM `creature_text` WHERE `entry` IN (2533, 2532);
INSERT INTO `creature_text` (`entry`, `text_group`, `id`, `text`, `text_female`, `type`, `language`, `probability`, `emote`, `duration`, `sound`, `comment`) VALUES
(2533,0,0,"No fair! Gimme back my gorilla!!","",12,7,100,0,0,0,"William"),
(2533,0,1,"Gimmie back Jum-jump!","",12,7,100,0,0,0,"William"),
(2533,0,2,"You better not break Jum-jump! It's not fair!","",12,7,100,0,0,0,"William"),
(2533,0,3,"WAAAHHH!!!","",12,7,100,0,0,0,"William"),
(2533,0,4,"You're being mean! I'm telling Mommy!","",12,7,100,0,0,0,"William"),
(2533,0,5,"Stop twisting his legs, they aren't supposed to bend that way!","",12,7,100,0,0,0,"William"),
(2533,0,6,"You're breaking him!","",12,7,100,0,0,0,"William"),
(2533,0,7,"Stop it! You'll break his legs off!","",12,7,100,0,0,0,"William"),

(2532,0,0,"","Ha ha! I have your Grindgear Gorilla!",12,7,100,0,0,0,"Donna"),
(2532,0,1,"","I wonder if your Grindgear Gorilla can jump across the Park!",12,7,100,0,0,0,"Donna"),
(2532,0,2,"","I have your gorilla! Nyah nyah!",12,7,100,0,0,0,"Donna"),
(2532,0,3,"","I wonder how far the gears turn?",12,7,100,0,0,0,"Donna"),
(2532,0,4,"","If you want him back you're gonna have to beg... like a monkey!!",12,7,100,0,0,0,"Donna"),
(2532,0,5,"","Now who's the crybaby, crybaby!?",12,7,100,0,0,0,"Donna"),
(2532,0,6,"","Baby wants his dolly!",12,7,100,0,0,0,"Donna"),
(2532,0,7,"","Whoops!",12,7,100,0,0,0,"Donna");

UPDATE `creature` SET `position_x` = -8494.796875, `position_y` = 758.489319, `position_z` = 98.297874, `orientation` = 0.757632, `wander_distance` = 0, `movement_type` = 0 WHERE `guid` = 189224;
UPDATE `creature` SET `position_x` = -8575.1875, `position_y` = 633.015808, `position_z` = 96.727325, `orientation` = 5.010545, `wander_distance` = 0, `movement_type` = 0 WHERE `guid` = 188791;
UPDATE `creature_addon` SET `path_id` = 0 WHERE `guid` IN (189224, 188791);
DELETE FROM `waypoint_data` WHERE `id` IN (189224, 188791);

-- Officer Brady
UPDATE `creature` SET `position_x` = -8440.9, `position_y` = 653.321, `position_z` = 93.1265, `orientation` = 2.25378 WHERE `guid` = 189188;

DELETE FROM `waypoint_data` WHERE `id` = 189188;
INSERT INTO `waypoint_data` (`id`, `point`, `position_x`, `position_y`, `position_z`, `orientation`, `delay`, `move_flag`, `entry`) VALUES
(189188, 1, -8440.9, 653.321, 93.1265, 0, 0, 0, 14439),
(189188, 2, -8428.79, 661.781, 94.2899, 0, 0, 0, 14439),
(189188, 3, -8413.68, 671.068, 95.198, 0, 0, 0, 14439),
(189188, 4, -8405.87, 671.346, 95.2771, 0, 0, 0, 14439),
(189188, 5, -8397.8, 666.096, 95.1106, 0, 0, 0, 14439),
(189188, 6, -8390.28, 655.017, 95.2356, 0, 0, 0, 14439),
(189188, 7, -8377.9, 634.795, 94.8606, 0, 0, 0, 14439),
(189188, 8, -8372.91, 623.271, 95.2612, 0, 0, 0, 14439),
(189188, 9, -8365.95, 620.306, 95.3599, 0, 0, 0, 14439),
(189188, 10, -8358.91, 621.01, 95.3592, 0, 0, 0, 14439),
(189188, 11, -8353.69, 622.894, 95.3592, 0, 0, 0, 14439),
(189188, 12, -8349.22, 621.965, 95.4842, 0, 0, 0, 14439),
(189188, 13, -8341.29, 614.077, 99.698, 0, 0, 0, 14439),
(189188, 14, -8335.53, 607.67, 99.6977, 0, 0, 0, 14439),
(189188, 15, -8327.21, 596.321, 99.8544, 0, 0, 0, 14439),
(189188, 16, -8318.66, 586.838, 99.6977, 0, 0, 0, 14439),
(189188, 17, -8316.55, 583.775, 100.433, 0, 0, 0, 14439),
(189188, 18, -8312.64, 577.026, 100.498, 0, 0, 0, 14439),
(189188, 19, -8313.58, 573.701, 100.498, 0, 0, 0, 14439),
(189188, 20, -8318.65, 569.719, 100.498, 0, 0, 0, 14439),
(189188, 21, -8318.95, 567.255, 100.498, 0, 0, 0, 14439),
(189188, 22, -8307.79, 573.471, 100.498, 0, 0, 0, 14439),
(189188, 23, -8300.46, 581.465, 100.498, 0, 0, 0, 14439),
(189188, 24, -8300.42, 584.163, 100.498, 0, 0, 0, 14439),
(189188, 25, -8302.77, 582.971, 100.498, 0, 0, 0, 14439),
(189188, 26, -8309.12, 579.257, 100.498, 0, 0, 0, 14439),
(189188, 27, -8315.96, 584.017, 100.881, 0, 0, 0, 14439),
(189188, 28, -8318.16, 587.233, 99.8128, 0, 0, 0, 14439),
(189188, 29, -8325.72, 597.49, 99.8923, 0, 0, 0, 14439),
(189188, 30, -8335.06, 608.122, 99.6977, 0, 0, 0, 14439),
(189188, 31, -8339.32, 614.113, 99.6977, 0, 0, 0, 14439),
(189188, 32, -8345.34, 625.736, 95.5833, 0, 0, 0, 14439),
(189188, 33, -8350.47, 635.148, 95.39, 0, 0, 0, 14439),
(189188, 34, -8358.37, 644.394, 95.2501, 0, 0, 0, 14439),
(189188, 35, -8361.48, 650.364, 97.2977, 0, 0, 0, 14439),
(189188, 36, -8363.1, 656.665, 97.3227, 0, 0, 0, 14439),
(189188, 37, -8365.07, 665.827, 97.4439, 0, 0, 0, 14439),
(189188, 38, -8360.7, 669.91, 97.45, 0, 0, 0, 14439),
(189188, 39, -8361.88, 674.623, 97.2886, 0, 0, 0, 14439),
(189188, 40, -8368.12, 675.641, 97.2977, 0, 0, 0, 14439),
(189188, 41, -8373.31, 671.563, 97.2977, 0, 0, 0, 14439),
(189188, 42, -8372.38, 667.693, 97.423, 0, 0, 0, 14439),
(189188, 43, -8366.73, 665.319, 97.429, 0, 0, 0, 14439),
(189188, 44, -8363.92, 656.347, 97.45, 0, 0, 0, 14439),
(189188, 45, -8362.87, 650.031, 97.2977, 0, 0, 0, 14439),
(189188, 46, -8363.02, 644.271, 95.39, 0, 0, 0, 14439),
(189188, 47, -8364.18, 640.076, 95.265, 0, 0, 0, 14439),
(189188, 48, -8368.58, 639.358, 95.1106, 0, 0, 0, 14439),
(189188, 49, -8377.79, 645.476, 95.5052, 0, 0, 0, 14439),
(189188, 50, -8386.32, 657.245, 95.1106, 0, 0, 0, 14439),
(189188, 51, -8393.95, 667.274, 94.9614, 0, 0, 0, 14439),
(189188, 52, -8403.78, 673.569, 95.1682, 0, 0, 0, 14439),
(189188, 53, -8413.61, 675.149, 95.1521, 0, 0, 0, 14439),
(189188, 54, -8421.54, 670.168, 95.0046, 0, 0, 0, 14439),
(189188, 55, -8425.13, 666.132, 94.6281, 0, 0, 0, 14439),
(189188, 56, -8429.34, 662.934, 93.9458, 0, 0, 0, 14439),
(189188, 57, -8439.62, 656.471, 93.1949, 0, 0, 0, 14439),
(189188, 58, -8443.92, 656.934, 93.1949, 0, 0, 0, 14439),
(189188, 59, -8457.44, 674.741, 97.2171, 0, 0, 0, 14439),
(189188, 60, -8468.45, 688.644, 99.7398, 0, 0, 0, 14439),
(189188, 61, -8475.62, 691.401, 99.9829, 0, 0, 0, 14439),
(189188, 62, -8483.17, 689.389, 100.349, 0, 0, 0, 14439),
(189188, 63, -8488.69, 682.451, 100.807, 0, 0, 0, 14439),
(189188, 64, -8494.29, 675.342, 100.617, 0, 0, 0, 14439),
(189188, 65, -8497.41, 670.632, 100.638, 0, 0, 0, 14439),
(189188, 66, -8505.49, 658.682, 100.485, 0, 0, 0, 14439),
(189188, 67, -8508.51, 655.823, 100.65, 0, 0, 0, 14439),
(189188, 68, -8512.29, 658.012, 101.218, 0, 0, 0, 14439),
(189188, 69, -8520.71, 670.792, 102.848, 0, 0, 0, 14439),
(189188, 70, -8529.79, 683.281, 99.0575, 0, 0, 0, 14439),
(189188, 71, -8534.98, 686.146, 97.7635, 0, 0, 0, 14439),
(189188, 72, -8545.46, 686.007, 97.6385, 0, 0, 0, 14439),
(189188, 73, -8553.93, 680.721, 97.1043, 0, 0, 0, 14439),
(189188, 74, -8561.24, 675.715, 97.1385, 0, 0, 0, 14439),
(189188, 75, -8571.97, 667.931, 97.1507, 0, 0, 0, 14439),
(189188, 76, -8594.18, 658.63, 98.3572, 0, 0, 0, 14439),
(189188, 77, -8611.94, 654.365, 98.8823, 0, 0, 0, 14439),
(189188, 78, -8632.9, 654.854, 100.701, 0, 0, 0, 14439),
(189188, 79, -8649.68, 658.347, 100.935, 0, 0, 0, 14439),
(189188, 80, -8660.41, 664.408, 100.647, 0, 0, 0, 14439),
(189188, 81, -8665.66, 672.319, 100.172, 0, 0, 0, 14439),
(189188, 82, -8671.01, 681.795, 99.1768, 0, 0, 0, 14439),
(189188, 83, -8684.43, 698.295, 97.7806, 0, 0, 0, 14439),
(189188, 84, -8695.81, 712.828, 97.0825, 0, 0, 0, 14439),
(189188, 85, -8705.93, 726.651, 97.3567, 0, 0, 0, 14439),
(189188, 86, -8713.59, 734.705, 97.8885, 0, 0, 0, 14439),
(189188, 87, -8705.99, 726.713, 97.3641, 0, 0, 0, 14439),
(189188, 88, -8713.59, 734.705, 97.8885, 0, 0, 0, 14439),
(189188, 89, -8719.87, 733.892, 98.201, 0, 0, 0, 14439),
(189188, 90, -8732.99, 723.781, 101.578, 0, 0, 0, 14439),
(189188, 91, -8742.2, 715.842, 98.8656, 0, 0, 0, 14439),
(189188, 92, -8744.63, 711.906, 98.6817, 0, 0, 0, 14439),
(189188, 93, -8741.31, 704.679, 98.8896, 0, 0, 0, 14439),
(189188, 94, -8739.53, 700.569, 99.0076, 0, 0, 0, 14439),
(189188, 95, -8740.83, 697.936, 99.1405, 0, 0, 0, 14439),
(189188, 96, -8759.24, 684.505, 101.437, 0, 0, 0, 14439),
(189188, 97, -8771.17, 675.271, 103.024, 0, 0, 0, 14439),
(189188, 98, -8776.43, 671.064, 103.369, 0, 0, 0, 14439),
(189188, 99, -8776.85, 666.484, 103.289, 0, 0, 0, 14439),
(189188, 100, -8768.4, 657.102, 103.704, 0, 0, 0, 14439),
(189188, 101, -8763.35, 648.83, 103.78, 0, 0, 0, 14439),
(189188, 102, -8759.91, 637.991, 103.452, 0, 0, 0, 14439),
(189188, 103, -8759.63, 628.649, 102.308, 0, 0, 0, 14439),
(189188, 104, -8762.64, 619.302, 99.6712, 0, 0, 0, 14439),
(189188, 105, -8767.85, 612.571, 97.9456, 0, 0, 0, 14439),
(189188, 106, -8781.58, 601.137, 97.5251, 0, 0, 0, 14439),
(189188, 107, -8790.02, 594.733, 97.8092, 0, 0, 0, 14439),
(189188, 108, -8795.45, 594.311, 97.9342, 0, 0, 0, 14439),
(189188, 109, -8801.02, 596.868, 97.4438, 0, 0, 0, 14439),
(189188, 110, -8815.11, 613.038, 95.4512, 0, 0, 0, 14439),
(189188, 111, -8827.83, 624.788, 94.3282, 0, 0, 0, 14439),
(189188, 112, -8844.84, 640.023, 96.3252, 0, 0, 0, 14439),
(189188, 113, -8845.09, 644.236, 96.7154, 0, 0, 0, 14439),
(189188, 114, -8839.76, 648.198, 98.0303, 0, 0, 0, 14439),
(189188, 115, -8835.21, 651.106, 98.0269, 0, 0, 0, 14439),
(189188, 116, -8826.59, 653.731, 98.025, 0, 0, 0, 14439),
(189188, 117, -8819.21, 651.781, 98.025, 0, 0, 0, 14439),
(189188, 118, -8815.72, 653.297, 98.021, 0, 0, 0, 14439),
(189188, 119, -8816.27, 659.194, 98.0146, 0, 0, 0, 14439),
(189188, 120, -8820.15, 664.371, 98.0182, 0, 0, 0, 14439),
(189188, 121, -8823.88, 662.924, 98.0182, 0, 0, 0, 14439),
(189188, 122, -8827.65, 656.026, 98.0222, 0, 0, 0, 14439),
(189188, 123, -8835.29, 651.998, 98.0316, 0, 0, 0, 14439),
(189188, 124, -8840.55, 650.561, 98.0258, 0, 0, 0, 14439),
(189188, 125, -8847, 648.578, 96.6587, 0, 0, 0, 14439),
(189188, 126, -8850.53, 651.122, 96.7185, 0, 0, 0, 14439),
(189188, 127, -8855.34, 655.479, 96.5645, 0, 0, 0, 14439),
(189188, 128, -8862.39, 655.161, 96.2763, 0, 0, 0, 14439),
(189188, 129, -8866.58, 651.16, 96.2195, 0, 0, 0, 14439),
(189188, 130, -8880.89, 642.939, 97.7712, 0, 0, 0, 14439),
(189188, 131, -8884.23, 641.113, 99.3564, 0, 0, 0, 14439),
(189188, 132, -8891.38, 636.667, 99.5232, 0, 0, 0, 14439),
(189188, 133, -8906.71, 628.972, 99.5403, 0, 0, 0, 14439),
(189188, 134, -8914.16, 625.079, 99.5231, 0, 0, 0, 14439),
(189188, 135, -8917.59, 623.249, 100.333, 0, 0, 0, 14439),
(189188, 136, -8924.57, 620.403, 100.226, 0, 0, 0, 14439),
(189188, 137, -8927.91, 621.967, 100.226, 0, 0, 0, 14439),
(189188, 138, -8930.72, 627.455, 100.226, 0, 0, 0, 14439),
(189188, 139, -8933.26, 628.288, 100.226, 0, 0, 0, 14439),
(189188, 140, -8931.65, 627.76, 100.226, 0, 0, 0, 14439),
(189188, 141, -8933.26, 628.288, 100.226, 0, 0, 0, 14439),
(189188, 142, -8928.24, 616.757, 100.226, 0, 0, 0, 14439),
(189188, 143, -8922.51, 606.66, 100.226, 0, 0, 0, 14439),
(189188, 144, -8919.56, 605.738, 100.226, 0, 0, 0, 14439),
(189188, 145, -8919.23, 608.719, 100.226, 0, 0, 0, 14439),
(189188, 146, -8922.13, 613.619, 100.226, 0, 0, 0, 14439),
(189188, 147, -8922.42, 616.688, 100.226, 0, 0, 0, 14439),
(189188, 148, -8917.54, 622.538, 100.26, 0, 0, 0, 14439),
(189188, 149, -8914.35, 624.218, 99.7826, 0, 0, 0, 14439),
(189188, 150, -8906.29, 628.55, 99.5378, 0, 0, 0, 14439),
(189188, 151, -8891.22, 636.708, 99.5231, 0, 0, 0, 14439),
(189188, 152, -8883.22, 639.925, 99.2295, 0, 0, 0, 14439),
(189188, 153, -8876.43, 641.576, 96.4249, 0, 0, 0, 14439),
(189188, 154, -8866.71, 641.2, 96.2977, 0, 0, 0, 14439),
(189188, 155, -8860.93, 641.158, 96.346, 0, 0, 0, 14439),
(189188, 156, -8853.87, 644.134, 96.5945, 0, 0, 0, 14439),
(189188, 157, -8851.03, 650.814, 96.6585, 0, 0, 0, 14439),
(189188, 158, -8851.31, 656.245, 96.8748, 0, 0, 0, 14439),
(189188, 159, -8848.21, 663.002, 97.4969, 0, 0, 0, 14439),
(189188, 160, -8832.9, 671.639, 98.3619, 0, 0, 0, 14439),
(189188, 161, -8820.42, 677.415, 97.9626, 0, 0, 0, 14439),
(189188, 162, -8803.58, 682.628, 100.821, 0, 0, 0, 14439),
(189188, 163, -8793.28, 680.073, 101.817, 0, 0, 0, 14439),
(189188, 164, -8785.37, 676.986, 102.937, 0, 0, 0, 14439),
(189188, 165, -8779.09, 669.971, 103.244, 0, 0, 0, 14439),
(189188, 166, -8774.32, 668.703, 103.369, 0, 0, 0, 14439),
(189188, 167, -8769.23, 672.128, 103.114, 0, 0, 0, 14439),
(189188, 168, -8757.64, 682.123, 101.495, 0, 0, 0, 14439),
(189188, 169, -8739.27, 696.181, 99.1654, 0, 0, 0, 14439),
(189188, 170, -8737.03, 700.488, 98.8946, 0, 0, 0, 14439),
(189188, 171, -8741.56, 708.12, 98.4766, 0, 0, 0, 14439),
(189188, 172, -8741.43, 711.618, 98.5456, 0, 0, 0, 14439),
(189188, 173, -8730.23, 720.08, 101.744, 0, 0, 0, 14439),
(189188, 174, -8717.32, 730.469, 98.2455, 0, 0, 0, 14439),
(189188, 175, -8713.15, 731.205, 97.9053, 0, 0, 0, 14439),
(189188, 176, -8696.87, 710.571, 97.2075, 0, 0, 0, 14439),
(189188, 177, -8689.31, 698.372, 97.6385, 0, 0, 0, 14439),
(189188, 178, -8676.47, 683.326, 98.7635, 0, 0, 0, 14439),
(189188, 179, -8668.36, 670.998, 99.9976, 0, 0, 0, 14439),
(189188, 180, -8658.16, 660.54, 100.84, 0, 0, 0, 14439),
(189188, 181, -8644.94, 654.325, 101.04, 0, 0, 0, 14439),
(189188, 182, -8628, 651.106, 100.039, 0, 0, 0, 14439),
(189188, 183, -8607.27, 651.017, 98.546, 0, 0, 0, 14439),
(189188, 184, -8590.44, 653.596, 97.9763, 0, 0, 0, 14439),
(189188, 185, -8573.43, 661.188, 97.6063, 0, 0, 0, 14439),
(189188, 186, -8557.19, 673.665, 97.1385, 0, 0, 0, 14439),
(189188, 187, -8547.64, 680.733, 97.7335, 0, 0, 0, 14439),
(189188, 188, -8537.84, 684.66, 97.7635, 0, 0, 0, 14439),
(189188, 189, -8533.56, 683.469, 98.2148, 0, 0, 0, 14439),
(189188, 190, -8527.58, 675.249, 102.118, 0, 0, 0, 14439),
(189188, 191, -8523.14, 669.149, 102.841, 0, 0, 0, 14439),
(189188, 192, -8514.69, 655.889, 101.122, 0, 0, 0, 14439),
(189188, 193, -8509.94, 653.549, 100.638, 0, 0, 0, 14439),
(189188, 194, -8502.23, 657.375, 100.461, 0, 0, 0, 14439),
(189188, 195, -8496.49, 664.795, 100.529, 0, 0, 0, 14439),
(189188, 196, -8488.12, 676.79, 100.877, 0, 0, 0, 14439),
(189188, 197, -8475.44, 687.882, 100.129, 0, 0, 0, 14439),
(189188, 198, -8470.3, 686.856, 99.7453, 0, 0, 0, 14439),
(189188, 199, -8459.4, 672.542, 97.1885, 0, 0, 0, 14439),
(189188, 200, -8445.76, 655.332, 93.1949, 0, 0, 0, 14439);

-- Aedis Brom & Christoph Faral
UPDATE `creature` SET `position_x` = -8610.316, `position_y` = 401.622, `position_z` = 102.925, `orientation` = 5.41052, `spawntimesecs` = 310, `wander_distance` = 0, `movement_type` = 0 WHERE `guid` = 188570;
UPDATE `creature` SET `position_x` = -8608.438, `position_y` = 403.198, `position_z` = 102.926, `orientation` = 5.39307, `spawntimesecs` = 310, `wander_distance` = 0, `movement_type` = 0 WHERE `guid` = 188571;

DELETE FROM `creature_addon` WHERE `guid` IN (188570, 188571);
DELETE FROM `waypoint_data` WHERE `id` IN (188570, 188571);

UPDATE `creature_template` SET `speed_walk` = 1.1 WHERE `entry` = 1477;
UPDATE `creature_template` SET `unit_flags` = 768, `AIName` = "SmartAI" WHERE `entry` IN (1478, 1477);

DELETE FROM `smart_scripts` WHERE `entryorguid` IN (1478, 1477) AND `source_type` = 0;
DELETE FROM `smart_scripts` WHERE `entryorguid` IN (1478*100, 1478*100+01, 1478*100+02, 1478*100+03, 1477*100) AND `source_type` = 9;
INSERT INTO `smart_scripts` (`entryorguid`, `source_type`, `id`, `link`, `event_type`, `event_phase_mask`, `event_chance`, `event_flags`, `event_param1`, `event_param2`, `event_param3`, `event_param4`, `action_type`, `action_param1`, `action_param2`, `action_param3`, `action_param4`, `action_param5`, `action_param6`, `target_type`, `target_param1`, `target_param2`, `target_param3`, `target_x`, `target_y`, `target_z`, `target_o`, `comment`) VALUES 
(1478, 0, 0, 0, 11, 0, 100, 0, 0, 0, 0, 0, 80, 1478*100, 0, 0, 0, 0, 0, 1, 0, 0, 0, 0, 0, 0, 0, "Aedis Brom - On Respawn - Start Script"),
(1478, 0, 1, 0, 11, 0, 100, 0, 0, 0, 0, 0, 71, 0, 0, 0, 0, 0, 0, 1, 0, 0, 0, 0, 0, 0, 0, "Aedis Brom - On Respawn - Set Equipment (0)"),
(1478, 0, 2, 0, 40, 1, 100, 0, 93, 1478, 0, 0, 80, 1478*100+01, 0, 0, 0, 0, 0, 1, 0, 0, 0, 0, 0, 0, 0, "Aedis Brom - On WP 93 Reached - Start Script (Phase 1)"),
(1478, 0, 3, 0, 1, 1, 100, 0, 60000, 150000, 60000, 150000, 87, 1478*100+02, 1478*100+03, 0, 0, 0, 0, 1, 0, 0, 0, 0, 0, 0, 0, "Aedis Brom - Out of Combat - Start Random Script (Phase 1)"),
(1478, 0, 4, 0, 1, 2, 100, 0, 520000, 520000, 0, 0, 80, 1478*100, 0, 0, 0, 0, 0, 1, 0, 0, 0, 0, 0, 0, 0, "Aedis Brom - Out of Combat - Start Script (Phase 2)"),

(1477, 0, 0, 0, 11, 0, 100, 0, 0, 0, 0, 0, 71, 0, 0, 0, 0, 0, 0, 1, 0, 0, 0, 0, 0, 0, 0, "Christoph Faral - On Respawn - Set Equipment (0)"),
(1477, 0, 1, 0, 38, 0, 100, 0, 1, 1, 0, 0, 71, 1, 0, 2705, 0, 0, 0, 1, 0, 0, 0, 0, 0, 0, 0, "Christoph Faral - On Data Set 1 1 - Set Equipment (1)"),
(1477, 0, 2, 0, 38, 0, 100, 0, 2, 2, 0, 0, 29, 0, 90, 0, 0, 0, 0, 19, 1478, 15, 0, 0, 0, 0, 0, "Christoph Faral - On Data Set 2 2 - Follow (Creature ID: 1478, 15 Yards)"),
(1477, 0, 3, 0, 38, 0, 100, 0, 3, 3, 0, 0, 80, 1477*100, 0, 0, 0, 0, 0, 1, 0, 0, 0, 0, 0, 0, 0, "Christoph Faral - On Data Set 3 3 - Start Script"),

(1478*100, 9, 0, 0, 0, 0, 100, 0, 0, 0, 0, 0, 22, 1, 0, 0, 0, 0, 0, 1, 0, 0, 0, 0, 0, 0, 0, "Aedis Brom - On Script - Set Phase 1"),
(1478*100, 9, 1, 0, 0, 1, 100, 0, 5000, 5000, 0, 0, 71, 1, 0, 2705, 0, 0, 0, 1, 0, 0, 0, 0, 0, 0, 0, "Aedis Brom - On Script - Set Equipment (1) (Phase 1)"),
(1478*100, 9, 2, 0, 0, 1, 100, 0, 500, 500, 0, 0, 45, 1, 1, 0, 0, 0, 0, 19, 1477, 15, 0, 0, 0, 0, 0, "Aedis Brom - On Script - Set Data 1 1 (Creature ID: 1477, 15 Yards) (Phase 1)"),
(1478*100, 9, 3, 0, 0, 1, 100, 0, 1500, 1500, 0, 0, 1, 0, 0, 0, 0, 0, 0, 1, 0, 0, 0, 0, 0, 0, 0, "Aedis Brom - On Script - Say Text Line 0 (Phase 1)"),
(1478*100, 9, 4, 0, 0, 1, 100, 0, 2500, 2500, 0, 0, 53, 0, 1478, 0, 0, 0, 0, 1, 0, 0, 0, 0, 0, 0, 0, "Aedis Brom - On Script - Start Waypoint (Phase 1)"),
(1478*100, 9, 5, 0, 0, 1, 100, 0, 500, 500, 0, 0, 45, 2, 2, 0, 0, 0, 0, 19, 1477, 15, 0, 0, 0, 0, 0, "Aedis Brom - On Script - Set Data 2 2 (Creature ID: 1477, 15 Yards) (Phase 1)"),

(1478*100+01, 9, 0, 0, 0, 1, 100, 0, 500, 500, 0, 0, 45, 3, 3, 0, 0, 0, 0, 19, 1477, 15, 0, 0, 0, 0, 0, "Aedis Brom - On Script - Set Data 3 3 (Creature ID: 1477, 15 Yards) (Phase 1)"),
(1478*100+01, 9, 1, 0, 0, 1, 100, 0, 1000, 1000, 0, 0, 1, 1, 0, 0, 0, 0, 0, 1, 0, 0, 0, 0, 0, 0, 0, "Aedis Brom - On Script - Say Text Line 1 (Phase 1)"),
(1478*100+01, 9, 2, 0, 0, 1, 100, 0, 1500, 1500, 0, 0, 66, 0, 0, 0, 0, 0, 0, 8, 0, 0, 0, 0, 0, 0, 5.41052, "Aedis Brom - On Script - Set Orientation (5.41052) (Phase 1)"),
(1478*100+01, 9, 3, 0, 0, 1, 100, 0, 2000, 2000, 0, 0, 71, 0, 0, 0, 0, 0, 0, 1, 0, 0, 0, 0, 0, 0, 0, "Aedis Brom - On Script - Set Equipment (0) (Phase 1)"),
(1478*100+01, 9, 4, 0, 0, 1, 100, 0, 1000, 1000, 0, 0, 22, 2, 0, 0, 0, 0, 0, 1, 0, 0, 0, 0, 0, 0, 0, "Aedis Brom - On Script - Set Phase 2"),

(1478*100+02, 9, 0, 0, 0, 1, 100, 0, 1000, 1000, 0, 0, 1, 2, 0, 0, 0, 0, 0, 1, 0, 0, 0, 0, 0, 0, 0, "Aedis Brom - On Script - Say Text Line 2 (Phase 1)"),
(1478*100+02, 9, 1, 0, 0, 1, 100, 0, 4000, 4000, 0, 0, 1, 1, 0, 0, 0, 0, 0, 19, 1477, 30, 0, 0, 0, 0, 0, "Aedis Brom - On Script - Say Text Line 1 (Creature ID: 1477, 30 Yards) (Phase 1)"),
(1478*100+02, 9, 2, 0, 0, 1, 100, 0, 4000, 4000, 0, 0, 1, 4, 0, 0, 0, 0, 0, 1, 0, 0, 0, 0, 0, 0, 0, "Aedis Brom - On Script - Say Text Line 3 (Phase 1)"),

(1478*100+03, 9, 0, 0, 0, 1, 100, 0, 1000, 1000, 0, 0, 1, 0, 0, 0, 0, 0, 0, 19, 1477, 30, 0, 0, 0, 0, 0, "Aedis Brom - On Script - Say Text Line 0 (Creature ID: 1477, 30 Yards) (Phase 1)"),
(1478*100+03, 9, 1, 0, 0, 1, 100, 0, 4000, 4000, 0, 0, 1, 3, 0, 0, 0, 0, 0, 1, 0, 0, 0, 0, 0, 0, 0, "Aedis Brom - On Script - Say Text Line 3 (Phase 1)"),
(1478*100+03, 9, 2, 0, 0, 1, 100, 0, 4000, 4000, 0, 0, 1, 2, 0, 0, 0, 0, 0, 19, 1477, 30, 0, 0, 0, 0, 0, "Aedis Brom - On Script - Say Text Line 2 (Creature ID: 1477, 30 Yards) (Phase 1)"),

(1477*100, 9, 0, 0, 0, 0, 100, 0, 0, 0, 0, 0, 69, 1, 0, 0, 0, 0, 0, 8, 0, 0, 0, -8607.49, 387.326, 102.926, 0, "Christoph Faral - On Script - Move To Position"),
(1477*100, 9, 1, 0, 0, 0, 100, 0, 1500, 1500, 0, 0, 66, 0, 0, 0, 0, 0, 0, 8, 0, 0, 0, 0, 0, 0, 5.39307, "Christoph Faral - On Script - Set Orientation (5.39307)"),
(1477*100, 9, 2, 0, 0, 0, 100, 0, 2000, 2000, 0, 0, 71, 0, 0, 0, 0, 0, 0, 1, 0, 0, 0, 0, 0, 0, 5.39307, "Christoph Faral - On Script - Set Equipment (0)");

DELETE FROM `creature_text` WHERE `entry` IN (1478, 1477);
INSERT INTO `creature_text` (`entry`, `text_group`, `id`, `text`, `text_female`, `type`, `language`, `probability`, `emote`, `duration`, `sound`, `text_range`, `comment`) VALUES
(1478,0,0,"Hey Reese, give me an' Christoph another round.","",12,7,100,0,0,0,0,"Aedis Brom"),
(1478,1,0,"A warm tavern and a cold ale. What more could we ask for?","",12,7,100,0,0,0,0,"Aedis Brom"),
(1478,2,0,"Remember when Danath gathered all the mercenaries of Stormwind together and we marched to fight at Nethergarde?","",12,7,100,0,0,0,0,"Aedis Brom"),
(1478,2,1,"I tell ye, I don't miss the Great War at all. I remember when we fought at Darrowmere. All night in the fog, lying in a muddy trench.","",12,7,100,0,0,0,0,"Aedis Brom"),
(1478,2,2,"I miss the dwarven ale we used to get at that inn in Lordaeron. Remember that fight we started there?","",12,7,100,0,0,0,0,"Aedis Brom"),
(1478,2,3,"Less than a hundred of us, and over a thousand orcs. Only a handful of us managed to walk away from that one.","",12,7,100,0,0,0,0,"Aedis Brom"),
(1478,2,4,"The best had to have been the look on Perenolde's face when our army comes marchin' right up to his front door. What a battle!","",12,7,100,0,0,0,0,"Aedis Brom"),
(1478,2,5,"Battling that band of Twilight Hammer in the Morass, I could think of better places for a war.","",12,7,100,0,0,0,0,"Aedis Brom"),
(1478,2,6,"Ahh yes, now I remember, your wedding night wasn't it?","",12,7,100,0,0,0,0,"Aedis Brom"),
(1478,2,7,"Ahh the Glustewelt twins!","",12,7,100,0,0,0,0,"Aedis Brom"),
(1478,3,0,"I still have the scars from that night.","",12,7,100,0,0,0,0,"Aedis Brom"),
(1478,3,1,"Broke both me legs that night. How could I forget?","",12,7,100,0,0,0,0,"Aedis Brom"),
(1478,3,2,"I woke up in a bed in Northshire three weeks later. Don't remember a damn thing.","",12,7,100,0,0,0,0,"Aedis Brom"),
(1478,3,3,"Wasn't that the night we had to pick up my thumb and carry it in your smoke pouch?","",12,7,100,0,0,0,0,"Aedis Brom"),
(1478,3,4,"I have a piece of iron in my back that will remind me of that night for the rest of my days.","",12,7,100,0,0,0,0,"Aedis Brom"),
(1478,3,5,"Course I remember that night. Two inches to the left and you'd be drinking with that elf, Morris. That was my best shirt, too.","",12,7,100,0,0,0,0,"Aedis Brom"),
(1478,3,6,"Was that the third or fourth time you nearly got me gutted trying one of your crazy stunts?","",12,7,100,0,0,0,0,"Aedis Brom"),
(1478,3,7,"Aye and thanks for letting me carry my own hand back to the priests that night.","",12,7,100,0,0,0,0,"Aedis Brom"),
(1478,4,0,"Hehe, wimp.","",12,7,100,0,0,0,0,"Aedis Brom"),
(1478,4,1,"You screamed like a little girl, funniest thing I ever saw.","",12,7,100,0,0,0,0,"Aedis Brom"),
(1478,4,2,"It all worked out in the end.","",12,7,100,0,0,0,0,"Aedis Brom"),
(1478,4,3,"Let's not even begin comparing battle scars, my friend.","",12,7,100,0,0,0,0,"Aedis Brom"),
(1478,4,4,"Never seen anyone move so fast in my whole life.","",12,7,100,0,0,0,0,"Aedis Brom"),
(1478,4,5,"You are constantly surprising me with what a person can live through.","",12,7,100,0,0,0,0,"Aedis Brom"),
(1478,4,6,"Well, you're still here. I'd say that is something worth drinking to.","",12,7,100,0,0,0,0,"Aedis Brom"),
(1478,4,7,"You can thank me anytime for making your life more interesting.","",12,7,100,0,0,0,0,"Aedis Brom"),

(1477,0,0,"Remember when Danath gathered all the mercenaries of Stormwind together and we marched to fight at Nethergarde?","",12,7,100,0,0,0,0,"Christoph Faral"),
(1477,0,1,"I tell ye, I don't miss the Great War at all. I remember when we fought at Darrowmere. All night in the fog, lying in a muddy trench.","",12,7,100,0,0,0,0,"Christoph Faral"),
(1477,0,2,"I miss the dwarven ale we used to get at that inn in Lordaeron. Remember that fight we started there?","",12,7,100,0,0,0,0,"Christoph Faral"),
(1477,0,3,"Less than a hundred of us, and over a thousand orcs. Only a handful of us managed to walk away from that one.","",12,7,100,0,0,0,0,"Christoph Faral"),
(1477,0,4,"The best had to have been the look on Perenolde's face when our army comes marchin' right up to his front door. What a battle!","",12,7,100,0,0,0,0,"Christoph Faral"),
(1477,0,5,"Battling that band of Twilight Hammer in the Morass, I could think of better places for a war.","",12,7,100,0,0,0,0,"Christoph Faral"),
(1477,0,6,"Ahh yes, now I remember, your wedding night wasn't it?","",12,7,100,0,0,0,0,"Christoph Faral"),
(1477,0,7,"Ahh the Glustewelt twins!","",12,7,100,0,0,0,0,"Christoph Faral"),
(1477,1,0,"I still have the scars from that night.","",12,7,100,0,0,0,0,"Christoph Faral"),
(1477,1,1,"Broke both me legs that night. How could I forget?","",12,7,100,0,0,0,0,"Christoph Faral"),
(1477,1,2,"I woke up in a bed in Northshire three weeks later. Don't remember a damn thing.","",12,7,100,0,0,0,0,"Christoph Faral"),
(1477,1,3,"Wasn't that the night we had to pick up my thumb and carry it in your smoke pouch?","",12,7,100,0,0,0,0,"Christoph Faral"),
(1477,1,4,"I have a piece of iron in my back that will remind me of that night for the rest of my days.","",12,7,100,0,0,0,0,"Christoph Faral"),
(1477,1,5,"Course I remember that night. Two inches to the left and you'd be drinking with that elf, Morris. That was my best shirt, too.","",12,7,100,0,0,0,0,"Christoph Faral"),
(1477,1,6,"Was that the third or fourth time you nearly got me gutted trying one of your crazy stunts?","",12,7,100,0,0,0,0,"Christoph Faral"),
(1477,1,7,"Aye and thanks for letting me carry my own hand back to the priests that night.","",12,7,100,0,0,0,0,"Christoph Faral"),
(1477,2,0,"Hehe, wimp.","",12,7,100,0,0,0,0,"Christoph Faral"),
(1477,2,1,"You screamed like a little girl, funniest thing I ever saw.","",12,7,100,0,0,0,0,"Christoph Faral"),
(1477,2,2,"It all worked out in the end.","",12,7,100,0,0,0,0,"Christoph Faral"),
(1477,2,3,"Let's not even begin comparing battle scars, my friend.","",12,7,100,0,0,0,0,"Christoph Faral"),
(1477,2,4,"Never seen anyone move so fast in my whole life.","",12,7,100,0,0,0,0,"Christoph Faral"),
(1477,2,5,"You are constantly surprising me with what a person can live through.","",12,7,100,0,0,0,0,"Christoph Faral"),
(1477,2,6,"Well, you're still here. I'd say that is something worth drinking to.","",12,7,100,0,0,0,0,"Christoph Faral"),
(1477,2,7,"You can thank me anytime for making your life more interesting.","",12,7,100,0,0,0,0,"Christoph Faral");

DELETE FROM `waypoints` WHERE `entry` = 1478;
INSERT INTO `waypoints` (`entry`, `pointid`, `position_x`, `position_y`, `position_z`, `point_comment`) VALUES 
(1478, 1, -8612.54, 401.79, 102.925, "Aedis Brom"),
(1478, 2, -8614.88, 402.511, 102.924, "Aedis Brom"),
(1478, 3, -8616.73, 403.515, 103.702, "Aedis Brom"),
(1478, 4, -8618.96, 407.582, 103.702, "Aedis Brom"),
(1478, 5, -8628.49, 419.494, 103.702, "Aedis Brom"),
(1478, 6, -8633.94, 415.62, 103.702, "Aedis Brom"),
(1478, 7, -8639.85, 422.151, 102.486, "Aedis Brom"),
(1478, 8, -8641.91, 425.36, 102.116, "Aedis Brom"),
(1478, 9, -8642.04, 433.62, 101.397, "Aedis Brom"),
(1478, 10, -8634.33, 443.463, 102.205, "Aedis Brom"),
(1478, 11, -8633.34, 457.181, 102.209, "Aedis Brom"),
(1478, 12, -8634.88, 461.135, 102.14, "Aedis Brom"),
(1478, 13, -8639.39, 468.993, 102.394, "Aedis Brom"),
(1478, 14, -8643.08, 475.582, 102.509, "Aedis Brom"),
(1478, 15, -8642.71, 481.052, 102.505, "Aedis Brom"),
(1478, 16, -8611.65, 505.545, 103.317, "Aedis Brom"),
(1478, 17, -8612.51, 512.689, 103.485, "Aedis Brom"),
(1478, 18, -8620.32, 521.592, 102.651, "Aedis Brom"),
(1478, 19, -8641.88, 540.074, 98.971, "Aedis Brom"),
(1478, 20, -8653.58, 552.629, 96.907, "Aedis Brom"),
(1478, 21, -8669.66, 554.005, 97.09, "Aedis Brom"),
(1478, 22, -8681.91, 546.389, 97.565, "Aedis Brom"),
(1478, 23, -8692.59, 535.823, 97.832, "Aedis Brom"),
(1478, 24, -8708.98, 522.739, 97.554, "Aedis Brom"),
(1478, 25, -8716.12, 522.891, 97.667, "Aedis Brom"),
(1478, 26, -8723.47, 532.603, 100.014, "Aedis Brom"),
(1478, 27, -8733.85, 544.522, 101.128, "Aedis Brom"),
(1478, 28, -8744.44, 556.232, 97.969, "Aedis Brom"),
(1478, 29, -8746.56, 563.747, 97.4, "Aedis Brom"),
(1478, 30, -8732.54, 579.483, 97.538, "Aedis Brom"),
(1478, 31, -8723.48, 588.56, 98.356, "Aedis Brom"),
(1478, 32, -8719.3, 592.065, 98.585, "Aedis Brom"),
(1478, 33, -8709.3, 595.071, 98.64, "Aedis Brom"),
(1478, 34, -8703.52, 610.574, 99.584, "Aedis Brom"),
(1478, 35, -8705.09, 627.019, 100.458, "Aedis Brom"),
(1478, 36, -8707.94, 641.164, 100.098, "Aedis Brom"),
(1478, 37, -8710.98, 650.804, 99.574, "Aedis Brom"),
(1478, 38, -8724.55, 675.962, 98.654, "Aedis Brom"),
(1478, 39, -8730.08, 690.844, 98.716, "Aedis Brom"),
(1478, 40, -8736.22, 699.464, 98.707, "Aedis Brom"),
(1478, 41, -8748.8, 690.708, 99.971, "Aedis Brom"),
(1478, 42, -8764.58, 678.348, 102.055, "Aedis Brom"),
(1478, 43, -8773.76, 671.431, 103.092, "Aedis Brom"),
(1478, 44, -8779.56, 672.414, 103.028, "Aedis Brom"),
(1478, 45, -8785.4, 679.026, 102.464, "Aedis Brom"),
(1478, 46, -8791.5, 676.587, 101.993, "Aedis Brom"),
(1478, 47, -8793.39, 673.203, 101.629, "Aedis Brom"),
(1478, 48, -8795.58, 665.523, 99.469, "Aedis Brom"),
(1478, 49, -8798.59, 656.958, 95.44, "Aedis Brom"),
(1478, 50, -8799.47, 651.866, 94.56, "Aedis Brom"),
(1478, 51, -8798.43, 645.74, 94.379, "Aedis Brom"),
(1478, 52, -8797.65, 638.005, 94.228, "Aedis Brom"),
(1478, 53, -8821.77, 617.457, 94.699, "Aedis Brom"),
(1478, 54, -8809.73, 605.011, 96.118, "Aedis Brom"),
(1478, 55, -8800.16, 592.671, 97.39, "Aedis Brom"),
(1478, 56, -8793.07, 590.792, 97.604, "Aedis Brom"),
(1478, 57, -8772.77, 606.148, 97.146, "Aedis Brom"),
(1478, 58, -8767.54, 606.199, 96.921, "Aedis Brom"),
(1478, 59, -8757.06, 595.237, 97.21, "Aedis Brom"),
(1478, 60, -8741.21, 578.752, 97.494, "Aedis Brom"),
(1478, 61, -8740.24, 572.477, 97.396, "Aedis Brom"),
(1478, 62, -8746.33, 565.161, 97.398, "Aedis Brom"),
(1478, 63, -8743.6, 555.159, 98.345, "Aedis Brom"),
(1478, 64, -8727.63, 537.786, 100.846, "Aedis Brom"),
(1478, 65, -8716.49, 522.971, 97.708, "Aedis Brom"),
(1478, 66, -8716.59, 517.261, 96.878, "Aedis Brom"),
(1478, 67, -8719.88, 513.758, 96.676, "Aedis Brom"),
(1478, 68, -8720.37, 509.626, 96.455, "Aedis Brom"),
(1478, 69, -8713.79, 501.283, 95.831, "Aedis Brom"),
(1478, 70, -8695.82, 478.32, 95.322, "Aedis Brom"),
(1478, 71, -8696.65, 471.814, 95.427, "Aedis Brom"),
(1478, 72, -8708.09, 461.192, 96.381, "Aedis Brom"),
(1478, 73, -8710.55, 458.533, 96.59, "Aedis Brom"),
(1478, 74, -8716.31, 451.601, 97.134, "Aedis Brom"),
(1478, 75, -8718.78, 438.803, 97.103, "Aedis Brom"),
(1478, 76, -8722.71, 422.538, 97.855, "Aedis Brom"),
(1478, 77, -8727.03, 413.992, 97.453, "Aedis Brom"),
(1478, 78, -8724.7, 407.017, 97.639, "Aedis Brom"),
(1478, 79, -8715.01, 405.357, 98.109, "Aedis Brom"),
(1478, 80, -8693.77, 397.442, 101.4, "Aedis Brom"),
(1478, 81, -8677.97, 400.221, 102.99, "Aedis Brom"),
(1478, 82, -8660.54, 413.082, 102.685, "Aedis Brom"),
(1478, 83, -8648.46, 423.018, 101.759, "Aedis Brom"),
(1478, 84, -8640.67, 423.029, 102.126, "Aedis Brom"),
(1478, 85, -8634.95, 415.618, 103.702, "Aedis Brom"),
(1478, 86, -8639.63, 411.121, 103.702, "Aedis Brom"),
(1478, 87, -8630.76, 399.438, 103.702, "Aedis Brom"),
(1478, 88, -8624.98, 401.716, 103.702, "Aedis Brom"),
(1478, 89, -8623.15, 401.202, 103.702, "Aedis Brom"),
(1478, 90, -8620.15, 398.061, 102.924, "Aedis Brom"),
(1478, 91, -8616.57, 400.041, 102.924, "Aedis Brom"),
(1478, 92, -8606.97, 388.687, 102.924, "Aedis Brom"),
(1478, 93, -8605.97, 388.41, 102.925, "Aedis Brom");

DELETE FROM `conditions` WHERE `SourceTypeOrReferenceId` = 22 AND `SourceEntry` = 1478 AND `SourceGroup` = 3+1;
DELETE FROM `conditions` WHERE `SourceTypeOrReferenceId` = 22 AND `SourceEntry` = 1478*100 AND `SourceGroup` IN (2+1, 3+1, 5+1);
DELETE FROM `conditions` WHERE `SourceTypeOrReferenceId` = 22 AND `SourceEntry` = 1478*100+01 AND `SourceGroup` IN (0+1, 1+1);
INSERT INTO `conditions` (`SourceTypeOrReferenceId`, `SourceGroup`, `SourceEntry`, `SourceId`, `ElseGroup`, `ConditionTypeOrReference`, `ConditionTarget`, `ConditionValue1`, `ConditionValue2`, `ConditionValue3`, `NegativeCondition`, `ErrorType`, `ErrorTextId`, `ScriptName`, `Comment`) VALUES
(22, 3+1, 1478, 0, 0, 29, 1, 1477, 30, 0, 0, 0, 0, "", "Execute SAI only if near creature"),
(22, 2+1, 1478*100, 9, 0, 29, 1, 1477, 30, 0, 0, 0, 0, "", "Execute SAI only if near creature"),
(22, 3+1, 1478*100, 9, 0, 29, 1, 1477, 30, 0, 0, 0, 0, "", "Execute SAI only if near creature"),
(22, 5+1, 1478*100, 9, 0, 29, 1, 1477, 30, 0, 0, 0, 0, "", "Execute SAI only if near creature"),
(22, 0+1, 1478*100+01, 9, 0, 29, 1, 1477, 30, 0, 0, 0, 0, "", "Execute SAI only if near creature"),
(22, 1+1, 1478*100+01, 9, 0, 29, 1, 1477, 30, 0, 0, 0, 0, "", "Execute SAI only if near creature");
