-- agregando items de la banda veranda de la primavera eterna a la tienda del juego
-- agregando nueva categoria a la tienda del juego
DELETE FROM `battle_pay_group` WHERE `id` = '15'; 
INSERT INTO `battle_pay_group` (`id`, `idx`, `name`, `icon`, `type`) VALUES ('15', '15', 'TOES N', '939381', '0'); 

DELETE FROM `locales_battle_pay_group` WHERE `id` = '15'; 
INSERT INTO `locales_battle_pay_group` (`id`, `name_loc1`, `name_loc2`, `name_loc3`, `name_loc4`, `name_loc5`, `name_loc6`, `name_loc7`, `name_loc8`, `name_loc9`, `name_loc10`, `name_loc11`) 
VALUES ('15', 'Terrace of Endless Spring Normal', NULL, NULL, NULL, NULL, 'Veranda de la Primavera Eterna Normal', 'Veranda de la Primavera Eterna Normal', NULL, NULL, NULL, NULL); 

-- agregando nuevos items a la tienda
DELETE FROM `battle_pay_product_items` WHERE `id` BETWEEN 310 AND 379;
INSERT INTO `battle_pay_product_items` (`id`, `itemId`, `count`, `productId`) 
VALUES 
('310', '86230', '1', '310'),
('311', '86231', '1', '311'),
('312', '86232', '1', '312'),
('313', '86233', '1', '313'),
('314', '86234', '1', '314'),
('315', '86315', '1', '315'),
('316', '86316', '1', '316'),
('317', '86317', '1', '317'),
('318', '86318', '1', '318'),
('319', '86319', '1', '319'),
('320', '86320', '1', '320'),
('321', '86321', '1', '321'),
('322', '86322', '1', '322'),
('323', '86323', '1', '323'),
('324', '86324', '1', '324'),
('325', '86325', '1', '325'),
('326', '86326', '1', '326'),
('327', '86327', '1', '327'),
('328', '86328', '1', '328'),
('329', '86329', '1', '329'),
('330', '86330', '1', '330'),
('331', '86331', '1', '331'),
('332', '86332', '1', '332'),
('333', '86333', '1', '333'),
('334', '86334', '1', '334'),
('335', '86335', '1', '335'),
('336', '86336', '1', '336'),
('337', '86337', '1', '337'),
('338', '86338', '1', '338'),
('339', '86339', '1', '339'),
('340', '86340', '1', '340'),
('341', '86341', '1', '341'),
('342', '86342', '1', '342'),
('343', '86343', '1', '343'),
('344', '86383', '1', '344'),
('345', '86384', '1', '345'),
('346', '86385', '1', '346'),
('347', '86386', '1', '347'),
('348', '86387', '1', '348'),
('349', '86388', '1', '349'),
('350', '86389', '1', '350'),
('351', '86390', '1', '351'),
('352', '86391', '1', '352'),
('353', '89234', '1', '353'),
('354', '89235', '1', '354'),
('355', '89236', '1', '355'),
('356', '89246', '1', '356'),
('357', '89247', '1', '357'),
('358', '89248', '1', '358'),
('359', '89839', '1', '359'),
('360', '89842', '1', '360'),
('361', '89843', '1', '361'),
('362', '89883', '1', '362'),
('363', '89884', '1', '363'),
('364', '89886', '1', '364'),
('365', '89887', '1', '365'),
('366', '90517', '1', '366'),
('367', '90518', '1', '367'),
('368', '90519', '1', '368'),
('369', '90520', '1', '369'),
('370', '90521', '1', '370'),
('371', '90522', '1', '371'),
('372', '90523', '1', '372'),
('373', '90524', '1', '373'),
('374', '90525', '1', '374'),
('375', '90526', '1', '375'),
('376', '90527', '1', '376'),
('377', '90528', '1', '377'),
('378', '90529', '1', '378'),
('379', '90530', '1', '379');

DELETE FROM `battle_pay_product` WHERE `id` BETWEEN 310 AND 379;
INSERT INTO `battle_pay_product` (`id`, `title`, `description`, `icon`, `price`, `discount`, `displayId`, `type`, `choiceType`, `flags`, `flagsInfo`) 
VALUES 
('310', 'Shop: Bracers of Defiled Earth', 'Item Level 496', '642717', '8', '0','0', '0', '1', '47', '0'),
('311', 'Shop: Regail\'s Band of the Endless', 'Item Level 496', '644432', '8', '0','0', '0', '1', '47', '0'),
('312', 'Shop: Deepwater Greatboots', 'Item Level 496', '642716', '8', '0','0', '0', '1', '47', '0'),
('313', 'Shop: Shackle of Eversparks', 'Item Level 496', '648542', '8', '0','0', '0', '1', '47', '0'),
('314', 'Shop: Kaolan\'s Withering Necklace', 'Item Level 496', '648536', '8', '0','0', '0', '1', '47', '0'),
('315', 'Shop: Watersoul Signet', 'Item Level 496', '645144', '8', '0','0', '0', '1', '47', '0'),
('316', 'Shop: Cloak of Overwhelming Corruption', 'Item Level 496', '629630', '8', '0','0', '0', '1', '47', '0'),
('317', 'Shop: Cuffs of the Corrupted Waters', 'Item Level 496', '594100', '8', '0','0', '0', '1', '47', '0'),
('318', 'Shop: Casque of Expelled Corruption', 'Item Level 496', '608657', '8', '0','0', '0', '1', '47', '0'),
('319', 'Shop: Lightning Prisoner\'s Boots', 'Item Level 496', '638594', '8', '0','0', '0', '1', '47', '0'),
('320', 'Shop: Asani\'s Uncleansed Sandals', 'Item Level 496', '631505', '8', '0','0', '0', '1', '47', '0'),
('321', 'Shop: Gao-Rei, Staff of the Legendary Protector', 'Item Level 496', '631697', '8', '0','0', '0', '1', '47', '0'),
('322', 'Shop: Dread Shadow Ring', 'Item Level 496', '652299', '8', '0','0', '0', '1', '47', '0'),
('323', 'Shop: Stuff of Nightmares', 'Item Level 496', '645354', '8', '0','0', '0', '1', '47', '0'),
('324', 'Shop: Sunwrought Mail Hauberk', 'Item Level 496', '631300', '8', '0','0', '0', '1', '47', '0'),
('325', 'Shop: Daybreak Drape', 'Item Level 496', '630617', '8', '0','0', '0', '1', '47', '0'),
('326', 'Shop: Belt of Embodied Terror', 'Item Level 496', '594098', '8', '0','0', '0', '1', '47', '0'),
('327', 'Shop: Spirits of the Sun', 'Item Level 496', '461802', '8', '0','0', '0', '1', '47', '0'),
('328', 'Shop: Loshan, Terror Incarnate', 'Item Level 496', '629515', '8', '0','0', '0', '1', '47', '0'),
('329', 'Shop: Sollerets of Instability', 'Item Level 496', '608653', '8', '0','0', '0', '1', '47', '0'),
('330', 'Shop: Sandals of the Blackest Night', 'Item Level 496', '608942', '8', '0','0', '0', '1', '47', '0'),
('331', 'Shop: Taoren, the Soul Burner', 'Item Level 496', '635351', '8', '0','0', '0', '1', '47', '0'),
('332', 'Shop: Terror in the Mists', 'Item Level 496', '652955', '8', '0','0', '0', '1', '47', '0'),
('333', 'Shop: Cuirass of the Animated Protector', 'Item Level 496', '613305', '8', '0','0', '0', '1', '47', '0'),
('334', 'Shop: Robes of the Unknown Fear', 'Item Level 496', '618868', '8', '0','0', '0', '1', '47', '0'),
('335', 'Shop: Jin\'ya, Orb of the Waterspeaker', 'Item Level 496', '775556', '8', '0','0', '0', '1', '47', '0'),
('336', 'Shop: Darkmist Vortex', 'Item Level 496', '511543', '8', '0','0', '0', '1', '47', '0'),
('337', 'Shop: Healer\'s Belt of Final Winter', 'Item Level 496', '594098', '8', '0','0', '0', '1', '47', '0'),
('338', 'Shop: Invoker\'s Belt of Final Winter', 'Item Level 496', '618861', '8', '0','0', '0', '1', '47', '0'),
('339', 'Shop: Sorcerer\'s Belt of Final Winter', 'Item Level 496', '618861', '8', '0','0', '0', '1', '47', '0'),
('340', 'Shop: Weaver\'s Cord of Eternal Autumn', 'Item Level 496', '627310', '8', '0','0', '0', '1', '47', '0'),
('341', 'Shop: Stalker\'s Cord of Eternal Autumn', 'Item Level 496', '645124', '8', '0','0', '0', '1', '47', '0'),
('342', 'Shop: Binder\'s Chain of Unending Summer', 'Item Level 496', '638593', '8', '0','0', '0', '1', '47', '0'),
('343', 'Shop: Ranger\'s Chain of Unending Summer', 'Item Level 496', '631297', '8', '0','0', '0', '1', '47', '0'),
('344', 'Shop: Mender\'s Girdle of Endless Spring', 'Item Level 496', '608652', '8', '0','0', '0', '1', '47', '0'),
('345', 'Shop: Protector\'s Girdle of Endless Spring', 'Item Level 496', '613302', '8', '0','0', '0', '1', '47', '0'),
('346', 'Shop: Patroller\'s Girdle of Endless Spring', 'Item Level 496', '642715', '8', '0','0', '0', '1', '47', '0'),
('347', 'Shop: Shin\'ka, Execution of Dominion', 'Item Level 496', '652971', '8', '0','0', '0', '1', '47', '0'),
('348', 'Shop: Kilrak, Jaws of Terror', 'Item Level 496', '646019', '8', '0','0', '0', '1', '47', '0'),
('349', 'Shop: Essence of Terror', 'Item Level 496', '652955', '8', '0','0', '0', '1', '47', '0'),
('350', 'Shop: Dreadwoven Leggings of Failure', 'Item Level 496', '618867', '8', '0','0', '0', '1', '47', '0'),
('351', 'Shop: Regail\'s Crackling Dagger', 'Item Level 496', '633140', '8', '0','0', '0', '1', '47', '0'),
('352', 'Shop: Spiritsever', 'Item Level 496', '775555', '8', '0','0', '0', '1', '47', '0'),
('353', 'Shop: Helm of the Shadowy Vanquisher', 'Item Level 496', '133126', '8', '0','0', '0', '1', '47', '0'),
('354', 'Shop: Helm of the Shadowy Conqueror', 'Item Level 496', '133126', '8', '0','0', '0', '1', '47', '0'),
('355', 'Shop: Helm of the Shadowy Protector', 'Item Level 496', '133126', '8', '0','0', '0', '1', '47', '0'),
('356', 'Shop: Shoulders of the Shadowy Conqueror', 'Item Level 496', '135053', '8', '0','0', '0', '1', '47', '0'),
('357', 'Shop: Shoulders of the Shadowy Protector', 'Item Level 496', '135053', '8', '0','0', '0', '1', '47', '0'),
('358', 'Shop: Shoulders of the Shadowy Vanquisher', 'Item Level 496', '135053', '8', '0','0', '0', '1', '47', '0'),
('359', 'Shop: Shadowgrip Girdle', 'Item Level 496', '631297', '8', '0','0', '0', '1', '47', '0'),
('360', 'Shop: Gauntlets of the Shadow\'s Caress', 'Item Level 496', '645128', '8', '0','0', '0', '1', '47', '0'),
('361', 'Shop: Grasps of Serpentine Might', 'Item Level 496', '642719', '8', '0','0', '0', '1', '47', '0'),
('362', 'Shop: Shoulderpads of Twisted Fate', 'Item Level 496', '618869', '8', '0','0', '0', '1', '47', '0'),
('363', 'Shop: Fear-Blackened Leggings', 'Item Level 496', '631516', '8', '0','0', '0', '1', '47', '0'),
('364', 'Shop: Wrap of Instant Petrification', 'Item Level 496', '645127', '8', '0','0', '0', '1', '47', '0'),
('365', 'Shop: Robes of Pinioned Eyes', 'Item Level 496', '594101', '8', '0','0', '0', '1', '47', '0'),
('366', 'Shop: Regail\'s Band of the Endless', 'Item Elite, Item Level 503', '644432', '8', '0','0', '0', '1', '47', '0'),
('367', 'Shop: Legguards of Failing Purification', 'Item Elite, Item Level 503', '645130', '8', '0','0', '0', '1', '47', '0'),
('368', 'Shop: Waterborne Shoulderguards', 'Item Elite, Item Level 503', '638600', '8', '0','0', '0', '1', '47', '0'),
('369', 'Shop: Bracers of Defiled Earth', 'Item Elite, Item Level 503', '642717', '8', '0','0', '0', '1', '47', '0'),
('370', 'Shop: Deepwater Greatboots', 'Item Elite, Item Level 503', '642716', '8', '0','0', '0', '1', '47', '0'),
('371', 'Shop: Shackle of Eversparks', 'Item Elite, Item Level 503', '648542', '8', '0','0', '0', '1', '47', '0'),
('372', 'Shop: Kaolan\'s Withering Necklace', 'Item Elite, Item Level 503', '648536', '8', '0','0', '0', '1', '47', '0'),
('373', 'Shop: Cuffs of the Corrupted Waters', 'Item Elite, Item Level 503', '594100', '8', '0','0', '0', '1', '47', '0'),
('374', 'Shop: Watersoul Signet', 'Item Elite, Item Level 503', '645144', '8', '0','0', '0', '1', '47', '0'),
('375', 'Shop: Cloak of Overwhelming Corruption', 'Item Elite, Item Level 503', '629630', '8', '0','0', '0', '1', '47', '0'),
('376', 'Shop: Regail\'s Crackling Dagger', 'Item Elite, Item Level 503', '633140', '8', '0','0', '0', '1', '47', '0'),
('377', 'Shop: Asani\'s Uncleansed Sandals', 'Item Elite, Item Level 503', '631505', '8', '0','0', '0', '1', '47', '0'),
('378', 'Shop: Lightning Prisoner\'s Boots', 'Item Elite, Item Level 503', '638594', '8', '0','0', '0', '1', '47', '0'),
('379', 'Shop: Casque of Expelled Corruption', 'Item Elite, Item Level 503', '608657', '8', '0','0', '0', '1', '47', '0');

DELETE FROM `battle_pay_entry` WHERE `id` BETWEEN 310 AND 379;
INSERT INTO `battle_pay_entry` (`id`, `productId`, `groupId`, `idx`, `title`, `description`, `icon`, `displayId`, `banner`, `flags`) 
VALUES 
('310', '310', '15', '0', 'Bracers of Defiled Earth', 'Item Level 496', '0', '0', '2', '0'),
('311', '311', '15', '1', 'Regail\'s Band of the Endless', 'Item Level 496', '0', '0', '2', '0'),
('312', '312', '15', '2', 'Deepwater Greatboots', 'Item Level 496', '0', '0', '2', '0'),
('313', '313', '15', '3', 'Shackle of Eversparks', 'Item Level 496', '0', '0', '2', '0'),
('314', '314', '15', '4', 'Kaolan\'s Withering Necklace', 'Item Level 496', '0', '0', '2', '0'),
('315', '315', '15', '5', 'Watersoul Signet', 'Item Level 496', '0', '0', '2', '0'),
('316', '316', '15', '6', 'Cloak of Overwhelming Corruption', 'Item Level 496', '0', '0', '2', '0'),
('317', '317', '15', '7', 'Cuffs of the Corrupted Waters', 'Item Level 496', '0', '0', '2', '0'),
('318', '318', '15', '8', 'Casque of Expelled Corruption', 'Item Level 496', '0', '0', '2', '0'),
('319', '319', '15', '9', 'Lightning Prisoner\'s Boots', 'Item Level 496', '0', '0', '2', '0'),
('320', '320', '15', '10', 'Asani\'s Uncleansed Sandals', 'Item Level 496', '0', '0', '2', '0'),
('321', '321', '15', '11', 'Gao-Rei, Staff of the Legendary Protector', 'Item Level 496', '0', '0', '2', '0'),
('322', '322', '15', '12', 'Dread Shadow Ring', 'Item Level 496', '0', '0', '2', '0'),
('323', '323', '15', '13', 'Stuff of Nightmares', 'Item Level 496', '0', '0', '2', '0'),
('324', '324', '15', '14', 'Sunwrought Mail Hauberk', 'Item Level 496', '0', '0', '2', '0'),
('325', '325', '15', '15', 'Daybreak Drape', 'Item Level 496', '0', '0', '2', '0'),
('326', '326', '15', '16', 'Belt of Embodied Terror', 'Item Level 496', '0', '0', '2', '0'),
('327', '327', '15', '17', 'Spirits of the Sun', 'Item Level 496', '0', '0', '2', '0'),
('328', '328', '15', '18', 'Loshan, Terror Incarnate', 'Item Level 496', '0', '0', '2', '0'),
('329', '329', '15', '19', 'Sollerets of Instability', 'Item Level 496', '0', '0', '2', '0'),
('330', '330', '15', '20', 'Sandals of the Blackest Night', 'Item Level 496', '0', '0', '2', '0'),
('331', '331', '15', '21', 'Taoren, the Soul Burner', 'Item Level 496', '0', '0', '2', '0'),
('332', '332', '15', '22', 'Terror in the Mists', 'Item Level 496', '0', '0', '2', '0'),
('333', '333', '15', '23', 'Cuirass of the Animated Protector', 'Item Level 496', '0', '0', '2', '0'),
('334', '334', '15', '24', 'Robes of the Unknown Fear', 'Item Level 496', '0', '0', '2', '0'),
('335', '335', '15', '25', 'Jin\'ya, Orb of the Waterspeaker', 'Item Level 496', '0', '0', '2', '0'),
('336', '336', '15', '26', 'Darkmist Vortex', 'Item Level 496', '0', '0', '2', '0'),
('337', '337', '15', '27', 'Healer\'s Belt of Final Winter', 'Item Level 496', '0', '0', '2', '0'),
('338', '338', '15', '28', 'Invoker\'s Belt of Final Winter', 'Item Level 496', '0', '0', '2', '0'),
('339', '339', '15', '29', 'Sorcerer\'s Belt of Final Winter', 'Item Level 496', '0', '0', '2', '0'),
('340', '340', '15', '30', 'Weaver\'s Cord of Eternal Autumn', 'Item Level 496', '0', '0', '2', '0'),
('341', '341', '15', '31', 'Stalker\'s Cord of Eternal Autumn', 'Item Level 496', '0', '0', '2', '0'),
('342', '342', '15', '32', 'Binder\'s Chain of Unending Summer', 'Item Level 496', '0', '0', '2', '0'),
('343', '343', '15', '33', 'Ranger\'s Chain of Unending Summer', 'Item Level 496', '0', '0', '2', '0'),
('344', '344', '15', '34', 'Mender\'s Girdle of Endless Spring', 'Item Level 496', '0', '0', '2', '0'),
('345', '345', '15', '35', 'Protector\'s Girdle of Endless Spring', 'Item Level 496', '0', '0', '2', '0'),
('346', '346', '15', '36', 'Patroller\'s Girdle of Endless Spring', 'Item Level 496', '0', '0', '2', '0'),
('347', '347', '15', '37', 'Shin\'ka, Execution of Dominion', 'Item Level 496', '0', '0', '2', '0'),
('348', '348', '15', '38', 'Kilrak, Jaws of Terror', 'Item Level 496', '0', '0', '2', '0'),
('349', '349', '15', '39', 'Essence of Terror', 'Item Level 496', '0', '0', '2', '0'),
('350', '350', '15', '40', 'Dreadwoven Leggings of Failure', 'Item Level 496', '0', '0', '2', '0'),
('351', '351', '15', '41', 'Regail\'s Crackling Dagger', 'Item Level 496', '0', '0', '2', '0'),
('352', '352', '15', '42', 'Spiritsever', 'Item Level 496', '0', '0', '2', '0'),
('353', '353', '15', '43', 'Helm of the Shadowy Vanquisher', 'Item Level 496', '0', '0', '2', '0'),
('354', '354', '15', '44', 'Helm of the Shadowy Conqueror', 'Item Level 496', '0', '0', '2', '0'),
('355', '355', '15', '45', 'Helm of the Shadowy Protector', 'Item Level 496', '0', '0', '2', '0'),
('356', '356', '15', '46', 'Shoulders of the Shadowy Conqueror', 'Item Level 496', '0', '0', '2', '0'),
('357', '357', '15', '47', 'Shoulders of the Shadowy Protector', 'Item Level 496', '0', '0', '2', '0'),
('358', '358', '15', '48', 'Shoulders of the Shadowy Vanquisher', 'Item Level 496', '0', '0', '2', '0'),
('359', '359', '15', '49', 'Shadowgrip Girdle', 'Item Level 496', '0', '0', '2', '0'),
('360', '360', '15', '50', 'Gauntlets of the Shadow\'s Caress', 'Item Level 496', '0', '0', '2', '0'),
('361', '361', '15', '51', 'Grasps of Serpentine Might', 'Item Level 496', '0', '0', '2', '0'),
('362', '362', '15', '52', 'Shoulderpads of Twisted Fate', 'Item Level 496', '0', '0', '2', '0'),
('363', '363', '15', '53', 'Fear-Blackened Leggings', 'Item Level 496', '0', '0', '2', '0'),
('364', '364', '15', '54', 'Wrap of Instant Petrification', 'Item Level 496', '0', '0', '2', '0'),
('365', '365', '15', '55', 'Robes of Pinioned Eyes', 'Item Level 496', '0', '0', '2', '0'),
('366', '366', '15', '56', 'Regail\'s Band of the Endless', 'Item Elite, Item Level 503', '0', '0', '2', '0'),
('367', '367', '15', '57', 'Legguards of Failing Purification', 'Item Elite, Item Level 503', '0', '0', '2', '0'),
('368', '368', '15', '58', 'Waterborne Shoulderguards', 'Item Elite, Item Level 503', '0', '0', '2', '0'),
('369', '369', '15', '59', 'Bracers of Defiled Earth', 'Item Elite, Item Level 503', '0', '0', '2', '0'),
('370', '370', '15', '60', 'Deepwater Greatboots', 'Item Elite, Item Level 503', '0', '0', '2', '0'),
('371', '371', '15', '61', 'Shackle of Eversparks', 'Item Elite, Item Level 503', '0', '0', '2', '0'),
('372', '372', '15', '62', 'Kaolan\'s Withering Necklace', 'Item Elite, Item Level 503', '0', '0', '2', '0'),
('373', '373', '15', '63', 'Cuffs of the Corrupted Waters', 'Item Elite, Item Level 503', '0', '0', '2', '0'),
('374', '374', '15', '64', 'Watersoul Signet', 'Item Elite, Item Level 503', '0', '0', '2', '0'),
('375', '375', '15', '65', 'Cloak of Overwhelming Corruption', 'Item Elite, Item Level 503', '0', '0', '2', '0'),
('376', '376', '15', '66', 'Regail\'s Crackling Dagger', 'Item Elite, Item Level 503', '0', '0', '2', '0'),
('377', '377', '15', '67', 'Asani\'s Uncleansed Sandals', 'Item Elite, Item Level 503', '0', '0', '2', '0'),
('378', '378', '15', '68', 'Lightning Prisoner\'s Boots', 'Item Elite, Item Level 503', '0', '0', '2', '0'),
('379', '379', '15', '69', 'Casque of Expelled Corruption', 'Item Elite, Item Level 503', '0', '0', '2', '0');

-- agregando traducciones
DELETE FROM `locales_battle_pay_entry` WHERE `id` BETWEEN 310 AND 379;
INSERT INTO `locales_battle_pay_entry` (`id`, `title_loc1`, `title_loc6`, `title_loc7`, `description_loc1`, `description_loc6`, `description_loc7`) 
VALUES 
('310', 'Bracers of Defiled Earth', 'Brazales de tierra profanada', 'Brazales de tierra profanada', 'Item Level 496', 'Nivel de Equipo 496', 'Nivel de Equipo 496'),
('311', 'Regail\'s Band of the Endless', 'Sortija del eterno de Regail', 'Sortija del eterno de Regail', 'Item Level 496', 'Nivel de Equipo 496', 'Nivel de Equipo 496'),
('312', 'Deepwater Greatboots', 'Grandes botas Aguahonda', 'Grandes botas Aguahonda', 'Item Level 496', 'Nivel de Equipo 496', 'Nivel de Equipo 496'),
('313', 'Shackle of Eversparks', 'Grilletes de Siemprechispa', 'Grilletes de Siemprechispa', 'Item Level 496', 'Nivel de Equipo 496', 'Nivel de Equipo 496'),
('314', 'Kaolan\'s Withering Necklace', 'Collar de fulminación de Kaolan', 'Collar de fulminación de Kaolan', 'Item Level 496', 'Nivel de Equipo 496', 'Nivel de Equipo 496'),
('315', 'Watersoul Signet', 'Sello de alma acuosa', 'Sello de alma acuosa', 'Item Level 496', 'Nivel de Equipo 496', 'Nivel de Equipo 496'),
('316', 'Cloak of Overwhelming Corruption', 'Capa de corrupción sobrecogedora', 'Capa de corrupción sobrecogedora', 'Item Level 496', 'Nivel de Equipo 496', 'Nivel de Equipo 496'),
('317', 'Cuffs of the Corrupted Waters', 'Puños de las aguas corruptas', 'Puños de las aguas corruptas', 'Item Level 496', 'Nivel de Equipo 496', 'Nivel de Equipo 496'),
('318', 'Casque of Expelled Corruption', 'Borgoñota de corrupción expulsada', 'Borgoñota de corrupción expulsada', 'Item Level 496', 'Nivel de Equipo 496', 'Nivel de Equipo 496'),
('319', 'Lightning Prisoner\'s Boots', 'Botas de prisionero de relámpagos', 'Botas de prisionero de relámpagos', 'Item Level 496', 'Nivel de Equipo 496', 'Nivel de Equipo 496'),
('320', 'Asani\'s Uncleansed Sandals', 'Sandalias sucias de Asani', 'Sandalias sucias de Asani', 'Item Level 496', 'Nivel de Equipo 496', 'Nivel de Equipo 496'),
('321', 'Gao-Rei, Staff of the Legendary Protector', 'Gao-Rei, Bastón del protector legendario', 'Gao-Rei, Bastón del protector legendario', 'Item Level 496', 'Nivel de Equipo 496', 'Nivel de Equipo 496'),
('322', 'Dread Shadow Ring', 'Anillo de sombras aterrador', 'Anillo de sombras aterrador', 'Item Level 496', 'Nivel de Equipo 496', 'Nivel de Equipo 496'),
('323', 'Stuff of Nightmares', 'Cualidad de pesadillas', 'Cualidad de pesadillas', 'Item Level 496', 'Nivel de Equipo 496', 'Nivel de Equipo 496'),
('324', 'Sunwrought Mail Hauberk', 'Camisote de malla forjada por el sol', 'Camisote de malla forjada por el sol', 'Item Level 496', 'Nivel de Equipo 496', 'Nivel de Equipo 496'),
('325', 'Daybreak Drape', 'Mantón de amanecer', 'Mantón de amanecer', 'Item Level 496', 'Nivel de Equipo 496', 'Nivel de Equipo 496'),
('326', 'Belt of Embodied Terror', 'Cinturón del terror encarnado', 'Cinturón del terror encarnado', 'Item Level 496', 'Nivel de Equipo 496', 'Nivel de Equipo 496'),
('327', 'Spirits of the Sun', 'Espíritus del sol', 'Espíritus del sol', 'Item Level 496', 'Nivel de Equipo 496', 'Nivel de Equipo 496'),
('328', 'Loshan, Terror Incarnate', 'Loshan, Encarnación del terror', 'Loshan, Encarnación del terror', 'Item Level 496', 'Nivel de Equipo 496', 'Nivel de Equipo 496'),
('329', 'Sollerets of Instability', 'Zapatos herrados de inestabilidad', 'Zapatos herrados de inestabilidad', 'Item Level 496', 'Nivel de Equipo 496', 'Nivel de Equipo 496'),
('330', 'Sandals of the Blackest Night', 'Sandalias de la noche más oscura', 'Sandalias de la noche más oscura', 'Item Level 496', 'Nivel de Equipo 496', 'Nivel de Equipo 496'),
('331', 'Taoren, the Soul Burner', 'Taoren, Abrasadora de Almas', 'Taoren, Abrasadora de Almas', 'Item Level 496', 'Nivel de Equipo 496', 'Nivel de Equipo 496'),
('332', 'Terror in the Mists', 'Terror en la niebla', 'Terror en la niebla', 'Item Level 496', 'Nivel de Equipo 496', 'Nivel de Equipo 496'),
('333', 'Cuirass of the Animated Protector', 'Loriga del protector animado', 'Loriga del protector animado', 'Item Level 496', 'Nivel de Equipo 496', 'Nivel de Equipo 496'),
('334', 'Robes of the Unknown Fear', 'Togas del miedo desconocido', 'Togas del miedo desconocido', 'Item Level 496', 'Nivel de Equipo 496', 'Nivel de Equipo 496'),
('335', 'Jin\'ya, Orb of the Waterspeaker', 'Jin\'ya, Orbe del orador de agua', 'Jin\'ya, Orbe del orador de agua', 'Item Level 496', 'Nivel de Equipo 496', 'Nivel de Equipo 496'),
('336', 'Darkmist Vortex', 'Vórtice Niebla Negra', 'Vórtice Niebla Negra', 'Item Level 496', 'Nivel de Equipo 496', 'Nivel de Equipo 496'),
('337', 'Healer\'s Belt of Final Winter', 'Cinturón de sanador del invierno definitivo', 'Cinturón de sanador del invierno definitivo', 'Item Level 496', 'Nivel de Equipo 496', 'Nivel de Equipo 496'),
('338', 'Invoker\'s Belt of Final Winter', 'Cinturón de invocador del invierno definitivo', 'Cinturón de invocador del invierno definitivo', 'Item Level 496', 'Nivel de Equipo 496', 'Nivel de Equipo 496'),
('339', 'Sorcerer\'s Belt of Final Winter', 'Cinturón de hechicero del invierno definitivo', 'Cinturón de hechicero del invierno definitivo', 'Item Level 496', 'Nivel de Equipo 496', 'Nivel de Equipo 496'),
('340', 'Weaver\'s Cord of Eternal Autumn', 'Cordón de tejedor del otoño infinito', 'Cordón de tejedor del otoño infinito', 'Item Level 496', 'Nivel de Equipo 496', 'Nivel de Equipo 496'),
('341', 'Stalker\'s Cord of Eternal Autumn', 'Cordón de acechador del otoño infinito', 'Cordón de acechador del otoño infinito', 'Item Level 496', 'Nivel de Equipo 496', 'Nivel de Equipo 496'),
('342', 'Binder\'s Chain of Unending Summer', 'Cadena de vinculador del verano interminable', 'Cadena de vinculador del verano interminable', 'Item Level 496', 'Nivel de Equipo 496', 'Nivel de Equipo 496'),
('343', 'Ranger\'s Chain of Unending Summer', 'Cadena de general del verano interminable', 'Cadena de general del verano interminable', 'Item Level 496', 'Nivel de Equipo 496', 'Nivel de Equipo 496'),
('344', 'Mender\'s Girdle of Endless Spring', 'Faja de curandero de la primavera eterna', 'Faja de curandero de la primavera eterna', 'Item Level 496', 'Nivel de Equipo 496', 'Nivel de Equipo 496'),
('345', 'Protector\'s Girdle of Endless Spring', 'Faja de protector de la primavera eterna', 'Faja de protector de la primavera eterna', 'Item Level 496', 'Nivel de Equipo 496', 'Nivel de Equipo 496'),
('346', 'Patroller\'s Girdle of Endless Spring', 'Faja de patrulla de la primavera eterna', 'Faja de patrulla de la primavera eterna', 'Item Level 496', 'Nivel de Equipo 496', 'Nivel de Equipo 496'),
('347', 'Shin\'ka, Execution of Dominion', 'Shin\'ka, Ejecución de dominio', 'Shin\'ka, Ejecución de dominio', 'Item Level 496', 'Nivel de Equipo 496', 'Nivel de Equipo 496'),
('348', 'Kilrak, Jaws of Terror', 'Kilrak, mandíbulas del terror', 'Kilrak, mandíbulas del terror', 'Item Level 496', 'Nivel de Equipo 496', 'Nivel de Equipo 496'),
('349', 'Essence of Terror', 'Esencia de terror', 'Esencia de terror', 'Item Level 496', 'Nivel de Equipo 496', 'Nivel de Equipo 496'),
('350', 'Dreadwoven Leggings of Failure', 'Leotardos de tela aterradora del fracaso', 'Leotardos de tela aterradora del fracaso', 'Item Level 496', 'Nivel de Equipo 496', 'Nivel de Equipo 496'),
('351', 'Regail\'s Crackling Dagger', 'Daga resonante de Regail', 'Daga resonante de Regail', 'Item Level 496', 'Nivel de Equipo 496', 'Nivel de Equipo 496'),
('352', 'Spiritsever', 'Cercenaespíritus', 'Cercenaespíritus', 'Item Level 496', 'Nivel de Equipo 496', 'Nivel de Equipo 496'),
('353', 'Helm of the Shadowy Vanquisher', 'Yelmo del vencedor sombrío', 'Yelmo del vencedor sombrío', 'Item Level 496', 'Nivel de Equipo 496', 'Nivel de Equipo 496'),
('354', 'Helm of the Shadowy Conqueror', 'Yelmo del conquistador sombrío', 'Yelmo del conquistador sombrío', 'Item Level 496', 'Nivel de Equipo 496', 'Nivel de Equipo 496'),
('355', 'Helm of the Shadowy Protector', 'Yelmo del protector sombrío', 'Yelmo del protector sombrío', 'Item Level 496', 'Nivel de Equipo 496', 'Nivel de Equipo 496'),
('356', 'Shoulders of the Shadowy Conqueror', 'Sobrehombros del conquistador sombrío', 'Sobrehombros del conquistador sombrío', 'Item Level 496', 'Nivel de Equipo 496', 'Nivel de Equipo 496'),
('357', 'Shoulders of the Shadowy Protector', 'Sobrehombros del protector sombrío', 'Sobrehombros del protector sombrío', 'Item Level 496', 'Nivel de Equipo 496', 'Nivel de Equipo 496'),
('358', 'Shoulders of the Shadowy Vanquisher', 'Sobrehombros del vencedor sombrío', 'Sobrehombros del vencedor sombrío', 'Item Level 496', 'Nivel de Equipo 496', 'Nivel de Equipo 496'),
('359', 'Shadowgrip Girdle', 'Faja de agarre sombrío', 'Faja de agarre sombrío', 'Item Level 496', 'Nivel de Equipo 496', 'Nivel de Equipo 496'),
('360', 'Gauntlets of the Shadow\'s Caress', 'Guanteletes de caricia de las sombras', 'Guanteletes de caricia de las sombras', 'Item Level 496', 'Nivel de Equipo 496', 'Nivel de Equipo 496'),
('361', 'Grasps of Serpentine Might', 'Garras de poder serpentino', 'Garras de poder serpentino', 'Item Level 496', 'Nivel de Equipo 496', 'Nivel de Equipo 496'),
('362', 'Shoulderpads of Twisted Fate', 'Hombreras de destino torcido', 'Hombreras de destino torcido', 'Item Level 496', 'Nivel de Equipo 496', 'Nivel de Equipo 496'),
('363', 'Fear-Blackened Leggings', 'Leotardos ennegrecidos por el miedo', 'Leotardos ennegrecidos por el miedo', 'Item Level 496', 'Nivel de Equipo 496', 'Nivel de Equipo 496'),
('364', 'Wrap of Instant Petrification', 'Envoltura de petrificación instantánea', 'Envoltura de petrificación instantánea', 'Item Level 496', 'Nivel de Equipo 496', 'Nivel de Equipo 496'),
('365', 'Robes of Pinioned Eyes', 'Togas de ojos inmóviles', 'Togas de ojos inmóviles', 'Item Level 496', 'Nivel de Equipo 496', 'Nivel de Equipo 496'),
('366', 'Regail\'s Band of the Endless', 'Sortija del eterno de Regail', 'Sortija del eterno de Regail', 'Item Elite Level 503', 'Objeto de Elite, Nivel de Objeto 503', 'Objeto de Elite, Nivel de Objeto 503'),
('367', 'Legguards of Failing Purification', 'Musleras de purificación defectuosa', 'Musleras de purificación defectuosa', 'Item Elite Level 503', 'Objeto de Elite, Nivel de Objeto 503', 'Objeto de Elite, Nivel de Objeto 503'),
('368', 'Waterborne Shoulderguards', 'Guardahombros resistentes al agua', 'Guardahombros resistentes al agua', 'Item Elite Level 503', 'Objeto de Elite, Nivel de Objeto 503', 'Objeto de Elite, Nivel de Objeto 503'),
('369', 'Bracers of Defiled Earth', 'Brazales de tierra profanada', 'Brazales de tierra profanada', 'Item Elite Level 503', 'Objeto de Elite, Nivel de Objeto 503', 'Objeto de Elite, Nivel de Objeto 503'),
('370', 'Deepwater Greatboots', 'Grandes botas Aguahonda', 'Grandes botas Aguahonda', 'Item Elite Level 503', 'Objeto de Elite, Nivel de Objeto 503', 'Objeto de Elite, Nivel de Objeto 503'),
('371', 'Shackle of Eversparks', 'Grilletes de Siemprechispa', 'Grilletes de Siemprechispa', 'Item Elite Level 503', 'Objeto de Elite, Nivel de Objeto 503', 'Objeto de Elite, Nivel de Objeto 503'),
('372', 'Kaolan\'s Withering Necklace', 'Collar de fulminación de Kaolan', 'Collar de fulminación de Kaolan', 'Item Elite Level 503', 'Objeto de Elite, Nivel de Objeto 503', 'Objeto de Elite, Nivel de Objeto 503'),
('373', 'Cuffs of the Corrupted Waters', 'Puños de las aguas corruptas', 'Puños de las aguas corruptas', 'Item Elite Level 503', 'Objeto de Elite, Nivel de Objeto 503', 'Objeto de Elite, Nivel de Objeto 503'),
('374', 'Watersoul Signet', 'Sello de alma acuosa', 'Sello de alma acuosa', 'Item Elite Level 503', 'Objeto de Elite, Nivel de Objeto 503', 'Objeto de Elite, Nivel de Objeto 503'),
('375', 'Cloak of Overwhelming Corruption', 'Capa de corrupción sobrecogedora', 'Capa de corrupción sobrecogedora', 'Item Elite Level 503', 'Objeto de Elite, Nivel de Objeto 503', 'Objeto de Elite, Nivel de Objeto 503'),
('376', 'Regail\'s Crackling Dagger', 'Daga resonante de Regail', 'Daga resonante de Regail', 'Item Elite Level 503', 'Objeto de Elite, Nivel de Objeto 503', 'Objeto de Elite, Nivel de Objeto 503'),
('377', 'Asani\'s Uncleansed Sandals', 'Sandalias sucias de Asani', 'Sandalias sucias de Asani', 'Item Elite Level 503', 'Objeto de Elite, Nivel de Objeto 503', 'Objeto de Elite, Nivel de Objeto 503'),
('378', 'Lightning Prisoner\'s Boots', 'Botas de prisionero de relámpagos', 'Botas de prisionero de relámpagos', 'Item Elite Level 503', 'Objeto de Elite, Nivel de Objeto 503', 'Objeto de Elite, Nivel de Objeto 503'),
('379', 'Casque of Expelled Corruption', 'Borgoñota de corrupción expulsada', 'Borgoñota de corrupción expulsada', 'Item Elite Level 503', 'Objeto de Elite, Nivel de Objeto 503', 'Objeto de Elite, Nivel de Objeto 503');
