-- misiones de recompensa de arenas
DELETE FROM `quest_template` WHERE Id BETWEEN 40001 AND 40018;
insert into `quest_template` (`Id`, `Method`, `Level`, `MinLevel`, `MaxLevel`, `ZoneOrSort`, `Type`, `SuggestedPlayers`, `LimitTime`, `RequiredClasses`, `RequiredRaces`, `RequiredSkillId`, `RequiredSkillPoints`, `RequiredMinRepFaction`, `RequiredMaxRepFaction`, `RequiredMinRepValue`, `RequiredMaxRepValue`, `PrevQuestId`, `NextQuestId`, `ExclusiveGroup`, `NextQuestIdChain`, `RewardXPId`, `RewardOrRequiredMoney`, `RewardMoneyMaxLevel`, `RewardSpell`, `RewardSpellCast`, `RewardHonor`, `RewardHonorMultiplier`, `RewardMailTemplateId`, `RewardMailDelay`, `SourceItemId`, `SourceSpellId`, `Flags`, `Flags2`, `SpecialFlags`, `MinimapTargetMark`, `RewardTitleId`, `RewardTalents`, `RewardArenaPoints`, `RewardSkillId`, `RewardSkillPoints`, `RewardReputationMask`, `QuestGiverPortrait`, `QuestTurnInPortrait`, `RewardPackageItemId`, `RewardItemId1`, `RewardItemId2`, `RewardItemId3`, `RewardItemId4`, `RewardItemCount1`, `RewardItemCount2`, `RewardItemCount3`, `RewardItemCount4`, `RewardChoiceItemId1`, `RewardChoiceItemId2`, `RewardChoiceItemId3`, `RewardChoiceItemId4`, `RewardChoiceItemId5`, `RewardChoiceItemId6`, `RewardChoiceItemCount1`, `RewardChoiceItemCount2`, `RewardChoiceItemCount3`, `RewardChoiceItemCount4`, `RewardChoiceItemCount5`, `RewardChoiceItemCount6`, `RewardFactionId1`, `RewardFactionId2`, `RewardFactionId3`, `RewardFactionId4`, `RewardFactionId5`, `RewardFactionValueId1`, `RewardFactionValueId2`, `RewardFactionValueId3`, `RewardFactionValueId4`, `RewardFactionValueId5`, `RewardFactionValueIdOverride1`, `RewardFactionValueIdOverride2`, `RewardFactionValueIdOverride3`, `RewardFactionValueIdOverride4`, `RewardFactionValueIdOverride5`, `PointMapId`, `PointX`, `PointY`, `PointOption`, `Title`, `Objectives`, `Details`, `EndText`, `OfferRewardText`, `RequestItemsText`, `CompletedText`, `RequiredSourceItemId1`, `RequiredSourceItemId2`, `RequiredSourceItemId3`, `RequiredSourceItemId4`, `RequiredSourceItemCount1`, `RequiredSourceItemCount2`, `RequiredSourceItemCount3`, `RequiredSourceItemCount4`, `RewardCurrencyId1`, `RewardCurrencyId2`, `RewardCurrencyId3`, `RewardCurrencyId4`, `RewardCurrencyCount1`, `RewardCurrencyCount2`, `RewardCurrencyCount3`, `RewardCurrencyCount4`, `QuestGiverTextWindow`, `QuestGiverTargetName`, `QuestTurnTextWindow`, `QuestTurnTargetName`, `SoundAccept`, `SoundTurnIn`, `DetailsEmote1`, `DetailsEmote2`, `DetailsEmote3`, `DetailsEmote4`, `DetailsEmoteDelay1`, `DetailsEmoteDelay2`, `DetailsEmoteDelay3`, `DetailsEmoteDelay4`, `EmoteOnIncomplete`, `EmoteOnComplete`, `OfferRewardEmote1`, `OfferRewardEmote2`, `OfferRewardEmote3`, `OfferRewardEmote4`, `OfferRewardEmoteDelay1`, `OfferRewardEmoteDelay2`, `OfferRewardEmoteDelay3`, `OfferRewardEmoteDelay4`, `WDBVerified`) 
values
('40001','0','90','89','0','0','0','0','0','0','0','0','0','0','0','0','0','0','0','0','0','0','0','0','0','103740','0','0','0','0','0','0','74752','0','4','0','42','0','0','0','0','0','0','0','0','71954','46892','0','0','1','1','0','0','0','0','0','0','0','0','0','0','0','0','0','0','0','0','0','0','0','0','0','0','0','0','0','0','0','0','0','0','0','0','0','Gladiator',NULL,NULL,NULL,'Congratulations! You have earned yourself the title \'Gladiator\' in the preceding arena season! Here is your rightful reward.',NULL,NULL,'110120','0','0','0','1','0','0','0','0','0','0','0','0','0','0','0',NULL,NULL,NULL,NULL,'890','878','0','0','0','0','0','0','0','0','0','0','0','0','0','0','0','0','0','0','18414'),
('40002','0','90','89','0','0','0','0','0','0','0','0','0','0','0','0','0','0','0','0','0','0','0','0','0','103740','0','0','0','0','0','0','74752','0','4','0','43','0','0','0','0','0','0','0','0','0','0','0','0','0','0','0','0','0','0','0','0','0','0','0','0','0','0','0','0','0','0','0','0','0','0','0','0','0','0','0','0','0','0','0','0','0','0','0','Duelist',NULL,NULL,NULL,'Congratulations! You have earned yourself the title \'Duelist\' in the preceding arena season! Here is your rightful reward.',NULL,NULL,'110121','0','0','0','1','0','0','0','0','0','0','0','0','0','0','0',NULL,NULL,NULL,NULL,'890','878','0','0','0','0','0','0','0','0','0','0','0','0','0','0','0','0','0','0','18414'),
('40003','0','90','89','0','0','0','0','0','0','0','0','0','0','0','0','0','0','0','0','0','0','0','0','0','103740','0','0','0','0','0','0','74752','0','4','0','44','0','0','0','0','0','0','0','0','0','0','0','0','0','0','0','0','0','0','0','0','0','0','0','0','0','0','0','0','0','0','0','0','0','0','0','0','0','0','0','0','0','0','0','0','0','0','0','Rival',NULL,NULL,NULL,'Congratulations! You have earned yourself the title \'Rival\' in the preceding arena season! Here is your rightful reward.',NULL,NULL,'110122','0','0','0','1','0','0','0','0','0','0','0','0','0','0','0',NULL,NULL,NULL,NULL,'890','878','0','0','0','0','0','0','0','0','0','0','0','0','0','0','0','0','0','0','18414'),
('40004','0','90','89','0','0','0','0','0','0','0','0','0','0','0','0','0','0','0','0','0','0','0','0','0','103740','0','0','0','0','0','0','74752','0','4','0','45','0','0','0','0','0','0','0','0','0','0','0','0','0','0','0','0','0','0','0','0','0','0','0','0','0','0','0','0','0','0','0','0','0','0','0','0','0','0','0','0','0','0','0','0','0','0','0','Challenger',NULL,NULL,NULL,'Congratulations! You have earned yourself the title \'Challenger\' in the preceding arena season! Here is your rightful reward.',NULL,NULL,'110123','0','0','0','1','0','0','0','0','0','0','0','0','0','0','0',NULL,NULL,NULL,NULL,'890','878','0','0','0','0','0','0','0','0','0','0','0','0','0','0','0','0','0','0','18414'),
('40005','0','90','89','0','0','0','0','0','0','0','0','0','0','0','0','0','0','0','0','0','0','0','0','0','103740','0','0','0','0','0','0','74752','0','4','0','62','0','0','0','0','0','0','0','0','34092','46892','0','0','1','1','0','0','0','0','0','0','0','0','0','0','0','0','0','0','0','0','0','0','0','0','0','0','0','0','0','0','0','0','0','0','0','0','0','Merciless Gladiator',NULL,NULL,NULL,'Congratulations! You have earned yourself the title \'Merciless Gladiator\' in the preceding arena season! Here is your rightful reward.',NULL,NULL,'110124','0','0','0','1','0','0','0','0','0','0','0','0','0','0','0',NULL,NULL,NULL,NULL,'890','878','0','0','0','0','0','0','0','0','0','0','0','0','0','0','0','0','0','0','18414'),
('40006','0','90','89','0','0','0','0','0','0','0','0','0','0','0','0','0','0','0','0','0','0','0','0','0','103740','0','0','0','0','0','0','74752','0','4','0','71','0','0','0','0','0','0','0','0','37676','46892','0','0','1','1','0','0','0','0','0','0','0','0','0','0','0','0','0','0','0','0','0','0','0','0','0','0','0','0','0','0','0','0','0','0','0','0','0','Vengeful Gladiator',NULL,NULL,NULL,'Congratulations! You have earned yourself the title \'Vengeful Gladiator\' in the preceding arena season! Here is your rightful reward.',NULL,NULL,'110125','0','0','0','1','0','0','0','0','0','0','0','0','0','0','0',NULL,NULL,NULL,NULL,'890','878','0','0','0','0','0','0','0','0','0','0','0','0','0','0','0','0','0','0','18414'),
('40007','0','90','89','0','0','0','0','0','0','0','0','0','0','0','0','0','0','0','0','0','0','0','0','0','103740','0','0','0','0','0','0','74752','0','4','0','80','0','0','0','0','0','0','0','0','43516','46892','0','0','1','1','0','0','0','0','0','0','0','0','0','0','0','0','0','0','0','0','0','0','0','0','0','0','0','0','0','0','0','0','0','0','0','0','0','Brutal Gladiator',NULL,NULL,NULL,'Congratulations! You have earned yourself the title \'Brutal Gladiator\' in the preceding arena season! Here is your rightful reward.',NULL,NULL,'110126','0','0','0','1','0','0','0','0','0','0','0','0','0','0','0',NULL,NULL,NULL,NULL,'890','878','0','0','0','0','0','0','0','0','0','0','0','0','0','0','0','0','0','0','18414'),
('40008','0','90','89','0','0','0','0','0','0','0','0','0','0','0','0','0','0','0','0','0','0','0','0','0','103740','0','0','0','0','0','0','74752','0','4','0','157','0','0','0','0','0','0','0','0','46708','46892','0','0','1','1','0','0','0','0','0','0','0','0','0','0','0','0','0','0','0','0','0','0','0','0','0','0','0','0','0','0','0','0','0','0','0','0','0','Deadly Gladiator',NULL,NULL,NULL,'Congratulations! You have earned yourself the title \'Deadly Gladiator\' in the preceding arena season! Here is your rightful reward.',NULL,NULL,'110127','0','0','0','1','0','0','0','0','0','0','0','0','0','0','0',NULL,NULL,NULL,NULL,'890','878','0','0','0','0','0','0','0','0','0','0','0','0','0','0','0','0','0','0','18414'),
('40009','0','90','89','0','0','0','0','0','0','0','0','0','0','0','0','0','0','0','0','0','0','0','0','0','103740','0','0','0','0','0','0','74752','0','4','0','167','0','0','0','0','0','0','0','0','46171','46892','0','0','1','1','0','0','0','0','0','0','0','0','0','0','0','0','0','0','0','0','0','0','0','0','0','0','0','0','0','0','0','0','0','0','0','0','0','Furious Gladiator',NULL,NULL,NULL,'Congratulations! You have earned yourself the title \'Furious Gladiator\' in the preceding arena season! Here is your rightful reward.',NULL,NULL,'110128','0','0','0','1','0','0','0','0','0','0','0','0','0','0','0',NULL,NULL,NULL,NULL,'890','878','0','0','0','0','0','0','0','0','0','0','0','0','0','0','0','0','0','0','18414'),
('40010','0','90','89','0','0','0','0','0','0','0','0','0','0','0','0','0','0','0','0','0','0','0','0','0','103740','0','0','0','0','0','0','74752','0','4','0','169','0','0','0','0','0','0','0','0','47840','46892','0','0','1','1','0','0','0','0','0','0','0','0','0','0','0','0','0','0','0','0','0','0','0','0','0','0','0','0','0','0','0','0','0','0','0','0','0','Relentless Gladiator',NULL,NULL,NULL,'Congratulations! You have earned yourself the title \'Relentless Gladiator\' in the preceding arena season! Here is your rightful reward.',NULL,NULL,'110129','0','0','0','1','0','0','0','0','0','0','0','0','0','0','0',NULL,NULL,NULL,NULL,'890','878','0','0','0','0','0','0','0','0','0','0','0','0','0','0','0','0','0','0','18414'),
('40011','0','90','89','0','0','0','0','0','0','0','0','0','0','0','0','0','0','0','0','0','0','0','0','0','103740','0','0','0','0','0','0','74752','0','4','0','177','0','0','0','0','0','0','0','0','50435','46892','0','0','1','1','0','0','0','0','0','0','0','0','0','0','0','0','0','0','0','0','0','0','0','0','0','0','0','0','0','0','0','0','0','0','0','0','0','Wrathful Gladiator',NULL,NULL,NULL,'Congratulations! You have earned yourself the title \'Wrathful Gladiator\' in the preceding arena season! Here is your rightful reward.',NULL,NULL,'110130','0','0','0','1','0','0','0','0','0','0','0','0','0','0','0',NULL,NULL,NULL,NULL,'890','878','0','0','0','0','0','0','0','0','0','0','0','0','0','0','0','0','0','0','18414'),
('40012','0','90','89','0','0','0','0','0','0','0','0','0','0','0','0','0','0','0','0','0','0','0','0','0','103740','0','0','0','0','0','0','74752','0','4','0','279','0','0','0','0','0','0','0','0','71339','46892','0','0','1','1','0','0','0','0','0','0','0','0','0','0','0','0','0','0','0','0','0','0','0','0','0','0','0','0','0','0','0','0','0','0','0','0','0','Vicious Gladiator',NULL,NULL,NULL,'Congratulations! You have earned yourself the title \'Vicious Gladiator\' in the preceding arena season! Here is your rightful reward.',NULL,NULL,'110131','0','0','0','1','0','0','0','0','0','0','0','0','0','0','0',NULL,NULL,NULL,NULL,'890','878','0','0','0','0','0','0','0','0','0','0','0','0','0','0','0','0','0','0','18414'),
('40013','0','90','89','0','0','0','0','0','0','0','0','0','0','0','0','0','0','0','0','0','0','0','0','0','103740','0','0','0','0','0','0','74752','0','4','0','280','0','0','0','0','0','0','0','0','71954','46892','0','0','1','1','0','0','0','0','0','0','0','0','0','0','0','0','0','0','0','0','0','0','0','0','0','0','0','0','0','0','0','0','0','0','0','0','0','Ruthless Gladiator',NULL,NULL,NULL,'Congratulations! You have earned yourself the title \'Ruthless Gladiator\' in the preceding arena season! Here is your rightful reward.',NULL,NULL,'110132','0','0','0','1','0','0','0','0','0','0','0','0','0','0','0',NULL,NULL,NULL,NULL,'890','878','0','0','0','0','0','0','0','0','0','0','0','0','0','0','0','0','0','0','18414'),
('40014','0','90','89','0','0','0','0','0','0','0','0','0','0','0','0','0','0','0','0','0','0','0','0','0','103740','0','0','0','0','0','0','74752','0','4','0','281','0','0','0','0','0','0','0','0','85785','46892','0','0','1','1','0','0','0','0','0','0','0','0','0','0','0','0','0','0','0','0','0','0','0','0','0','0','0','0','0','0','0','0','0','0','0','0','0','Cataclysmic Gladiator',NULL,NULL,NULL,'Congratulations! You have earned yourself the title \'Cataclysmic Gladiator\' in the preceding arena season! Here is your rightful reward.',NULL,NULL,'110133','0','0','0','1','0','0','0','0','0','0','0','0','0','0','0',NULL,NULL,NULL,NULL,'890','878','0','0','0','0','0','0','0','0','0','0','0','0','0','0','0','0','0','0','18414'),
('40015','0','90','89','0','0','0','0','0','0','0','0','0','0','0','0','0','0','0','0','0','0','0','0','0','103740','0','0','0','0','0','0','74752','0','4','0','343','0','0','0','0','0','0','0','0','95041','46892','0','0','1','1','0','0','0','0','0','0','0','0','0','0','0','0','0','0','0','0','0','0','0','0','0','0','0','0','0','0','0','0','0','0','0','0','0','Malevolent Gladiator',NULL,NULL,NULL,'Congratulations! You have earned yourself the title \'Malevolent Gladiator\' in the preceding arena season! Here is your rightful reward.',NULL,NULL,'110134','0','0','0','1','0','0','0','0','0','0','0','0','0','0','0',NULL,NULL,NULL,NULL,'890','878','0','0','0','0','0','0','0','0','0','0','0','0','0','0','0','0','0','0','18414'),
('40016','0','90','89','0','0','0','0','0','0','0','0','0','0','0','0','0','0','0','0','0','0','0','0','0','103740','0','0','0','0','0','0','74752','0','4','0','388','0','0','0','0','0','0','0','0','104325','46892','0','0','1','1','0','0','0','0','0','0','0','0','0','0','0','0','0','0','0','0','0','0','0','0','0','0','0','0','0','0','0','0','0','0','0','0','0','Tyrannical Gladiator',NULL,NULL,NULL,'Congratulations! You have earned yourself the title \'Tyrannical Gladiator\' in the preceding arena season! Here is your rightful reward.',NULL,NULL,'110135','0','0','0','1','0','0','0','0','0','0','0','0','0','0','0',NULL,NULL,NULL,NULL,'890','878','0','0','0','0','0','0','0','0','0','0','0','0','0','0','0','0','0','0','18414'),
('40017','0','90','89','0','0','0','0','0','0','0','0','0','0','0','0','0','0','0','0','0','0','0','0','0','103740','0','0','0','0','0','0','74752','0','4','0','378','0','0','0','0','0','0','0','0','104326','46892','0','0','1','1','0','0','0','0','0','0','0','0','0','0','0','0','0','0','0','0','0','0','0','0','0','0','0','0','0','0','0','0','0','0','0','0','0','Grievous Gladiator',NULL,NULL,NULL,'Congratulations! You have earned yourself the title \'Grievous Gladiator\' in the preceding arena season! Here is your rightful reward.',NULL,NULL,'110136','0','0','0','1','0','0','0','0','0','0','0','0','0','0','0',NULL,NULL,NULL,NULL,'890','878','0','0','0','0','0','0','0','0','0','0','0','0','0','0','0','0','0','0','18414'),
('40018','0','90','89','0','0','0','0','0','0','0','0','0','0','0','0','0','0','0','0','0','0','0','0','0','103740','0','0','0','0','0','0','74752','0','4','0','379','0','0','0','0','0','0','0','0','104327','46892','0','0','1','1','0','0','0','0','0','0','0','0','0','0','0','0','0','0','0','0','0','0','0','0','0','0','0','0','0','0','0','0','0','0','0','0','0','Prideful Gladiator',NULL,NULL,NULL,'Congratulations! You have earned yourself the title \'Prideful Gladiator\' in the preceding arena season! Here is your rightful reward.',NULL,NULL,'110137','0','0','0','1','0','0','0','0','0','0','0','0','0','0','0',NULL,NULL,NULL,NULL,'890','878','0','0','0','0','0','0','0','0','0','0','0','0','0','0','0','0','0','0','18414');

-- items que inician las misiones de recompensa de arenas
DELETE FROM `item_template` WHERE `entry` BETWEEN 110120 AND 110137;
insert into `item_template` (`entry`, `class`, `subclass`, `SoundOverrideSubclass`, `name`, `displayid`, `Quality`, `Flags`, `FlagsExtra`, `Flags3`, `Unk430_1`, `Unk430_2`, `BuyCount`, `BuyPrice`, `SellPrice`, `InventoryType`, `AllowableClass`, `AllowableRace`, `ItemLevel`, `RequiredLevel`, `RequiredSkill`, `RequiredSkillRank`, `requiredspell`, `requiredhonorrank`, `RequiredCityRank`, `RequiredReputationFaction`, `RequiredReputationRank`, `maxcount`, `stackable`, `ContainerSlots`, `stat_type1`, `stat_value1`, `stat_unk1_1`, `stat_unk2_1`, `stat_type2`, `stat_value2`, `stat_unk1_2`, `stat_unk2_2`, `stat_type3`, `stat_value3`, `stat_unk1_3`, `stat_unk2_3`, `stat_type4`, `stat_value4`, `stat_unk1_4`, `stat_unk2_4`, `stat_type5`, `stat_value5`, `stat_unk1_5`, `stat_unk2_5`, `stat_type6`, `stat_value6`, `stat_unk1_6`, `stat_unk2_6`, `stat_type7`, `stat_value7`, `stat_unk1_7`, `stat_unk2_7`, `stat_type8`, `stat_value8`, `stat_unk1_8`, `stat_unk2_8`, `stat_type9`, `stat_value9`, `stat_unk1_9`, `stat_unk2_9`, `stat_type10`, `stat_value10`, `stat_unk1_10`, `stat_unk2_10`, `ScalingStatDistribution`, `ScalingStatValue`, `DamageType`, `delay`, `RangedModRange`, `spellid_1`, `spelltrigger_1`, `spellcharges_1`, `spellcooldown_1`, `spellcategory_1`, `spellcategorycooldown_1`, `spellid_2`, `spelltrigger_2`, `spellcharges_2`, `spellcooldown_2`, `spellcategory_2`, `spellcategorycooldown_2`, `spellid_3`, `spelltrigger_3`, `spellcharges_3`, `spellcooldown_3`, `spellcategory_3`, `spellcategorycooldown_3`, `spellid_4`, `spelltrigger_4`, `spellcharges_4`, `spellcooldown_4`, `spellcategory_4`, `spellcategorycooldown_4`, `spellid_5`, `spelltrigger_5`, `spellcharges_5`, `spellcooldown_5`, `spellcategory_5`, `spellcategorycooldown_5`, `bonding`, `description`, `PageText`, `LanguageID`, `PageMaterial`, `startquest`, `lockid`, `Material`, `sheath`, `RandomProperty`, `RandomSuffix`, `itemset`, `MaxDurability`, `area`, `Map`, `BagFamily`, `TotemCategory`, `socketColor_1`, `socketContent_1`, `socketColor_2`, `socketContent_2`, `socketColor_3`, `socketContent_3`, `socketBonus`, `GemProperties`, `ArmorDamageModifier`, `duration`, `ItemLimitCategory`, `HolidayId`, `StatScalingFactor`, `CurrencySubstitutionId`, `CurrencySubstitutionCount`, `RequiredDisenchantSkill`, `flagsCustom`, `VerifiedBuild`) 
values
('110120','12','8','-1','Gladiator','30658','5','0','0','0','1','1','1','0','0','0','-1','-1','1','0','0','0','0','0','0','0','0','0','1','0','0','0','0','0','0','0','0','0','0','0','0','0','0','0','0','0','0','0','0','0','0','0','0','0','0','0','0','0','0','0','0','0','0','0','0','0','0','0','0','0','0','0','0','0','0','0','0','0','-1','0','-1','0','0','0','-1','0','-1','0','0','0','-1','0','-1','0','0','0','-1','0','-1','0','0','0','-1','0','-1','1','Congratulations!$B$BYou have earned yourself the title \'Gladiator\' in the preceding arena season!$B$BHere is your rightful reward.','0','0','0','40001','0','0','0','0','0','0','0','0','0','0','0','0','0','0','0','0','0','0','0','0','0','0','0','0','0','0','0','0','18414'),
('110121','12','8','-1','Duelist','30658','5','0','0','0','1','1','1','0','0','0','-1','-1','1','0','0','0','0','0','0','0','0','0','1','0','0','0','0','0','0','0','0','0','0','0','0','0','0','0','0','0','0','0','0','0','0','0','0','0','0','0','0','0','0','0','0','0','0','0','0','0','0','0','0','0','0','0','0','0','0','0','0','0','-1','0','-1','0','0','0','-1','0','-1','0','0','0','-1','0','-1','0','0','0','-1','0','-1','0','0','0','-1','0','-1','1','Congratulations!$B$BYou have earned yourself the title \'Duelist\' in the preceding arena season!$B$BHere is your rightful reward.','0','0','0','40002','0','0','0','0','0','0','0','0','0','0','0','0','0','0','0','0','0','0','0','0','0','0','0','0','0','0','0','0','18414'),
('110122','12','8','-1','Rival','30658','5','0','0','0','1','1','1','0','0','0','-1','-1','1','0','0','0','0','0','0','0','0','0','1','0','0','0','0','0','0','0','0','0','0','0','0','0','0','0','0','0','0','0','0','0','0','0','0','0','0','0','0','0','0','0','0','0','0','0','0','0','0','0','0','0','0','0','0','0','0','0','0','0','-1','0','-1','0','0','0','-1','0','-1','0','0','0','-1','0','-1','0','0','0','-1','0','-1','0','0','0','-1','0','-1','1','Congratulations!$B$BYou have earned yourself the title \'Rival\' in the preceding arena season!$B$BHere is your rightful reward.','0','0','0','40003','0','0','0','0','0','0','0','0','0','0','0','0','0','0','0','0','0','0','0','0','0','0','0','0','0','0','0','0','18414'),
('110123','12','8','-1','Challenger','30658','5','0','0','0','1','1','1','0','0','0','-1','-1','1','0','0','0','0','0','0','0','0','0','1','0','0','0','0','0','0','0','0','0','0','0','0','0','0','0','0','0','0','0','0','0','0','0','0','0','0','0','0','0','0','0','0','0','0','0','0','0','0','0','0','0','0','0','0','0','0','0','0','0','-1','0','-1','0','0','0','-1','0','-1','0','0','0','-1','0','-1','0','0','0','-1','0','-1','0','0','0','-1','0','-1','1','Congratulations!$B$BYou have earned yourself the title \'Challenger\' in the preceding arena season!$B$BHere is your rightful reward.','0','0','0','40004','0','0','0','0','0','0','0','0','0','0','0','0','0','0','0','0','0','0','0','0','0','0','0','0','0','0','0','0','18414'),
('110124','12','8','-1','Merciless Gladiator','30658','5','0','0','0','1','1','1','0','0','0','-1','-1','1','0','0','0','0','0','0','0','0','0','1','0','0','0','0','0','0','0','0','0','0','0','0','0','0','0','0','0','0','0','0','0','0','0','0','0','0','0','0','0','0','0','0','0','0','0','0','0','0','0','0','0','0','0','0','0','0','0','0','0','-1','0','-1','0','0','0','-1','0','-1','0','0','0','-1','0','-1','0','0','0','-1','0','-1','0','0','0','-1','0','-1','1','Congratulations!$B$BYou have earned yourself the title \'Merciless Gladiator\' in the preceding arena season!$B$BHere is your rightful reward.','0','0','0','40005','0','0','0','0','0','0','0','0','0','0','0','0','0','0','0','0','0','0','0','0','0','0','0','0','0','0','0','0','18414'),
('110125','12','8','-1','Vengeful Gladiator','30658','5','0','0','0','1','1','1','0','0','0','-1','-1','1','0','0','0','0','0','0','0','0','0','1','0','0','0','0','0','0','0','0','0','0','0','0','0','0','0','0','0','0','0','0','0','0','0','0','0','0','0','0','0','0','0','0','0','0','0','0','0','0','0','0','0','0','0','0','0','0','0','0','0','-1','0','-1','0','0','0','-1','0','-1','0','0','0','-1','0','-1','0','0','0','-1','0','-1','0','0','0','-1','0','-1','1','Congratulations!$B$BYou have earned yourself the title \'Vengeful Gladiator\' in the preceding arena season!$B$BHere is your rightful reward.','0','0','0','40006','0','0','0','0','0','0','0','0','0','0','0','0','0','0','0','0','0','0','0','0','0','0','0','0','0','0','0','0','18414'),
('110126','12','8','-1','Brutal Gladiator','30658','5','0','0','0','1','1','1','0','0','0','-1','-1','1','0','0','0','0','0','0','0','0','0','1','0','0','0','0','0','0','0','0','0','0','0','0','0','0','0','0','0','0','0','0','0','0','0','0','0','0','0','0','0','0','0','0','0','0','0','0','0','0','0','0','0','0','0','0','0','0','0','0','0','-1','0','-1','0','0','0','-1','0','-1','0','0','0','-1','0','-1','0','0','0','-1','0','-1','0','0','0','-1','0','-1','1','Congratulations!$B$BYou have earned yourself the title \'Brutal Gladiator\' in the preceding arena season!$B$BHere is your rightful reward.','0','0','0','40007','0','0','0','0','0','0','0','0','0','0','0','0','0','0','0','0','0','0','0','0','0','0','0','0','0','0','0','0','18414'),
('110127','12','8','-1','Deadly Gladiator','30658','5','0','0','0','1','1','1','0','0','0','-1','-1','1','0','0','0','0','0','0','0','0','0','1','0','0','0','0','0','0','0','0','0','0','0','0','0','0','0','0','0','0','0','0','0','0','0','0','0','0','0','0','0','0','0','0','0','0','0','0','0','0','0','0','0','0','0','0','0','0','0','0','0','-1','0','-1','0','0','0','-1','0','-1','0','0','0','-1','0','-1','0','0','0','-1','0','-1','0','0','0','-1','0','-1','1','Congratulations!$B$BYou have earned yourself the title \'Deadly Gladiator\' in the preceding arena season!$B$BHere is your rightful reward.','0','0','0','40008','0','0','0','0','0','0','0','0','0','0','0','0','0','0','0','0','0','0','0','0','0','0','0','0','0','0','0','0','18414'),
('110128','12','8','-1','Furious Gladiator','30658','5','0','0','0','1','1','1','0','0','0','-1','-1','1','0','0','0','0','0','0','0','0','0','1','0','0','0','0','0','0','0','0','0','0','0','0','0','0','0','0','0','0','0','0','0','0','0','0','0','0','0','0','0','0','0','0','0','0','0','0','0','0','0','0','0','0','0','0','0','0','0','0','0','-1','0','-1','0','0','0','-1','0','-1','0','0','0','-1','0','-1','0','0','0','-1','0','-1','0','0','0','-1','0','-1','1','Congratulations!$B$BYou have earned yourself the title \'Furious Gladiator\' in the preceding arena season!$B$BHere is your rightful reward.','0','0','0','40009','0','0','0','0','0','0','0','0','0','0','0','0','0','0','0','0','0','0','0','0','0','0','0','0','0','0','0','0','18414'),
('110129','12','8','-1','Relentless Gladiator','30658','5','0','0','0','1','1','1','0','0','0','-1','-1','1','0','0','0','0','0','0','0','0','0','1','0','0','0','0','0','0','0','0','0','0','0','0','0','0','0','0','0','0','0','0','0','0','0','0','0','0','0','0','0','0','0','0','0','0','0','0','0','0','0','0','0','0','0','0','0','0','0','0','0','-1','0','-1','0','0','0','-1','0','-1','0','0','0','-1','0','-1','0','0','0','-1','0','-1','0','0','0','-1','0','-1','1','Congratulations!$B$BYou have earned yourself the title \'Relentless Gladiator\' in the preceding arena season!$B$BHere is your rightful reward.','0','0','0','40010','0','0','0','0','0','0','0','0','0','0','0','0','0','0','0','0','0','0','0','0','0','0','0','0','0','0','0','0','18414'),
('110130','12','8','-1','Wrathful Gladiator','30658','5','0','0','0','1','1','1','0','0','0','-1','-1','1','0','0','0','0','0','0','0','0','0','1','0','0','0','0','0','0','0','0','0','0','0','0','0','0','0','0','0','0','0','0','0','0','0','0','0','0','0','0','0','0','0','0','0','0','0','0','0','0','0','0','0','0','0','0','0','0','0','0','0','-1','0','-1','0','0','0','-1','0','-1','0','0','0','-1','0','-1','0','0','0','-1','0','-1','0','0','0','-1','0','-1','1','Congratulations!$B$BYou have earned yourself the title \'Wrathful Gladiator\' in the preceding arena season!$B$BHere is your rightful reward.','0','0','0','40011','0','0','0','0','0','0','0','0','0','0','0','0','0','0','0','0','0','0','0','0','0','0','0','0','0','0','0','0','18414'),
('110131','12','8','-1','Vicious Gladiator','30658','5','0','0','0','1','1','1','0','0','0','-1','-1','1','0','0','0','0','0','0','0','0','0','1','0','0','0','0','0','0','0','0','0','0','0','0','0','0','0','0','0','0','0','0','0','0','0','0','0','0','0','0','0','0','0','0','0','0','0','0','0','0','0','0','0','0','0','0','0','0','0','0','0','-1','0','-1','0','0','0','-1','0','-1','0','0','0','-1','0','-1','0','0','0','-1','0','-1','0','0','0','-1','0','-1','1','Congratulations!$B$BYou have earned yourself the title \'Vicious Gladiator\' in the preceding arena season!$B$BHere is your rightful reward.','0','0','0','40012','0','0','0','0','0','0','0','0','0','0','0','0','0','0','0','0','0','0','0','0','0','0','0','0','0','0','0','0','18414'),
('110132','12','8','-1','Ruthless Gladiator','30658','5','0','0','0','1','1','1','0','0','0','-1','-1','1','0','0','0','0','0','0','0','0','0','1','0','0','0','0','0','0','0','0','0','0','0','0','0','0','0','0','0','0','0','0','0','0','0','0','0','0','0','0','0','0','0','0','0','0','0','0','0','0','0','0','0','0','0','0','0','0','0','0','0','-1','0','-1','0','0','0','-1','0','-1','0','0','0','-1','0','-1','0','0','0','-1','0','-1','0','0','0','-1','0','-1','1','Congratulations!$B$BYou have earned yourself the title \'Ruthless Gladiator\' in the preceding arena season!$B$BHere is your rightful reward.','0','0','0','40013','0','0','0','0','0','0','0','0','0','0','0','0','0','0','0','0','0','0','0','0','0','0','0','0','0','0','0','0','18414'),
('110133','12','8','-1','Cataclysmic Gladiator','30658','5','0','0','0','1','1','1','0','0','0','-1','-1','1','0','0','0','0','0','0','0','0','0','1','0','0','0','0','0','0','0','0','0','0','0','0','0','0','0','0','0','0','0','0','0','0','0','0','0','0','0','0','0','0','0','0','0','0','0','0','0','0','0','0','0','0','0','0','0','0','0','0','0','-1','0','-1','0','0','0','-1','0','-1','0','0','0','-1','0','-1','0','0','0','-1','0','-1','0','0','0','-1','0','-1','1','Congratulations!$B$BYou have earned yourself the title \'Cataclysmic Gladiator\' in the preceding arena season!$B$BHere is your rightful reward.','0','0','0','40014','0','0','0','0','0','0','0','0','0','0','0','0','0','0','0','0','0','0','0','0','0','0','0','0','0','0','0','0','18414'),
('110134','12','8','-1','Malevolent Gladiator','30658','5','0','0','0','1','1','1','0','0','0','-1','-1','1','0','0','0','0','0','0','0','0','0','1','0','0','0','0','0','0','0','0','0','0','0','0','0','0','0','0','0','0','0','0','0','0','0','0','0','0','0','0','0','0','0','0','0','0','0','0','0','0','0','0','0','0','0','0','0','0','0','0','0','-1','0','-1','0','0','0','-1','0','-1','0','0','0','-1','0','-1','0','0','0','-1','0','-1','0','0','0','-1','0','-1','1','Congratulations!$B$BYou have earned yourself the title \'Malevolent Gladiator\' in the preceding arena season!$B$BHere is your rightful reward.','0','0','0','40015','0','0','0','0','0','0','0','0','0','0','0','0','0','0','0','0','0','0','0','0','0','0','0','0','0','0','0','0','18414'),
('110135','12','8','-1','Tyrannical Gladiator','30658','5','0','0','0','1','1','1','0','0','0','-1','-1','1','0','0','0','0','0','0','0','0','0','1','0','0','0','0','0','0','0','0','0','0','0','0','0','0','0','0','0','0','0','0','0','0','0','0','0','0','0','0','0','0','0','0','0','0','0','0','0','0','0','0','0','0','0','0','0','0','0','0','0','-1','0','-1','0','0','0','-1','0','-1','0','0','0','-1','0','-1','0','0','0','-1','0','-1','0','0','0','-1','0','-1','1','Congratulations!$B$BYou have earned yourself the title \'Tyrannical Gladiator\' in the preceding arena season!$B$BHere is your rightful reward.','0','0','0','40016','0','0','0','0','0','0','0','0','0','0','0','0','0','0','0','0','0','0','0','0','0','0','0','0','0','0','0','0','18414'),
('110136','12','8','-1','Grievous Gladiator','30658','5','0','0','0','1','1','1','0','0','0','-1','-1','1','0','0','0','0','0','0','0','0','0','1','0','0','0','0','0','0','0','0','0','0','0','0','0','0','0','0','0','0','0','0','0','0','0','0','0','0','0','0','0','0','0','0','0','0','0','0','0','0','0','0','0','0','0','0','0','0','0','0','0','-1','0','-1','0','0','0','-1','0','-1','0','0','0','-1','0','-1','0','0','0','-1','0','-1','0','0','0','-1','0','-1','1','Congratulations!$B$BYou have earned yourself the title \'Grievous Gladiator\' in the preceding arena season!$B$BHere is your rightful reward.','0','0','0','40017','0','0','0','0','0','0','0','0','0','0','0','0','0','0','0','0','0','0','0','0','0','0','0','0','0','0','0','0','18414'),
('110137','12','8','-1','Prideful Gladiator','30658','5','0','0','0','1','1','1','0','0','0','-1','-1','1','0','0','0','0','0','0','0','0','0','1','0','0','0','0','0','0','0','0','0','0','0','0','0','0','0','0','0','0','0','0','0','0','0','0','0','0','0','0','0','0','0','0','0','0','0','0','0','0','0','0','0','0','0','0','0','0','0','0','0','-1','0','-1','0','0','0','-1','0','-1','0','0','0','-1','0','-1','0','0','0','-1','0','-1','0','0','0','-1','0','-1','1','Congratulations!$B$BYou have earned yourself the title \'Prideful Gladiator\' in the preceding arena season!$B$BHere is your rightful reward.','0','0','0','40018','0','0','0','0','0','0','0','0','0','0','0','0','0','0','0','0','0','0','0','0','0','0','0','0','0','0','0','0','18414');

-- traducción de items
DELETE FROM `locales_item` WHERE `ID` BETWEEN 110120 AND 110137;
INSERT INTO `locales_item` (`ID`, `locale`, `Name`, `Description`, `VerifiedBuild`) 
VALUES
('110120','esMX','Cofre de Gladiador','Felicidades por ser finalista en la temporada PVP','18414'),
('110120','esES','Cofre de Gladiador','Felicidades por ser finalista en la temporada PVP','18414'),
('110121','esMX','Cofre de Duelista','Felicidades por ser finalista en la temporada PVP','18414'),
('110121','esES','Cofre de Duelista','Felicidades por ser finalista en la temporada PVP','18414'),
('110122','esMX','Cofre de Rival ','Felicidades por ser finalista en la temporada PVP','18414'),
('110122','esES','Cofre de Rival ','Felicidades por ser finalista en la temporada PVP','18414'),
('110123','esMX','Cofre de Contendiente','Felicidades por ser finalista en la temporada PVP','18414'),
('110123','esES','Cofre de Contendiente','Felicidades por ser finalista en la temporada PVP','18414'),
('110124','esMX','Cofre de Gladiador Despiadado','Felicidades por ser finalista en la temporada PVP','18414'),
('110124','esES','Cofre de Gladiador Despiadado','Felicidades por ser finalista en la temporada PVP','18414'),
('110125','esMX','Cofre de Gladiador Vengativo','Felicidades por ser finalista en la temporada PVP','18414'),
('110125','esES','Cofre de Gladiador Vengativo','Felicidades por ser finalista en la temporada PVP','18414'),
('110126','esMX','Cofre de Gladiador Brutal','Felicidades por ser finalista en la temporada PVP','18414'),
('110126','esES','Cofre de Gladiador Brutal','Felicidades por ser finalista en la temporada PVP','18414'),
('110127','esMX','Cofre de Gladiador Mortal','Felicidades por ser finalista en la temporada PVP','18414'),
('110127','esES','Cofre de Gladiador Mortal','Felicidades por ser finalista en la temporada PVP','18414'),
('110128','esMX','Cofre de Gladiador Furioso','Felicidades por ser finalista en la temporada PVP','18414'),
('110128','esES','Cofre de Gladiador Furioso','Felicidades por ser finalista en la temporada PVP','18414'),
('110129','esMX','Cofre de Gladiador Incansable','Felicidades por ser finalista en la temporada PVP','18414'),
('110129','esES','Cofre de Gladiador Incansable','Felicidades por ser finalista en la temporada PVP','18414'),
('110130','esMX','Cofre de Gladiador Colérico','Felicidades por ser finalista en la temporada PVP','18414'),
('110130','esES','Cofre de Gladiador Colérico','Felicidades por ser finalista en la temporada PVP','18414'),
('110131','esMX','Cofre de Gladiador Sañoso','Felicidades por ser finalista en la temporada PVP','18414'),
('110131','esES','Cofre de Gladiador Sañoso','Felicidades por ser finalista en la temporada PVP','18414'),
('110132','esMX','Cofre de Gladiador Implacable','Felicidades por ser finalista en la temporada PVP','18414'),
('110132','esES','Cofre de Gladiador Implacable','Felicidades por ser finalista en la temporada PVP','18414'),
('110133','esMX','Cofre de Gladiador Cataclismico','Felicidades por ser finalista en la temporada PVP','18414'),
('110133','esES','Cofre de Gladiador Cataclismico','Felicidades por ser finalista en la temporada PVP','18414'),
('110134','esMX','Cofre de Gladiador Malévolo','Felicidades por ser finalista en la temporada PVP','18414'),
('110134','esES','Cofre de Gladiador Malévolo','Felicidades por ser finalista en la temporada PVP','18414'),
('110135','esMX','Cofre de Gladiador Tiránico','Felicidades por ser finalista en la temporada PVP','18414'),
('110135','esES','Cofre de Gladiador Tiránico','Felicidades por ser finalista en la temporada PVP','18414'),
('110136','esMX','Cofre de Gladiador Severo','Felicidades por ser finalista en la temporada PVP','18414'),
('110136','esES','Cofre de Gladiador Severo','Felicidades por ser finalista en la temporada PVP','18414'),
('110137','esMX','Cofre de Gladiador Orgulloso','Felicidades por ser finalista en la temporada PVP','18414'),
('110137','esES','Cofre de Gladiador Orgulloso','Felicidades por ser finalista en la temporada PVP','18414');
