-- agregando nueva categoria a la tienda del juego
DELETE FROM `battle_pay_group` WHERE `id` = '14'; 
INSERT INTO `battle_pay_group` (`id`, `idx`, `name`, `icon`, `type`) VALUES ('14', '14', 'Heart of Fear N', '939381', '0'); 

DELETE FROM `locales_battle_pay_group` WHERE `id` = '14'; 
INSERT INTO `locales_battle_pay_group` (`id`, `name_loc1`, `name_loc2`, `name_loc3`, `name_loc4`, `name_loc5`, `name_loc6`, `name_loc7`, `name_loc8`, `name_loc9`, `name_loc10`, `name_loc11`) 
VALUES ('14', 'Heart of Fear Normal', NULL, NULL, NULL, NULL, 'Corazón del Miedo Normal', 'Corazón del Miedo Normal', NULL, NULL, NULL, NULL); 

-- agregando nuevos items a la tienda
DELETE FROM `battle_pay_product_items` WHERE `id` BETWEEN 220 AND 305;
INSERT INTO `battle_pay_product_items` (`id`, `itemId`, `count`, `productId`) 
VALUES 
('220', '86043', '1', '220'),
('221', '86044', '1', '221'),
('222', '86045', '1', '222'),
('223', '86046', '1', '223'),
('224', '86153', '1', '224'),
('225', '86154', '1', '225'),
('226', '86155', '1', '226'),
('227', '86156', '1', '227'),
('228', '86157', '1', '228'),
('229', '86158', '1', '229'),
('230', '86159', '1', '230'),
('231', '86160', '1', '231'),
('232', '86161', '1', '232'),
('233', '86162', '1', '233'),
('234', '86163', '1', '234'),
('235', '86164', '1', '235'),
('236', '86165', '1', '236'),
('237', '86166', '1', '237'),
('238', '86167', '1', '238'),
('239', '86168', '1', '239'),
('240', '86169', '1', '240'),
('241', '86170', '1', '241'),
('242', '86171', '1', '242'),
('243', '86172', '1', '243'),
('244', '86173', '1', '244'),
('245', '86174', '1', '245'),
('246', '86175', '1', '246'),
('247', '86176', '1', '247'),
('248', '86177', '1', '248'),
('249', '86178', '1', '249'),
('250', '86179', '1', '250'),
('251', '86180', '1', '251'),
('252', '86181', '1', '252'),
('253', '86182', '1', '253'),
('254', '86183', '1', '254'),
('255', '86184', '1', '255'),
('256', '86185', '1', '256'),
('257', '86186', '1', '257'),
('258', '86187', '1', '258'),
('259', '86188', '1', '259'),
('260', '86189', '1', '260'),
('261', '86190', '1', '261'),
('262', '86191', '1', '262'),
('263', '86192', '1', '263'),
('264', '86200', '1', '264'),
('265', '86201', '1', '265'),
('266', '86202', '1', '266'),
('267', '86203', '1', '267'),
('268', '86204', '1', '268'),
('269', '86205', '1', '269'),
('270', '86210', '1', '270'),
('271', '86211', '1', '271'),
('272', '86212', '1', '272'),
('273', '86213', '1', '273'),
('274', '86214', '1', '274'),
('275', '86217', '1', '275'),
('276', '86219', '1', '276'),
('277', '86226', '1', '277'),
('278', '86227', '1', '278'),
('279', '86228', '1', '279'),
('280', '86229', '1', '280'),
('281', '86513', '1', '281'),
('282', '86514', '1', '282'),
('283', '87824', '1', '283'),
('284', '89237', '1', '284'),
('285', '89238', '1', '285'),
('286', '89239', '1', '286'),
('287', '89240', '1', '287'),
('288', '89241', '1', '288'),
('289', '89242', '1', '289'),
('290', '89243', '1', '290'),
('291', '89244', '1', '291'),
('292', '89245', '1', '292'),
('293', '89826', '1', '293'),
('294', '89827', '1', '294'),
('295', '89828', '1', '295'),
('296', '89829', '1', '296'),
('297', '89830', '1', '297'),
('298', '89831', '1', '298'),
('299', '89832', '1', '299'),
('300', '89833', '1', '300'),
('301', '89834', '1', '301'),
('302', '89835', '1', '302'),
('303', '89836', '1', '303'),
('304', '89837', '1', '304'),
('305', '90738', '1', '305');

DELETE FROM `battle_pay_product` WHERE `id` BETWEEN 220 AND 305;
INSERT INTO `battle_pay_product` (`id`, `title`, `description`, `icon`, `price`, `discount`, `displayId`, `type`, `choiceType`, `flags`, `flagsInfo`) 
VALUES 
('220', 'Shop: Jade Bandit Figurine', 'Item Level 489', '236275', '8', '0','0', '0', '1', '47', '0'),
('221', 'Shop: Jade Magistrate Figurine', 'Item Level 489', '237033', '8', '0','0', '0', '1', '47', '0'),
('222', 'Shop: Jade Courtesan Figurine', 'Item Level 489', '135767', '8', '0','0', '0', '1', '47', '0'),
('223', 'Shop: Jade Warlord Figurine', 'Item Level 489', '252282', '8', '0','0', '0', '1', '47', '0'),
('224', 'Shop: Boots of the Still Breath', 'Item Level 496', '645125', '8', '0','0', '0', '1', '47', '0'),
('225', 'Shop: Hisek\'s Chrysanthemum Cape', 'Item Level 496', '628676', '8', '0','0', '0', '1', '47', '0'),
('226', 'Shop: Vizier\'s Ruby Signet', 'Item Level 496', '645145', '8', '0','0', '0', '1', '47', '0'),
('227', 'Shop: Fragment of Fear Made Flesh', 'Item Level 496', '644434', '8', '0','0', '0', '1', '47', '0'),
('228', 'Shop: Attenuating Bracers', 'Item Level 496', '608943', '8', '0','0', '0', '1', '47', '0'),
('229', 'Shop: Chestplate of the Forbidden Tower', 'Item Level 496', '608655', '8', '0','0', '0', '1', '47', '0'),
('230', 'Shop: Gauntlets of Undesired Gifts', 'Item Level 496', '627314', '8', '0','0', '0', '1', '47', '0'),
('231', 'Shop: Mail of Screaming Secrets', 'Item Level 496', '638596', '8', '0','0', '0', '1', '47', '0'),
('232', 'Shop: Gloves of Grasping Claws', 'Item Level 496', '594102', '8', '0','0', '0', '1', '47', '0'),
('233', 'Shop: Ring of the Bladed Tempest', 'Item Level 496', '652162', '8', '0','0', '0', '1', '47', '0'),
('234', 'Shop: Bracers of Unseen Strikes', 'Item Level 496', '645126', '8', '0','0', '0', '1', '47', '0'),
('235', 'Shop: Waistplate of Overwhelming Assault', 'Item Level 496', '613302', '8', '0','0', '0', '1', '47', '0'),
('236', 'Shop: Windblade Talons', 'Item Level 496', '613306', '8', '0','0', '0', '1', '47', '0'),
('237', 'Shop: Choker of the Unleashed Storm', 'Item Level 496', '648546', '8', '0','0', '0', '1', '47', '0'),
('238', 'Shop: Boots of the Blowing Wind', 'Item Level 496', '618862', '8', '0','0', '0', '1', '47', '0'),
('239', 'Shop: Bracers of Tempestuous Fury', 'Item Level 496', '638595', '8', '0','0', '0', '1', '47', '0'),
('240', 'Shop: Drape of Gathering Clouds', 'Item Level 496', '628277', '8', '0','0', '0', '1', '47', '0'),
('241', 'Shop: Twisting Wind Bracers', 'Item Level 496', '618863', '8', '0','0', '0', '1', '47', '0'),
('242', 'Shop: Tornado-Summoning Censer', 'Item Level 496', '651359', '8', '0','0', '0', '1', '47', '0'),
('243', 'Shop: Ring of the Shattered Shell', 'Item Level 496', '652161', '8', '0','0', '0', '1', '47', '0'),
('244', 'Shop: Legbreaker Greatcloak', 'Item Level 496', '628676', '8', '0','0', '0', '1', '47', '0'),
('245', 'Shop: Garalon\'s Hollow Skull', 'Item Level 496', '642720', '8', '0','0', '0', '1', '47', '0'),
('246', 'Shop: Grips of the Leviathan', 'Item Level 496', '631301', '8', '0','0', '0', '1', '47', '0'),
('247', 'Shop: Bonebreaker Gauntlets', 'Item Level 496', '627314', '8', '0','0', '0', '1', '47', '0'),
('248', 'Shop: Necklace of Congealed Weaknesses', 'Item Level 496', '648535', '8', '0','0', '0', '1', '47', '0'),
('249', 'Shop: Sandals of the Unbidden', 'Item Level 496', '608942', '8', '0','0', '0', '1', '47', '0'),
('250', 'Shop: Grasps of Panic', 'Item Level 496', '608656', '8', '0','0', '0', '1', '47', '0'),
('251', 'Shop: Robes of Eighty Lights', 'Item Level 496', '631517', '8', '0','0', '0', '1', '47', '0'),
('252', 'Shop: Xaril\'s Hood of Intoxicating Vapors', 'Item Level 496', '608946', '8', '0','0', '0', '1', '47', '0'),
('253', 'Shop: Stormwake Mistcloak', 'Item Level 496', '629630', '8', '0','0', '0', '1', '47', '0'),
('254', 'Shop: Shining Cicada Bracers', 'Item Level 496', '618863', '8', '0','0', '0', '1', '47', '0'),
('255', 'Shop: Luminescent Firefly Wristguards', 'Item Level 496', '638595', '8', '0','0', '0', '1', '47', '0'),
('256', 'Shop: Smooth Beetle Wristbands', 'Item Level 496', '627312', '8', '0','0', '0', '1', '47', '0'),
('257', 'Shop: Gleaming Moth Cuffs', 'Item Level 496', '608943', '8', '0','0', '0', '1', '47', '0'),
('258', 'Shop: Pearlescent Butterfly Wristbands', 'Item Level 496', '631506', '8', '0','0', '0', '1', '47', '0'),
('259', 'Shop: Inlaid Cricket Bracers', 'Item Level 496', '608654', '8', '0','0', '0', '1', '47', '0'),
('260', 'Shop: Jagged Hornet Bracers', 'Item Level 496', '631299', '8', '0','0', '0', '1', '47', '0'),
('261', 'Shop: Serrated Wasp Bracers', 'Item Level 496', '613304', '8', '0','0', '0', '1', '47', '0'),
('262', 'Shop: Plated Locust Bracers', 'Item Level 496', '608654', '8', '0','0', '0', '1', '47', '0'),
('263', 'Shop: Darting Damselfly Cuffs', 'Item Level 496', '594100', '8', '0','0', '0', '1', '47', '0'),
('264', 'Shop: Painful Thorned Ring', 'Item Level 496', '645164', '8', '0','0', '0', '1', '47', '0'),
('265', 'Shop: Impaling Treads', 'Item Level 496', '613303', '8', '0','0', '0', '1', '47', '0'),
('266', 'Shop: Cloak of Raining Blades', 'Item Level 496', '630617', '8', '0','0', '0', '1', '47', '0'),
('267', 'Shop: Articulated Legplates', 'Item Level 496', '642721', '8', '0','0', '0', '1', '47', '0'),
('268', 'Shop: Wingslasher Pauldrons', 'Item Level 496', '631304', '8', '0','0', '0', '1', '47', '0'),
('269', 'Shop: Korven\'s Amber-Sealed Beetle', 'Item Level 496', '463485', '8', '0','0', '0', '1', '47', '0'),
('270', 'Shop: Belt of Malleable Amber', 'Item Level 496', '608941', '8', '0','0', '0', '1', '47', '0'),
('271', 'Shop: Seal of the Profane', 'Item Level 496', '645143', '8', '0','0', '0', '1', '47', '0'),
('272', 'Shop: Treads of Deadly Secretions', 'Item Level 496', '627311', '8', '0','0', '0', '1', '47', '0'),
('273', 'Shop: Shoulderpads of Misshapen Life', 'Item Level 496', '642722', '8', '0','0', '0', '1', '47', '0'),
('274', 'Shop: Monstrous Stompers', 'Item Level 496', '631298', '8', '0','0', '0', '1', '47', '0'),
('275', 'Shop: Un\'sok\'s Amber Scalpel', 'Item Level 496', '633140', '8', '0','0', '0', '1', '47', '0'),
('276', 'Shop: Scimitar of Seven Stars', 'Item Level 496', '653679', '8', '0','0', '0', '1', '47', '0'),
('277', 'Shop: Claws of Shek\'zeer', 'Item Level 496', '654235', '8', '0','0', '0', '1', '47', '0'),
('278', 'Shop: Kri\'tak, Imperial Scepter of the Swarm', 'Item Level 496', '648902', '8', '0','0', '0', '1', '47', '0'),
('279', 'Shop: Crown of the Doomed Empress', 'Item Level 496', '631302', '8', '0','0', '0', '1', '47', '0'),
('280', 'Shop: Leggings of Shadow Infestation', 'Item Level 496', '608947', '8', '0','0', '0', '1', '47', '0'),
('281', 'Shop: Robes of Torn Nightmares', 'Item Level 496', '594101', '8', '0','0', '0', '1', '47', '0'),
('282', 'Shop: Clutches of Dying Hope', 'Item Level 496', '631508', '8', '0','0', '0', '1', '47', '0'),
('283', 'Shop: Zor\'lok\'s Fizzing Chestguard', 'Item Level 496', '631300', '8', '0','0', '0', '1', '47', '0'),
('284', 'Shop: Chest of the Shadowy Conqueror', 'Item Level 496', '132632', '8', '0','0', '0', '1', '47', '0'),
('285', 'Shop: Chest of the Shadowy Protector', 'Item Level 496', '132632', '8', '0','0', '0', '1', '47', '0'),
('286', 'Shop: Chest of the Shadowy Vanquisher', 'Item Level 496', '132632', '8', '0','0', '0', '1', '47', '0'),
('287', 'Shop: Gauntlets of the Shadowy Conqueror', 'Item Level 496', '132963', '8', '0','0', '0', '1', '47', '0'),
('288', 'Shop: Gauntlets of the Shadowy Protector', 'Item Level 496', '132963', '8', '0','0', '0', '1', '47', '0'),
('289', 'Shop: Gauntlets of the Shadowy Vanquisher', 'Item Level 496', '132963', '8', '0','0', '0', '1', '47', '0'),
('290', 'Shop: Leggings of the Shadowy Conqueror', 'Item Level 496', '133834', '8', '0','0', '0', '1', '47', '0'),
('291', 'Shop: Leggings of the Shadowy Protector', 'Item Level 496', '133834', '8', '0','0', '0', '1', '47', '0'),
('292', 'Shop: Leggings of the Shadowy Vanquisher', 'Item Level 496', '133834', '8', '0','0', '0', '1', '47', '0'),
('293', 'Shop: Warbelt of Sealed Pods', 'Item Level 496', '642715', '8', '0','0', '0', '1', '47', '0'),
('294', 'Shop: Pheromone-Coated Choker', 'Item Level 496', '648534', '8', '0','0', '0', '1', '47', '0'),
('295', 'Shop: Pauldrons of the Broken Blade', 'Item Level 496', '613309', '8', '0','0', '0', '1', '47', '0'),
('296', 'Shop: Scent-Soaked Sandals', 'Item Level 496', '594099', '8', '0','0', '0', '1', '47', '0'),
('297', 'Shop: Sword Dancer\'s Leggings', 'Item Level 496', '631303', '8', '0','0', '0', '1', '47', '0'),
('298', 'Shop: Hood of Stilled Winds', 'Item Level 496', '631509', '8', '0','0', '0', '1', '47', '0'),
('299', 'Shop: Garalon\'s Graven Carapace', 'Item Level 496', '642718', '8', '0','0', '0', '1', '47', '0'),
('300', 'Shop: Shoulders of Foaming Fluids', 'Item Level 496', '594105', '8', '0','0', '0', '1', '47', '0'),
('301', 'Shop: Vestments of Steaming Ichor', 'Item Level 496', '638599', '8', '0','0', '0', '1', '47', '0'),
('302', 'Shop: Hood of Dark Dreams', 'Item Level 496', '638598', '8', '0','0', '0', '1', '47', '0'),
('303', 'Shop: Shadow Heart Spaulders', 'Item Level 496', '645131', '8', '0','0', '0', '1', '47', '0'),
('304', 'Shop: Legplates of Regal Reinforcement', 'Item Level 496', '613308', '8', '0','0', '0', '1', '47', '0'),
('305', 'Shop: Kaz\'tik\'s Stormseizer Gauntlets', 'Item Level 496', '638597', '8', '0','0', '0', '1', '47', '0');

DELETE FROM `battle_pay_entry` WHERE `id` BETWEEN 220 AND 305;
INSERT INTO `battle_pay_entry` (`id`, `productId`, `groupId`, `idx`, `title`, `description`, `icon`, `displayId`, `banner`, `flags`) 
VALUES 
('220', '220', '14', '0', 'Jade Bandit Figurine', 'Item Level 489', '0', '0', '2', '0'),
('221', '221', '14', '0', 'Jade Magistrate Figurine', 'Item Level 489', '0', '0', '2', '0'),
('222', '222', '14', '0', 'Jade Courtesan Figurine', 'Item Level 489', '0', '0', '2', '0'),
('223', '223', '14', '0', 'Jade Warlord Figurine', 'Item Level 489', '0', '0', '2', '0'),
('224', '224', '14', '0', 'Boots of the Still Breath', 'Item Level 496', '0', '0', '2', '0'),
('225', '225', '14', '0', 'Hisek\'s Chrysanthemum Cape', 'Item Level 496', '0', '0', '2', '0'),
('226', '226', '14', '0', 'Vizier\'s Ruby Signet', 'Item Level 496', '0', '0', '2', '0'),
('227', '227', '14', '0', 'Fragment of Fear Made Flesh', 'Item Level 496', '0', '0', '2', '0'),
('228', '228', '14', '0', 'Attenuating Bracers', 'Item Level 496', '0', '0', '2', '0'),
('229', '229', '14', '0', 'Chestplate of the Forbidden Tower', 'Item Level 496', '0', '0', '2', '0'),
('230', '230', '14', '0', 'Gauntlets of Undesired Gifts', 'Item Level 496', '0', '0', '2', '0'),
('231', '231', '14', '0', 'Mail of Screaming Secrets', 'Item Level 496', '0', '0', '2', '0'),
('232', '232', '14', '0', 'Gloves of Grasping Claws', 'Item Level 496', '0', '0', '2', '0'),
('233', '233', '14', '0', 'Ring of the Bladed Tempest', 'Item Level 496', '0', '0', '2', '0'),
('234', '234', '14', '0', 'Bracers of Unseen Strikes', 'Item Level 496', '0', '0', '2', '0'),
('235', '235', '14', '0', 'Waistplate of Overwhelming Assault', 'Item Level 496', '0', '0', '2', '0'),
('236', '236', '14', '0', 'Windblade Talons', 'Item Level 496', '0', '0', '2', '0'),
('237', '237', '14', '0', 'Choker of the Unleashed Storm', 'Item Level 496', '0', '0', '2', '0'),
('238', '238', '14', '0', 'Boots of the Blowing Wind', 'Item Level 496', '0', '0', '2', '0'),
('239', '239', '14', '0', 'Bracers of Tempestuous Fury', 'Item Level 496', '0', '0', '2', '0'),
('240', '240', '14', '0', 'Drape of Gathering Clouds', 'Item Level 496', '0', '0', '2', '0'),
('241', '241', '14', '0', 'Twisting Wind Bracers', 'Item Level 496', '0', '0', '2', '0'),
('242', '242', '14', '0', 'Tornado-Summoning Censer', 'Item Level 496', '0', '0', '2', '0'),
('243', '243', '14', '0', 'Ring of the Shattered Shell', 'Item Level 496', '0', '0', '2', '0'),
('244', '244', '14', '0', 'Legbreaker Greatcloak', 'Item Level 496', '0', '0', '2', '0'),
('245', '245', '14', '0', 'Garalon\'s Hollow Skull', 'Item Level 496', '0', '0', '2', '0'),
('246', '246', '14', '0', 'Grips of the Leviathan', 'Item Level 496', '0', '0', '2', '0'),
('247', '247', '14', '0', 'Bonebreaker Gauntlets', 'Item Level 496', '0', '0', '2', '0'),
('248', '248', '14', '0', 'Necklace of Congealed Weaknesses', 'Item Level 496', '0', '0', '2', '0'),
('249', '249', '14', '0', 'Sandals of the Unbidden', 'Item Level 496', '0', '0', '2', '0'),
('250', '250', '14', '0', 'Grasps of Panic', 'Item Level 496', '0', '0', '2', '0'),
('251', '251', '14', '0', 'Robes of Eighty Lights', 'Item Level 496', '0', '0', '2', '0'),
('252', '252', '14', '0', 'Xaril\'s Hood of Intoxicating Vapors', 'Item Level 496', '0', '0', '2', '0'),
('253', '253', '14', '0', 'Stormwake Mistcloak', 'Item Level 496', '0', '0', '2', '0'),
('254', '254', '14', '0', 'Shining Cicada Bracers', 'Item Level 496', '0', '0', '2', '0'),
('255', '255', '14', '0', 'Luminescent Firefly Wristguards', 'Item Level 496', '0', '0', '2', '0'),
('256', '256', '14', '0', 'Smooth Beetle Wristbands', 'Item Level 496', '0', '0', '2', '0'),
('257', '257', '14', '0', 'Gleaming Moth Cuffs', 'Item Level 496', '0', '0', '2', '0'),
('258', '258', '14', '0', 'Pearlescent Butterfly Wristbands', 'Item Level 496', '0', '0', '2', '0'),
('259', '259', '14', '0', 'Inlaid Cricket Bracers', 'Item Level 496', '0', '0', '2', '0'),
('260', '260', '14', '0', 'Jagged Hornet Bracers', 'Item Level 496', '0', '0', '2', '0'),
('261', '261', '14', '0', 'Serrated Wasp Bracers', 'Item Level 496', '0', '0', '2', '0'),
('262', '262', '14', '0', 'Plated Locust Bracers', 'Item Level 496', '0', '0', '2', '0'),
('263', '263', '14', '0', 'Darting Damselfly Cuffs', 'Item Level 496', '0', '0', '2', '0'),
('264', '264', '14', '0', 'Painful Thorned Ring', 'Item Level 496', '0', '0', '2', '0'),
('265', '265', '14', '0', 'Impaling Treads', 'Item Level 496', '0', '0', '2', '0'),
('266', '266', '14', '0', 'Cloak of Raining Blades', 'Item Level 496', '0', '0', '2', '0'),
('267', '267', '14', '0', 'Articulated Legplates', 'Item Level 496', '0', '0', '2', '0'),
('268', '268', '14', '0', 'Wingslasher Pauldrons', 'Item Level 496', '0', '0', '2', '0'),
('269', '269', '14', '0', 'Korven\'s Amber-Sealed Beetle', 'Item Level 496', '0', '0', '2', '0'),
('270', '270', '14', '0', 'Belt of Malleable Amber', 'Item Level 496', '0', '0', '2', '0'),
('271', '271', '14', '0', 'Seal of the Profane', 'Item Level 496', '0', '0', '2', '0'),
('272', '272', '14', '0', 'Treads of Deadly Secretions', 'Item Level 496', '0', '0', '2', '0'),
('273', '273', '14', '0', 'Shoulderpads of Misshapen Life', 'Item Level 496', '0', '0', '2', '0'),
('274', '274', '14', '0', 'Monstrous Stompers', 'Item Level 496', '0', '0', '2', '0'),
('275', '275', '14', '0', 'Un\'sok\'s Amber Scalpel', 'Item Level 496', '0', '0', '2', '0'),
('276', '276', '14', '0', 'Scimitar of Seven Stars', 'Item Level 496', '0', '0', '2', '0'),
('277', '277', '14', '0', 'Claws of Shek\'zeer', 'Item Level 496', '0', '0', '2', '0'),
('278', '278', '14', '0', 'Kri\'tak, Imperial Scepter of the Swarm', 'Item Level 496', '0', '0', '2', '0'),
('279', '279', '14', '0', 'Crown of the Doomed Empress', 'Item Level 496', '0', '0', '2', '0'),
('280', '280', '14', '0', 'Leggings of Shadow Infestation', 'Item Level 496', '0', '0', '2', '0'),
('281', '281', '14', '0', 'Robes of Torn Nightmares', 'Item Level 496', '0', '0', '2', '0'),
('282', '282', '14', '0', 'Clutches of Dying Hope', 'Item Level 496', '0', '0', '2', '0'),
('283', '283', '14', '0', 'Zor\'lok\'s Fizzing Chestguard', 'Item Level 496', '0', '0', '2', '0'),
('284', '284', '14', '0', 'Chest of the Shadowy Conqueror', 'Item Level 496', '0', '0', '2', '0'),
('285', '285', '14', '0', 'Chest of the Shadowy Protector', 'Item Level 496', '0', '0', '2', '0'),
('286', '286', '14', '0', 'Chest of the Shadowy Vanquisher', 'Item Level 496', '0', '0', '2', '0'),
('287', '287', '14', '0', 'Gauntlets of the Shadowy Conqueror', 'Item Level 496', '0', '0', '2', '0'),
('288', '288', '14', '0', 'Gauntlets of the Shadowy Protector', 'Item Level 496', '0', '0', '2', '0'),
('289', '289', '14', '0', 'Gauntlets of the Shadowy Vanquisher', 'Item Level 496', '0', '0', '2', '0'),
('290', '290', '14', '0', 'Leggings of the Shadowy Conqueror', 'Item Level 496', '0', '0', '2', '0'),
('291', '291', '14', '0', 'Leggings of the Shadowy Protector', 'Item Level 496', '0', '0', '2', '0'),
('292', '292', '14', '0', 'Leggings of the Shadowy Vanquisher', 'Item Level 496', '0', '0', '2', '0'),
('293', '293', '14', '0', 'Warbelt of Sealed Pods', 'Item Level 496', '0', '0', '2', '0'),
('294', '294', '14', '0', 'Pheromone-Coated Choker', 'Item Level 496', '0', '0', '2', '0'),
('295', '295', '14', '0', 'Pauldrons of the Broken Blade', 'Item Level 496', '0', '0', '2', '0'),
('296', '296', '14', '0', 'Scent-Soaked Sandals', 'Item Level 496', '0', '0', '2', '0'),
('297', '297', '14', '0', 'Sword Dancer\'s Leggings', 'Item Level 496', '0', '0', '2', '0'),
('298', '298', '14', '0', 'Hood of Stilled Winds', 'Item Level 496', '0', '0', '2', '0'),
('299', '299', '14', '0', 'Garalon\'s Graven Carapace', 'Item Level 496', '0', '0', '2', '0'),
('300', '300', '14', '0', 'Shoulders of Foaming Fluids', 'Item Level 496', '0', '0', '2', '0'),
('301', '301', '14', '0', 'Vestments of Steaming Ichor', 'Item Level 496', '0', '0', '2', '0'),
('302', '302', '14', '0', 'Hood of Dark Dreams', 'Item Level 496', '0', '0', '2', '0'),
('303', '303', '14', '0', 'Shadow Heart Spaulders', 'Item Level 496', '0', '0', '2', '0'),
('304', '304', '14', '0', 'Legplates of Regal Reinforcement', 'Item Level 496', '0', '0', '2', '0'),
('305', '305', '14', '0', 'Kaz\'tik\'s Stormseizer Gauntlets', 'Item Level 496', '0', '0', '2', '0');

-- agregando traducciones
DELETE FROM `locales_battle_pay_entry` WHERE `id` BETWEEN 220 AND 305;
INSERT INTO `locales_battle_pay_entry` (`id`, `title_loc1`, `title_loc6`, `title_loc7`, `description_loc1`, `description_loc6`, `description_loc7`) 
VALUES 
('220', 'Jade Bandit Figurine', 'Figurilla de bandido de jade', 'Figurilla de bandido de jade', 'Item Level 489', 'Nivel de Equipo 489', 'Nivel de Equipo 489'),
('221', 'Jade Magistrate Figurine', 'Figurilla de magistrado de jade', 'Figurilla de magistrado de jade', 'Item Level 489', 'Nivel de Equipo 489', 'Nivel de Equipo 489'),
('222', 'Jade Courtesan Figurine', 'Figurilla de cortezana de jade', 'Figurilla de cortezana de jade', 'Item Level 489', 'Nivel de Equipo 489', 'Nivel de Equipo 489'),
('223', 'Jade Warlord Figurine', 'Figurilla de señor de la guerra de jade', 'Figurilla de señor de la guerra de jade', 'Item Level 489', 'Nivel de Equipo 489', 'Nivel de Equipo 489'),
('224', 'Boots of the Still Breath', 'Botas del aliento detenido', 'Botas del aliento detenido', 'Item Level 496', 'Nivel de Equipo 496', 'Nivel de Equipo 496'),
('225', 'Hisek\'s Chrysanthemum Cape', 'Manteo de Crisantemo de Hisek', 'Manteo de Crisantemo de Hisek', 'Item Level 496', 'Nivel de Equipo 496', 'Nivel de Equipo 496'),
('226', 'Vizier\'s Ruby Signet', 'Sello de rubí del visir', 'Sello de rubí del visir', 'Item Level 496', 'Nivel de Equipo 496', 'Nivel de Equipo 496'),
('227', 'Fragment of Fear Made Flesh', 'fragmento de miedo hecho carne', 'fragmento de miedo hecho carne', 'Item Level 496', 'Nivel de Equipo 496', 'Nivel de Equipo 496'),
('228', 'Attenuating Bracers', 'Brazales atenuantes', 'Brazales atenuantes', 'Item Level 496', 'Nivel de Equipo 496', 'Nivel de Equipo 496'),
('229', 'Chestplate of the Forbidden Tower', 'Peto de la torre prohibida', 'Peto de la torre prohibida', 'Item Level 496', 'Nivel de Equipo 496', 'Nivel de Equipo 496'),
('230', 'Gauntlets of Undesired Gifts', 'Guanteles de Regalos no deseado', 'Guanteles de Regalos no deseado', 'Item Level 496', 'Nivel de Equipo 496', 'Nivel de Equipo 496'),
('231', 'Mail of Screaming Secrets', 'Malla de secretoss a gritos', 'Malla de secretoss a gritos', 'Item Level 496', 'Nivel de Equipo 496', 'Nivel de Equipo 496'),
('232', 'Gloves of Grasping Claws', 'Guanteletes de garras enredadoras', 'Guanteletes de garras enredadoras', 'Item Level 496', 'Nivel de Equipo 496', 'Nivel de Equipo 496'),
('233', 'Ring of the Bladed Tempest', 'Anillo de la tempestad de hojas', 'Anillo de la tempestad de hojas', 'Item Level 496', 'Nivel de Equipo 496', 'Nivel de Equipo 496'),
('234', 'Bracers of Unseen Strikes', 'Brazales de golpes ocultos', 'Brazales de golpes ocultos', 'Item Level 496', 'Nivel de Equipo 496', 'Nivel de Equipo 496'),
('235', 'Waistplate of Overwhelming Assault', 'Pretina de asalto sobrecogedor', 'Pretina de asalto sobrecogedor', 'Item Level 496', 'Nivel de Equipo 496', 'Nivel de Equipo 496'),
('236', 'Windblade Talons', 'Garfas de espada del viento ', 'Garfas de espada del viento ', 'Item Level 496', 'Nivel de Equipo 496', 'Nivel de Equipo 496'),
('237', 'Choker of the Unleashed Storm', 'Gargantilla de la tormenta desatada', 'Gargantilla de la tormenta desatada', 'Item Level 496', 'Nivel de Equipo 496', 'Nivel de Equipo 496'),
('238', 'Boots of the Blowing Wind', 'Botas del viento que sopla ', 'Botas del viento que sopla ', 'Item Level 496', 'Nivel de Equipo 496', 'Nivel de Equipo 496'),
('239', 'Bracers of Tempestuous Fury', 'Brazales de furia tempestuosa', 'Brazales de furia tempestuosa', 'Item Level 496', 'Nivel de Equipo 496', 'Nivel de Equipo 496'),
('240', 'Drape of Gathering Clouds', 'Mantón de nuves próximas', 'Mantón de nuves próximas', 'Item Level 496', 'Nivel de Equipo 496', 'Nivel de Equipo 496'),
('241', 'Twisting Wind Bracers', 'Brazales de viento agitado', 'Brazales de viento agitado', 'Item Level 496', 'Nivel de Equipo 496', 'Nivel de Equipo 496'),
('242', 'Tornado-Summoning Censer', 'Incensario para invocar tornado', 'Incensario para invocar tornado', 'Item Level 496', 'Nivel de Equipo 496', 'Nivel de Equipo 496'),
('243', 'Ring of the Shattered Shell', 'Anillo de caparazon destrozado', 'Anillo de caparazon destrozado', 'Item Level 496', 'Nivel de Equipo 496', 'Nivel de Equipo 496'),
('244', 'Legbreaker Greatcloak', 'Gran capa de rompepiernas', 'Gran capa de rompepiernas', 'Item Level 496', 'Nivel de Equipo 496', 'Nivel de Equipo 496'),
('245', 'Garalon\'s Hollow Skull', 'Calavera hueca de Galaron', 'Calavera hueca de Galaron', 'Item Level 496', 'Nivel de Equipo 496', 'Nivel de Equipo 496'),
('246', 'Grips of the Leviathan', 'Mandiletes de leviatán ', 'Mandiletes de leviatán ', 'Item Level 496', 'Nivel de Equipo 496', 'Nivel de Equipo 496'),
('247', 'Bonebreaker Gauntlets', 'Gaunteletes rompe hueso', 'Gaunteletes rompe hueso', 'Item Level 496', 'Nivel de Equipo 496', 'Nivel de Equipo 496'),
('248', 'Necklace of Congealed Weaknesses', 'Collar de debilidad cuajada', 'Collar de debilidad cuajada', 'Item Level 496', 'Nivel de Equipo 496', 'Nivel de Equipo 496'),
('249', 'Sandals of the Unbidden', 'Sandalias del ineserado', 'Sandalias del ineserado', 'Item Level 496', 'Nivel de Equipo 496', 'Nivel de Equipo 496'),
('250', 'Grasps of Panic', 'Garras de pánico', 'Garras de pánico', 'Item Level 496', 'Nivel de Equipo 496', 'Nivel de Equipo 496'),
('251', 'Robes of Eighty Lights', 'Togas de ochenta luces', 'Togas de ochenta luces', 'Item Level 496', 'Nivel de Equipo 496', 'Nivel de Equipo 496'),
('252', 'Xaril\'s Hood of Intoxicating Vapors', 'Caperuza de Xaril de vapores intoxicantes', 'Caperuza de Xaril de vapores intoxicantes', 'Item Level 496', 'Nivel de Equipo 496', 'Nivel de Equipo 496'),
('253', 'Stormwake Mistcloak', 'Capa de niebla levantatormentas', 'Capa de niebla levantatormentas', 'Item Level 496', 'Nivel de Equipo 496', 'Nivel de Equipo 496'),
('254', 'Shining Cicada Bracers', 'brazales de cicádico brillante', 'brazales de cicádico brillante', 'Item Level 496', 'Nivel de Equipo 496', 'Nivel de Equipo 496'),
('255', 'Luminescent Firefly Wristguards', 'Guardamuñecas de luciérnaga luminicentes', 'Guardamuñecas de luciérnaga luminicentes', 'Item Level 496', 'Nivel de Equipo 496', 'Nivel de Equipo 496'),
('256', 'Smooth Beetle Wristbands', 'Braciles de alfazaques lisos', 'Braciles de alfazaques lisos', 'Item Level 496', 'Nivel de Equipo 496', 'Nivel de Equipo 496'),
('257', 'Gleaming Moth Cuffs', 'Puños de polilla relucientes', 'Puños de polilla relucientes', 'Item Level 496', 'Nivel de Equipo 496', 'Nivel de Equipo 496'),
('258', 'Pearlescent Butterfly Wristbands', 'Braciles de mariposa perlescentes ', 'Braciles de mariposa perlescentes ', 'Item Level 496', 'Nivel de Equipo 496', 'Nivel de Equipo 496'),
('259', 'Inlaid Cricket Bracers', 'Brazales de grillo taraceados', 'Brazales de grillo taraceados', 'Item Level 496', 'Nivel de Equipo 496', 'Nivel de Equipo 496'),
('260', 'Jagged Hornet Bracers', 'Brazales de avispón dentados', 'Brazales de avispón dentados', 'Item Level 496', 'Nivel de Equipo 496', 'Nivel de Equipo 496'),
('261', 'Serrated Wasp Bracers', 'Brazales de avispa dentados', 'Brazales de avispa dentados', 'Item Level 496', 'Nivel de Equipo 496', 'Nivel de Equipo 496'),
('262', 'Plated Locust Bracers', 'Brazales de langosta de placas', 'Brazales de langosta de placas', 'Item Level 496', 'Nivel de Equipo 496', 'Nivel de Equipo 496'),
('263', 'Darting Damselfly Cuffs', 'Puños de zigóptero revoloteador', 'Puños de zigóptero revoloteador', 'Item Level 496', 'Nivel de Equipo 496', 'Nivel de Equipo 496'),
('264', 'Painful Thorned Ring', 'Anillo espinado doloroso', 'Anillo espinado doloroso', 'Item Level 496', 'Nivel de Equipo 496', 'Nivel de Equipo 496'),
('265', 'Impaling Treads', 'Botines empaladores', 'Botines empaladores', 'Item Level 496', 'Nivel de Equipo 496', 'Nivel de Equipo 496'),
('266', 'Cloak of Raining Blades', 'Capa de lluvia de hojas', 'Capa de lluvia de hojas', 'Item Level 496', 'Nivel de Equipo 496', 'Nivel de Equipo 496'),
('267', 'Articulated Legplates', 'Quijotes articulados', 'Quijotes articulados', 'Item Level 496', 'Nivel de Equipo 496', 'Nivel de Equipo 496'),
('268', 'Wingslasher Pauldrons', 'Espaldares de Latigaalas', 'Espaldares de Latigaalas', 'Item Level 496', 'Nivel de Equipo 496', 'Nivel de Equipo 496'),
('269', 'Korven\'s Amber-Sealed Beetle', 'Alfazanque sellado con ámbar de Korven', 'Alfazanque sellado con ámbar de Korven', 'Item Level 496', 'Nivel de Equipo 496', 'Nivel de Equipo 496'),
('270', 'Belt of Malleable Amber', 'Cinturón de ámbar maneable', 'Cinturón de ámbar maneable', 'Item Level 496', 'Nivel de Equipo 496', 'Nivel de Equipo 496'),
('271', 'Seal of the Profane', 'Sello del profano', 'Sello del profano', 'Item Level 496', 'Nivel de Equipo 496', 'Nivel de Equipo 496'),
('272', 'Treads of Deadly Secretions', 'Botines de secreciones mortales', 'Botines de secreciones mortales', 'Item Level 496', 'Nivel de Equipo 496', 'Nivel de Equipo 496'),
('273', 'Shoulderpads of Misshapen Life', 'Hombreras de vida desafortunada', 'Hombreras de vida desafortunada', 'Item Level 496', 'Nivel de Equipo 496', 'Nivel de Equipo 496'),
('274', 'Monstrous Stompers', 'Apisotonadoras monstruosas', 'Apisotonadoras monstruosas', 'Item Level 496', 'Nivel de Equipo 496', 'Nivel de Equipo 496'),
('275', 'Un\'sok\'s Amber Scalpel', 'Escalpelo de ámbar de Un´sok', 'Escalpelo de ámbar de Un´sok', 'Item Level 496', 'Nivel de Equipo 496', 'Nivel de Equipo 496'),
('276', 'Scimitar of Seven Stars', 'Cimitarra de las siete estrellas', 'Cimitarra de las siete estrellas', 'Item Level 496', 'Nivel de Equipo 496', 'Nivel de Equipo 496'),
('277', 'Claws of Shek\'zeer', 'Garras de Shek´zeer', 'Garras de Shek´zeer', 'Item Level 496', 'Nivel de Equipo 496', 'Nivel de Equipo 496'),
('278', 'Kri\'tak, Imperial Scepter of the Swarm', 'Cri´tak, Cetro imperial del enjambre', 'Cri´tak, Cetro imperial del enjambre', 'Item Level 496', 'Nivel de Equipo 496', 'Nivel de Equipo 496'),
('279', 'Crown of the Doomed Empress', 'Corona de la empreratriz maldita', 'Corona de la empreratriz maldita', 'Item Level 496', 'Nivel de Equipo 496', 'Nivel de Equipo 496'),
('280', 'Leggings of Shadow Infestation', 'Leotardos de infestación de sombras', 'Leotardos de infestación de sombras', 'Item Level 496', 'Nivel de Equipo 496', 'Nivel de Equipo 496'),
('281', 'Robes of Torn Nightmares', 'Togas de pesadillas desgarradas', 'Togas de pesadillas desgarradas', 'Item Level 496', 'Nivel de Equipo 496', 'Nivel de Equipo 496'),
('282', 'Clutches of Dying Hope', 'Garras de esperanza moribunda', 'Garras de esperanza moribunda', 'Item Level 496', 'Nivel de Equipo 496', 'Nivel de Equipo 496'),
('283', 'Zor\'lok\'s Fizzing Chestguard', 'Coselete chispeante de Zor´lok', 'Coselete chispeante de Zor´lok', 'Item Level 496', 'Nivel de Equipo 496', 'Nivel de Equipo 496'),
('284', 'Chest of the Shadowy Conqueror', 'Pechera del conquistador sombrío', 'Pechera del conquistador sombrío', 'Item Level 496', 'Nivel de Equipo 496', 'Nivel de Equipo 496'),
('285', 'Chest of the Shadowy Protector', 'Pechera del protector sombrío', 'Pechera del protector sombrío', 'Item Level 496', 'Nivel de Equipo 496', 'Nivel de Equipo 496'),
('286', 'Chest of the Shadowy Vanquisher', 'Pechera del vencedor sombrío', 'Pechera del vencedor sombrío', 'Item Level 496', 'Nivel de Equipo 496', 'Nivel de Equipo 496'),
('287', 'Gauntlets of the Shadowy Conqueror', 'Guanteletes del conquistador Sombrío', 'Guanteletes del conquistador Sombrío', 'Item Level 496', 'Nivel de Equipo 496', 'Nivel de Equipo 496'),
('288', 'Gauntlets of the Shadowy Protector', 'Guanteletes del protector sombrío', 'Guanteletes del protector sombrío', 'Item Level 496', 'Nivel de Equipo 496', 'Nivel de Equipo 496'),
('289', 'Gauntlets of the Shadowy Vanquisher', 'Gaunteletes del vencedor sombrío', 'Gaunteletes del vencedor sombrío', 'Item Level 496', 'Nivel de Equipo 496', 'Nivel de Equipo 496'),
('290', 'Leggings of the Shadowy Conqueror', 'Leotardos de conquistador sombrío', 'Leotardos de conquistador sombrío', 'Item Level 496', 'Nivel de Equipo 496', 'Nivel de Equipo 496'),
('291', 'Leggings of the Shadowy Protector', 'Leotardos del protector sombrío', 'Leotardos del protector sombrío', 'Item Level 496', 'Nivel de Equipo 496', 'Nivel de Equipo 496'),
('292', 'Leggings of the Shadowy Vanquisher', 'Leotardos del vencedor sombrío', 'Leotardos del vencedor sombrío', 'Item Level 496', 'Nivel de Equipo 496', 'Nivel de Equipo 496'),
('293', 'Warbelt of Sealed Pods', 'Cinturon de guerra de vainas selladas', 'Cinturon de guerra de vainas selladas', 'Item Level 496', 'Nivel de Equipo 496', 'Nivel de Equipo 496'),
('294', 'Pheromone-Coated Choker', 'Gargantilla cubierta de feromonas', 'Gargantilla cubierta de feromonas', 'Item Level 496', 'Nivel de Equipo 496', 'Nivel de Equipo 496'),
('295', 'Pauldrons of the Broken Blade', 'Espaldares de la espada rota', 'Espaldares de la espada rota', 'Item Level 496', 'Nivel de Equipo 496', 'Nivel de Equipo 496'),
('296', 'Scent-Soaked Sandals', 'Sandalias olorosas', 'Sandalias olorosas', 'Item Level 496', 'Nivel de Equipo 496', 'Nivel de Equipo 496'),
('297', 'Sword Dancer\'s Leggings', 'Leotardos de bailarín de espadas', 'Leotardos de bailarín de espadas', 'Item Level 496', 'Nivel de Equipo 496', 'Nivel de Equipo 496'),
('298', 'Hood of Stilled Winds', 'Caperuza de vientos estáticos', 'Caperuza de vientos estáticos', 'Item Level 496', 'Nivel de Equipo 496', 'Nivel de Equipo 496'),
('299', 'Garalon\'s Graven Carapace', 'Caparazón grabado de Galaron', 'Caparazón grabado de Galaron', 'Item Level 496', 'Nivel de Equipo 496', 'Nivel de Equipo 496'),
('300', 'Shoulders of Foaming Fluids', 'Sobrehobros de fluidos espumosos', 'Sobrehobros de fluidos espumosos', 'Item Level 496', 'Nivel de Equipo 496', 'Nivel de Equipo 496'),
('301', 'Vestments of Steaming Ichor', 'Vestimentas de Icor vaporoso', 'Vestimentas de Icor vaporoso', 'Item Level 496', 'Nivel de Equipo 496', 'Nivel de Equipo 496'),
('302', 'Hood of Dark Dreams', 'Caperuza de sueños oscuros', 'Caperuza de sueños oscuros', 'Item Level 496', 'Nivel de Equipo 496', 'Nivel de Equipo 496'),
('303', 'Shadow Heart Spaulders', 'Bufas de corazón de sombras', 'Bufas de corazón de sombras', 'Item Level 496', 'Nivel de Equipo 496', 'Nivel de Equipo 496'),
('304', 'Legplates of Regal Reinforcement', 'Quijotes de refuerzo real', 'Quijotes de refuerzo real', 'Item Level 496', 'Nivel de Equipo 496', 'Nivel de Equipo 496'),
('305', 'Kaz\'tik\'s Stormseizer Gauntlets', 'Guanteletes atrapatormentas de Kaz´tik', 'Guanteletes atrapatormentas de Kaz´tik', 'Item Level 496', 'Nivel de Equipo 496', 'Nivel de Equipo 496');

