-- se agrego nuevos items a la tienda en una nueva categoría
DELETE FROM `battle_pay_group` WHERE `id` = '13'; 
INSERT INTO `battle_pay_group` (`id`, `idx`, `name`, `icon`, `type`) VALUES('13','13','Mogushan HC','940856','0');

DELETE FROM `battle_pay_product_items` WHERE `id` BETWEEN 100 AND 182;
INSERT INTO `battle_pay_product_items` (`id`, `itemId`, `count`, `productId`) 
VALUES 
('100','87012','1','100'),
('101','87013','1','101'),
('102','87014','1','102'),
('103','87015','1','103'),
('104','87016','1','104'),
('105','87017','1','105'),
('106','87018','1','106'),
('107','87019','1','107'),
('108','87020','1','108'),
('109','87021','1','109'),
('110','87022','1','110'),
('111','87023','1','111'),
('112','87024','1','112'),
('113','87025','1','113'),
('114','87026','1','114'),
('115','87027','1','115'),
('116','87028','1','116'),
('117','87029','1','117'),
('118','87030','1','118'),
('119','87031','1','119'),
('120','87032','1','120'),
('121','87033','1','121'),
('122','87034','1','122'),
('123','87035','1','123'),
('124','87036','1','124'),
('125','87037','1','125'),
('126','87038','1','126'),
('127','87039','1','127'),
('128','87040','1','128'),
('129','87041','1','129'),
('130','87042','1','130'),
('131','87043','1','131'),
('132','87044','1','132'),
('133','87045','1','133'),
('134','87046','1','134'),
('135','87047','1','135'),
('136','87048','1','136'),
('137','87049','1','137'),
('138','87050','1','138'),
('139','87051','1','139'),
('140','87052','1','140'),
('141','87053','1','141'),
('142','87054','1','142'),
('143','87055','1','143'),
('144','87056','1','144'),
('145','87057','1','145'),
('146','87058','1','146'),
('147','87059','1','147'),
('148','87060','1','148'),
('149','87061','1','149'),
('150','87062','1','150'),
('151','87063','1','151'),
('152','87064','1','152'),
('153','87065','1','153'),
('154','87066','1','154'),
('155','87067','1','155'),
('156','87068','1','156'),
('157','87069','1','157'),
('158','87070','1','158'),
('159','87071','1','159'),
('160','87072','1','160'),
('161','87073','1','161'),
('162','87074','1','162'),
('163','87075','1','163'),
('164','87076','1','164'),
('165','87077','1','165'),
('166','87078','1','166'),
('167','87825','1','167'),
('168','89425','1','168'),
('169','89926','1','169'),
('170','89930','1','170'),
('171','89931','1','171'),
('172','89932','1','172'),
('173','89933','1','173'),
('174','89934','1','174'),
('175','89935','1','175'),
('176','89936','1','176'),
('177','89937','1','177'),
('178','89938','1','178'),
('179','89939','1','179'),
('180','89940','1','180'),
('181','89941','1','181'),
('182','89942','1','182');

DELETE FROM `battle_pay_product` WHERE `id` BETWEEN 100 AND 182;
INSERT INTO `battle_pay_product` (`id`, `title`, `description`, `icon`, `price`, `discount`, `displayId`, `type`, `choiceType`, `flags`, `flagsInfo`) VALUES 
('100', 'Shop:Dagger of the Seven Stars', 'Item level 502', '653199', '7', '0', '0', '0', '1', '47', '0'),
('101', 'Shop:Stoneflesh Leggings', 'Item level 502', '627316', '7', '0', '0', '0', '1', '47', '0'),
('102', 'Shop:Stonemaw Armguards', 'Item level 502', '631299', '7', '0', '0', '0', '1', '47', '0'),
('103', 'Shop:Jasper Clawfeet', 'Item level 502', '613303', '7', '0', '0', '0', '1', '47', '0'),
('104', 'Shop:Beads of the Mogu\'shi', 'Item level 502', '648548', '7', '0', '0', '0', '1', '47', '0'),
('105', 'Shop:Jade Dust Leggings', 'Item level 502', '594104', '7', '0', '0', '0', '1', '47', '0'),
('106', 'Shop:Cape of Three Lanterns', 'Item level 502', '628277', '7', '0', '0', '0', '1', '47', '0'),
('107', 'Shop:Stonebound Cinch', 'Item level 502', '627310', '7', '0', '0', '0', '1', '47', '0'),
('108', 'Shop:Sixteen-Fanged Crown', 'Item level 502', '638598', '7', '0', '0', '0', '1', '47', '0'),
('109', 'Shop:Heavenly Jade Greatboots', 'Item level 502', '608653', '7', '0', '0', '0', '1', '47', '0'),
('110', 'Shop:Tomb Raider\'s Girdle', 'Item level 502', '631504', '7', '0', '0', '0', '1', '47', '0'),
('111', 'Shop:Wildfire Worldwalkers', 'Item level 502', '631298', '7', '0', '0', '0', '1', '47', '0'),
('112', 'Shop:Nullification Greathelm', 'Item level 502', '613307', '7', '0', '0', '0', '1', '47', '0'),
('113', 'Shop:Bracers of Six Oxen', 'Item level 502', '613304', '7', '0', '0', '0', '1', '47', '0'),
('114', 'Shop:Cloak of Peacock Feathers', 'Item level 502', '628676', '7', '0', '0', '0', '1', '47', '0'),
('115', 'Shop:Imperial Ghostbinder\'s Robes', 'Item level 502', '618868', '7', '0', '0', '0', '1', '47', '0'),
('116', 'Shop:Amulet of Seven Curses', 'Item level 502', '648551', '7', '0', '0', '0', '1', '47', '0'),
('117', 'Shop:Hood of Cursed Dreams', 'Item level 502', '627315', '7', '0', '0', '0', '1', '47', '0'),
('118', 'Shop:Chain of Shadow', 'Item level 502', '638593', '7', '0', '0', '0', '1', '47', '0'),
('119', 'Shop:Legplates of Sagacious Shadows', 'Item level 502', '608658', '7', '0', '0', '0', '1', '47', '0'),
('120', 'Shop:Gara\'kal, Fist of the Spiritbinder', 'Item level 502', '629937', '7', '0', '0', '0', '1', '47', '0'),
('121', 'Shop:Netherrealm Shoulderpads', 'Item level 502', '627317', '7', '0', '0', '0', '1', '47', '0'),
('122', 'Shop:Fetters of Death', 'Item level 502', '638593', '7', '0', '0', '0', '1', '47', '0'),
('123', 'Shop:Sollerets of Spirit Splitting', 'Item level 502', '642716', '7', '0', '0', '0', '1', '47', '0'),
('124', 'Shop:Soulgrasp Choker', 'Item level 502', '648541', '7', '0', '0', '0', '1', '47', '0'),
('125', 'Shop:Sandals of the Severed Soul', 'Item level 502', '526167', '7', '0', '0', '0', '1', '47', '0'),
('126', 'Shop:Shadowsummoner Spaulders', 'Item level 502', '608948', '7', '0', '0', '0', '1', '47', '0'),
('127', 'Shop:Eye of the Ancient Spirit', 'Item level 502', '652175', '7', '0', '0', '0', '1', '47', '0'),
('128', 'Shop:Circuit of the Frail Soul', 'Item level 502', '644435', '7', '0', '0', '0', '1', '47', '0'),
('129', 'Shop:Spaulders of the Divided Mind', 'Item level 502', '631518', '7', '0', '0', '0', '1', '47', '0'),
('130', 'Shop:Leggings of Imprisoned Will', 'Item level 502', '657949', '7', '0', '0', '0', '1', '47', '0'),
('131', 'Shop:Bindings of Ancient Spirits', 'Item level 502', '608654', '7', '0', '0', '0', '1', '47', '0'),
('132', 'Shop:Arrow Breaking Windcloak', 'Item level 502', '628676', '7', '0', '0', '0', '1', '47', '0'),
('133', 'Shop:Amulet of the Hidden Kings', 'Item level 502', '648533', '7', '0', '0', '0', '1', '47', '0'),
('134', 'Shop:Screaming Tiger, Qiang\'s Unbreakable Polearm', 'Item level 502', '628722', '7', '0', '0', '0', '1', '47', '0'),
('135', 'Shop:Subetai\'s Pillaging Leggings', 'Item level 502', '631303', '7', '0', '0', '0', '1', '47', '0'),
('136', 'Shop:Breastplate of the Kings\' Guard', 'Item level 502', '613305', '7', '0', '0', '0', '1', '47', '0'),
('137', 'Shop:Shoulderguards of the Unflanked', 'Item level 502', '642722', '7', '0', '0', '0', '1', '47', '0'),
('138', 'Shop:Steelskin, Qiang\'s Impervious Shield', 'Item level 502', '655958', '7', '0', '0', '0', '1', '47', '0'),
('139', 'Shop:Hood of Blind Eyes', 'Item level 502', '608946', '7', '0', '0', '0', '1', '47', '0'),
('140', 'Shop:Undying Shadow Grips', 'Item level 502', '608945', '7', '0', '0', '0', '1', '47', '0'),
('141', 'Shop:Zian\'s Choker of Coalesced Shadow', 'Item level 502', '648541', '7', '0', '0', '0', '1', '47', '0'),
('142', 'Shop:Bracers of Dark Thoughts', 'Item level 502', '627312', '7', '0', '0', '0', '1', '47', '0'),
('143', 'Shop:Meng\'s Treads of Insanity', 'Item level 502', '638594', '7', '0', '0', '0', '1', '47', '0'),
('144', 'Shop:Girdle of Delirious Visions', 'Item level 502', '608652', '7', '0', '0', '0', '1', '47', '0'),
('145', 'Shop:Bottle of Infinite Stars', 'Item level 502', '645891', '7', '0', '0', '0', '1', '47', '0'),
('146', 'Shop:Chestguard of Total Annihilation', 'Item level 502', '627313', '7', '0', '0', '0', '1', '47', '0'),
('147', 'Shop:Starcrusher Gauntlets', 'Item level 502', '642719', '7', '0', '0', '0', '1', '47', '0'),
('148', 'Shop:Star-Stealer Waistguard', 'Item level 502', '608652', '7', '0', '0', '0', '1', '47', '0'),
('149', 'Shop:Starshatter', 'Item level 502', '653245', '7', '0', '0', '0', '1', '47', '0'),
('150', 'Shop:Elegion, the Fanged Crescent', 'Item level 502', '652973', '7', '0', '0', '0', '1', '47', '0'),
('151', 'Shop:Vial of Dragon\'s Blood', 'Item level 502', '645890', '7', '0', '0', '0', '1', '47', '0'),
('152', 'Shop:Orbital Belt', 'Item level 502', '618861', '7', '0', '0', '0', '1', '47', '0'),
('153', 'Shop:Light of the Cosmos', 'Item level 502', '237435', '7', '0', '0', '0', '1', '47', '0'),
('154', 'Shop:Torch of the Celestial Spark', 'Item level 502', '655717', '7', '0', '0', '0', '1', '47', '0'),
('155', 'Shop:Phasewalker Striders', 'Item level 502', '627311', '7', '0', '0', '0', '1', '47', '0'),
('156', 'Shop:Shoulders of Empyreal Focus', 'Item level 502', '638600', '7', '0', '0', '0', '1', '47', '0'),
('157', 'Shop:Fang Kung, Spark of Titans', 'Item level 502', '644431', '7', '0', '0', '0', '1', '47', '0'),
('158', 'Shop:Crown of Opportunistic Strikes', 'Item level 502', '645129', '7', '0', '0', '0', '1', '47', '0'),
('159', 'Shop:Jang-xi\'s Devastating Legplates', 'Item level 502', '613308', '7', '0', '0', '0', '1', '47', '0'),
('160', 'Shop:Lei Shen\'s Final Orders', 'Item level 502', '646779', '7', '0', '0', '0', '1', '47', '0'),
('161', 'Shop:Hood of Focused Energy', 'Item level 502', '618866', '7', '0', '0', '0', '1', '47', '0'),
('162', 'Shop:Tihan, Scepter of the Sleeping Emperor', 'Item level 502', '651165', '7', '0', '0', '0', '1', '47', '0'),
('163', 'Shop:Qin-xi\'s Polarizing Seal', 'Item level 502', '645288', '7', '0', '0', '0', '1', '47', '0'),
('164', 'Shop:Worldwaker Cabochon', 'Item level 502', '648545', '7', '0', '0', '0', '1', '47', '0'),
('165', 'Shop:Magnetized Leggings', 'Item level 502', '627316', '7', '0', '0', '0', '1', '47', '0'),
('166', 'Shop:Spaulders of the Emperor\'s Rage', 'Item level 502', '608659', '7', '0', '0', '0', '1', '47', '0'),
('167', 'Shop:Grips of Terra Cotta', 'Item level 502', '631301', '7', '0', '0', '0', '1', '47', '0'),
('168', 'Shop:Fan of Fiery Winds', 'Item level 502', '652302', '7', '0', '0', '0', '1', '47', '0'),
('169', 'Shop:Shadow Heart Spaulders', 'Item level 502', '537810', '7', '0', '0', '0', '1', '47', '0'),
('170', 'Shop:Ruby-Linked Girdle', 'Item level 502', '608941', '7', '0', '0', '0', '1', '47', '0'),
('171', 'Shop:Claws of Amethyst', 'Item level 502', '618865', '7', '0', '0', '0', '1', '47', '0'),
('172', 'Shop:Feng\'s Seal of Binding', 'Item level 502', '644433', '7', '0', '0', '0', '1', '47', '0'),
('173', 'Shop:Feng\'s Ring of Dreams', 'Item level 502', '645144', '7', '0', '0', '0', '1', '47', '0'),
('174', 'Shop:Bonded Soul Bracers', 'Item level 502', '642717', '7', '0', '0', '0', '1', '47', '0'),
('175', 'Shop:Bracers of Violent Meditation', 'Item level 502', '645126', '7', '0', '0', '0', '1', '47', '0'),
('176', 'Shop:Mindshard Drape', 'Item level 502', '629630', '7', '0', '0', '0', '1', '47', '0'),
('177', 'Shop:Band of Bursting Novas', 'Item level 502', '652160', '7', '0', '0', '0', '1', '47', '0'),
('178', 'Shop:Galaxyfire Girdle', 'Item level 502', '521216', '7', '0', '0', '0', '1', '47', '0'),
('179', 'Shop:Crown of Keening Stars', 'Item level 502', '608657', '7', '0', '0', '0', '1', '47', '0'),
('180', 'Shop:Dreadeye Gaze', 'Item level 502', '631302', '7', '0', '0', '0', '1', '47', '0'),
('181', 'Shop:Chestguard of Eternal Vigilance', 'Item level 502', '608655', '7', '0', '0', '0', '1', '47', '0'),
('182', 'Shop:Enameled Grips of Solemnity', 'Item level 502', '638597', '7', '0', '0', '0', '1', '47', '0');

DELETE FROM `battle_pay_entry` WHERE `id` BETWEEN 100 AND 182;
INSERT INTO `battle_pay_entry` (`id`, `productId`, `groupId`, `idx`, `title`, `description`, `icon`, `displayId`, `banner`, `flags`) 
VALUES 
('100','100','13','0','DaggeroftheSevenStars','Itemlevel502','0','0','2','0'),
('101','101','13','0','StonefleshLeggings','Itemlevel502','0','0','2','0'),
('102','102','13','0','StonemawArmguards','Itemlevel502','0','0','2','0'),
('103','103','13','0','JasperClawfeet','Itemlevel502','0','0','2','0'),
('104','104','13','0','BeadsoftheMogu\'shi','Itemlevel502','0','0','2','0'),
('105','105','13','0','JadeDustLeggings','Itemlevel502','0','0','2','0'),
('106','106','13','0','CapeofThreeLanterns','Itemlevel502','0','0','2','0'),
('107','107','13','0','StoneboundCinch','Itemlevel502','0','0','2','0'),
('108','108','13','0','Sixteen-FangedCrown','Itemlevel502','0','0','2','0'),
('109','109','13','0','HeavenlyJadeGreatboots','Itemlevel502','0','0','2','0'),
('110','110','13','0','TombRaider\'sGirdle','Itemlevel502','0','0','2','0'),
('111','111','13','0','WildfireWorldwalkers','Itemlevel502','0','0','2','0'),
('112','112','13','0','NullificationGreathelm','Itemlevel502','0','0','2','0'),
('113','113','13','0','BracersofSixOxen','Itemlevel502','0','0','2','0'),
('114','114','13','0','CloakofPeacockFeathers','Itemlevel502','0','0','2','0'),
('115','115','13','0','ImperialGhostbinder\'sRobes','Itemlevel502','0','0','2','0'),
('116','116','13','0','AmuletofSevenCurses','Itemlevel502','0','0','2','0'),
('117','117','13','0','HoodofCursedDreams','Itemlevel502','0','0','2','0'),
('118','118','13','0','ChainofShadow','Itemlevel502','0','0','2','0'),
('119','119','13','0','LegplatesofSagaciousShadows','Itemlevel502','0','0','2','0'),
('120','120','13','0','Gara\'kal,FistoftheSpiritbinder','Itemlevel502','0','0','2','0'),
('121','121','13','0','NetherrealmShoulderpads','Itemlevel502','0','0','2','0'),
('122','122','13','0','FettersofDeath','Itemlevel502','0','0','2','0'),
('123','123','13','0','SolleretsofSpiritSplitting','Itemlevel502','0','0','2','0'),
('124','124','13','0','SoulgraspChoker','Itemlevel502','0','0','2','0'),
('125','125','13','0','SandalsoftheSeveredSoul','Itemlevel502','0','0','2','0'),
('126','126','13','0','ShadowsummonerSpaulders','Itemlevel502','0','0','2','0'),
('127','127','13','0','EyeoftheAncientSpirit','Itemlevel502','0','0','2','0'),
('128','128','13','0','CircuitoftheFrailSoul','Itemlevel502','0','0','2','0'),
('129','129','13','0','SpauldersoftheDividedMind','Itemlevel502','0','0','2','0'),
('130','130','13','0','LeggingsofImprisonedWill','Itemlevel502','0','0','2','0'),
('131','131','13','0','BindingsofAncientSpirits','Itemlevel502','0','0','2','0'),
('132','132','13','0','ArrowBreakingWindcloak','Itemlevel502','0','0','2','0'),
('133','133','13','0','AmuletoftheHiddenKings','Itemlevel502','0','0','2','0'),
('134','134','13','0','ScreamingTiger,Qiang\'sUnbreakablePolearm','Itemlevel502','0','0','2','0'),
('135','135','13','0','Subetai\'sPillagingLeggings','Itemlevel502','0','0','2','0'),
('136','136','13','0','BreastplateoftheKings\'Guard','Itemlevel502','0','0','2','0'),
('137','137','13','0','ShoulderguardsoftheUnflanked','Itemlevel502','0','0','2','0'),
('138','138','13','0','Steelskin,Qiang\'sImperviousShield','Itemlevel502','0','0','2','0'),
('139','139','13','0','HoodofBlindEyes','Itemlevel502','0','0','2','0'),
('140','140','13','0','UndyingShadowGrips','Itemlevel502','0','0','2','0'),
('141','141','13','0','Zian\'sChokerofCoalescedShadow','Itemlevel502','0','0','2','0'),
('142','142','13','0','BracersofDarkThoughts','Itemlevel502','0','0','2','0'),
('143','143','13','0','Meng\'sTreadsofInsanity','Itemlevel502','0','0','2','0'),
('144','144','13','0','GirdleofDeliriousVisions','Itemlevel502','0','0','2','0'),
('145','145','13','0','BottleofInfiniteStars','Itemlevel502','0','0','2','0'),
('146','146','13','0','ChestguardofTotalAnnihilation','Itemlevel502','0','0','2','0'),
('147','147','13','0','StarcrusherGauntlets','Itemlevel502','0','0','2','0'),
('148','148','13','0','Star-StealerWaistguard','Itemlevel502','0','0','2','0'),
('149','149','13','0','Starshatter','Itemlevel502','0','0','2','0'),
('150','150','13','0','Elegion,theFangedCrescent','Itemlevel502','0','0','2','0'),
('151','151','13','0','VialofDragon\'sBlood','Itemlevel502','0','0','2','0'),
('152','152','13','0','OrbitalBelt','Itemlevel502','0','0','2','0'),
('153','153','13','0','LightoftheCosmos','Itemlevel502','0','0','2','0'),
('154','154','13','0','TorchoftheCelestialSpark','Itemlevel502','0','0','2','0'),
('155','155','13','0','PhasewalkerStriders','Itemlevel502','0','0','2','0'),
('156','156','13','0','ShouldersofEmpyrealFocus','Itemlevel502','0','0','2','0'),
('157','157','13','0','FangKung,SparkofTitans','Itemlevel502','0','0','2','0'),
('158','158','13','0','CrownofOpportunisticStrikes','Itemlevel502','0','0','2','0'),
('159','159','13','0','Jang-xi\'sDevastatingLegplates','Itemlevel502','0','0','2','0'),
('160','160','13','0','LeiShen\'sFinalOrders','Itemlevel502','0','0','2','0'),
('161','161','13','0','HoodofFocusedEnergy','Itemlevel502','0','0','2','0'),
('162','162','13','0','Tihan,ScepteroftheSleepingEmperor','Itemlevel502','0','0','2','0'),
('163','163','13','0','Qin-xi\'sPolarizingSeal','Itemlevel502','0','0','2','0'),
('164','164','13','0','WorldwakerCabochon','Itemlevel502','0','0','2','0'),
('165','165','13','0','MagnetizedLeggings','Itemlevel502','0','0','2','0'),
('166','166','13','0','SpauldersoftheEmperor\'sRage','Itemlevel502','0','0','2','0'),
('167','167','13','0','GripsofTerraCotta','Itemlevel502','0','0','2','0'),
('168','168','13','0','FanofFieryWinds','Itemlevel502','0','0','2','0'),
('169','169','13','0','ShadowHeartSpaulders','Itemlevel502','0','0','2','0'),
('170','170','13','0','Ruby-LinkedGirdle','Itemlevel502','0','0','2','0'),
('171','171','13','0','ClawsofAmethyst','Itemlevel502','0','0','2','0'),
('172','172','13','0','Feng\'sSealofBinding','Itemlevel502','0','0','2','0'),
('173','173','13','0','Feng\'sRingofDreams','Itemlevel502','0','0','2','0'),
('174','174','13','0','BondedSoulBracers','Itemlevel502','0','0','2','0'),
('175','175','13','0','BracersofViolentMeditation','Itemlevel502','0','0','2','0'),
('176','176','13','0','MindshardDrape','Itemlevel502','0','0','2','0'),
('177','177','13','0','BandofBurstingNovas','Itemlevel502','0','0','2','0'),
('178','178','13','0','GalaxyfireGirdle','Itemlevel502','0','0','2','0'),
('179','179','13','0','CrownofKeeningStars','Itemlevel502','0','0','2','0'),
('180','180','13','0','DreadeyeGaze','Itemlevel502','0','0','2','0'),
('181','181','13','0','ChestguardofEternalVigilance','Itemlevel502','0','0','2','0'),
('182','182','13','0','EnameledGripsofSolemnity','Itemlevel502','0','0','2','0');

-- agregando traducciones
DELETE FROM `locales_battle_pay_entry` WHERE `id` BETWEEN 100 AND 182;
INSERT INTO `locales_battle_pay_entry` (`id`, `title_loc1`, `title_loc2`, `title_loc3`, `title_loc4`, `title_loc5`, `title_loc6`, `title_loc7`, `title_loc8`, `title_loc9`, `title_loc10`, `title_loc11`, `description_loc1`, `description_loc2`, `description_loc3`, `description_loc4`, `description_loc5`, `description_loc6`, `description_loc7`, `description_loc8`, `description_loc9`, `description_loc10`, `description_loc11`) 
VALUES 
('100','Dagger of the Seven Stars', NULL, NULL, NULL, NULL, 'Daga de las Siete Estrellas','Daga de las Siete Estrellas', NULL, NULL, NULL, NULL, 'Item level 502', NULL, NULL, NULL, NULL, 'Nivel de equipo 502','Nivel de equipo 502', NULL, NULL, NULL, NULL), 
('101','Stoneflesh Leggings', NULL, NULL, NULL, NULL, 'Leotardos carnepétrea','Leotardos carnepétrea', NULL, NULL, NULL, NULL, 'Item level 502', NULL, NULL, NULL, NULL, 'Nivel de equipo 502','Nivel de equipo 502', NULL, NULL, NULL, NULL), 
('102','Stonemaw Armguards', NULL, NULL, NULL, NULL, 'Guardabrazos Bocapiedra','Guardabrazos Bocapiedra', NULL, NULL, NULL, NULL, 'Item level 502', NULL, NULL, NULL, NULL, 'Nivel de equipo 502','Nivel de equipo 502', NULL, NULL, NULL, NULL), 
('103','Jasper Clawfeet', NULL, NULL, NULL, NULL, 'Botas de agarre de jaspe','Botas de agarre de jaspe', NULL, NULL, NULL, NULL, 'Item level 502', NULL, NULL, NULL, NULL, 'Nivel de equipo 502','Nivel de equipo 502', NULL, NULL, NULL, NULL), 
('104','Beads of the Mogu\'shi', NULL, NULL, NULL, NULL, 'Cuentas de los Mogu\'shi','Cuentas de los Mogu\'shi', NULL, NULL, NULL, NULL, 'Item level 502', NULL, NULL, NULL, NULL, 'Nivel de equipo 502','Nivel de equipo 502', NULL, NULL, NULL, NULL), 
('105','Jade Dust Leggings', NULL, NULL, NULL, NULL, 'Leotardos de polvo de jade','Leotardos de polvo de jade', NULL, NULL, NULL, NULL, 'Item level 502', NULL, NULL, NULL, NULL, 'Nivel de equipo 502','Nivel de equipo 502', NULL, NULL, NULL, NULL), 
('106','Cape of Three Lanterns', NULL, NULL, NULL, NULL, 'Manteo de tres faroles','Manteo de tres faroles', NULL, NULL, NULL, NULL, 'Item level 502', NULL, NULL, NULL, NULL, 'Nivel de equipo 502','Nivel de equipo 502', NULL, NULL, NULL, NULL), 
('107','Stonebound Cinch', NULL, NULL, NULL, NULL, 'Cincho vinculado a la piedra','Cincho vinculado a la piedra', NULL, NULL, NULL, NULL, 'Item level 502', NULL, NULL, NULL, NULL, 'Nivel de equipo 502','Nivel de equipo 502', NULL, NULL, NULL, NULL), 
('108','Sixteen-Fanged Crown', NULL, NULL, NULL, NULL, 'Corona de dieciséis puntas','Corona de dieciséis puntas', NULL, NULL, NULL, NULL, 'Item level 502', NULL, NULL, NULL, NULL, 'Nivel de equipo 502','Nivel de equipo 502', NULL, NULL, NULL, NULL), 
('109','Heavenly Jade Greatboots', NULL, NULL, NULL, NULL, 'Grandes botas de jade celestiales','Grandes botas de jade celestiales', NULL, NULL, NULL, NULL, 'Item level 502', NULL, NULL, NULL, NULL, 'Nivel de equipo 502','Nivel de equipo 502', NULL, NULL, NULL, NULL), 
('110','Tomb Raider\'s Girdle', NULL, NULL, NULL, NULL, 'Faja de asaltatumbas','Faja de asaltatumbas', NULL, NULL, NULL, NULL, 'Item level 502', NULL, NULL, NULL, NULL, 'Nivel de equipo 502','Nivel de equipo 502', NULL, NULL, NULL, NULL), 
('111','Wildfire Worldwalkers', NULL, NULL, NULL, NULL, 'Caminamundos de fuego salvaje','Caminamundos de fuego salvaje', NULL, NULL, NULL, NULL, 'Item level 502', NULL, NULL, NULL, NULL, 'Nivel de equipo 502','Nivel de equipo 502', NULL, NULL, NULL, NULL), 
('112','Nullification Greathelm', NULL, NULL, NULL, NULL, 'Gran yelmo de invalidación','Gran yelmo de invalidación', NULL, NULL, NULL, NULL, 'Item level 502', NULL, NULL, NULL, NULL, 'Nivel de equipo 502','Nivel de equipo 502', NULL, NULL, NULL, NULL), 
('113','Bracers of Six Oxen', NULL, NULL, NULL, NULL, 'Brazales de seis bueyes','Brazales de seis bueyes', NULL, NULL, NULL, NULL, 'Item level 502', NULL, NULL, NULL, NULL, 'Nivel de equipo 502','Nivel de equipo 502', NULL, NULL, NULL, NULL), 
('114','Cloak of Peacock Feathers', NULL, NULL, NULL, NULL, 'Capa de plumas de pavo','Capa de plumas de pavo', NULL, NULL, NULL, NULL, 'Item level 502', NULL, NULL, NULL, NULL, 'Nivel de equipo 502','Nivel de equipo 502', NULL, NULL, NULL, NULL), 
('115','Imperial Ghostbinder\'s Robes', NULL, NULL, NULL, NULL, 'Togas de vinculafantasmas imperial','Togas de vinculafantasmas imperial', NULL, NULL, NULL, NULL, 'Item level 502', NULL, NULL, NULL, NULL, 'Nivel de equipo 502','Nivel de equipo 502', NULL, NULL, NULL, NULL), 
('116','Amulet of Seven Curses', NULL, NULL, NULL, NULL, 'Amuleto de siete maldiciones','Amuleto de siete maldiciones', NULL, NULL, NULL, NULL, 'Item level 502', NULL, NULL, NULL, NULL, 'Nivel de equipo 502','Nivel de equipo 502', NULL, NULL, NULL, NULL), 
('117','Hood of Cursed Dreams', NULL, NULL, NULL, NULL, 'Caperuza de sueños malditos','Caperuza de sueños malditos', NULL, NULL, NULL, NULL, 'Item level 502', NULL, NULL, NULL, NULL, 'Nivel de equipo 502','Nivel de equipo 502', NULL, NULL, NULL, NULL), 
('118','Chain of Shadow', NULL, NULL, NULL, NULL, 'Cadena de Sombras','Cadena de Sombras', NULL, NULL, NULL, NULL, 'Item level 502', NULL, NULL, NULL, NULL, 'Nivel de equipo 502','Nivel de equipo 502', NULL, NULL, NULL, NULL), 
('119','Legplates of Sagacious Shadows', NULL, NULL, NULL, NULL, 'Quijotes de sombras sagaces','Quijotes de sombras sagaces', NULL, NULL, NULL, NULL, 'Item level 502', NULL, NULL, NULL, NULL, 'Nivel de equipo 502','Nivel de equipo 502', NULL, NULL, NULL, NULL), 
('120','Gara\'kal, Fist of the Spiritbinder', NULL, NULL, NULL, NULL, 'Gara\'kal, puño del vinculador de espíritus','Gara\'kal, puño del vinculador de espíritus', NULL, NULL, NULL, NULL, 'Item level 502', NULL, NULL, NULL, NULL, 'Nivel de equipo 502','Nivel de equipo 502', NULL, NULL, NULL, NULL), 
('121','Netherrealm Shoulderpads', NULL, NULL, NULL, NULL, 'Hombreras del reino abisal','Hombreras del reino abisal', NULL, NULL, NULL, NULL, 'Item level 502', NULL, NULL, NULL, NULL, 'Nivel de equipo 502','Nivel de equipo 502', NULL, NULL, NULL, NULL), 
('122','Fetters of Death', NULL, NULL, NULL, NULL, 'Grilletes de muerte','Grilletes de muerte', NULL, NULL, NULL, NULL, 'Item level 502', NULL, NULL, NULL, NULL, 'Nivel de equipo 502','Nivel de equipo 502', NULL, NULL, NULL, NULL), 
('123','Sollerets of Spirit Splitting', NULL, NULL, NULL, NULL, 'Zapatos herrados de doble espíritu','Zapatos herrados de doble espíritu', NULL, NULL, NULL, NULL, 'Item level 502', NULL, NULL, NULL, NULL, 'Nivel de equipo 502','Nivel de equipo 502', NULL, NULL, NULL, NULL), 
('124','Soulgrasp Choker', NULL, NULL, NULL, NULL, 'Gargantilla sujetaalmas','Gargantilla sujetaalmas', NULL, NULL, NULL, NULL, 'Item level 502', NULL, NULL, NULL, NULL, 'Nivel de equipo 502','Nivel de equipo 502', NULL, NULL, NULL, NULL), 
('125','Sandals of the Severed Soul', NULL, NULL, NULL, NULL, 'Sandalias del alma separada','Sandalias del alma separada', NULL, NULL, NULL, NULL, 'Item level 502', NULL, NULL, NULL, NULL, 'Nivel de equipo 502','Nivel de equipo 502', NULL, NULL, NULL, NULL), 
('126','Shadowsummoner Spaulders', NULL, NULL, NULL, NULL, 'Bufas de invocasombras','Bufas de invocasombras', NULL, NULL, NULL, NULL, 'Item level 502', NULL, NULL, NULL, NULL, 'Nivel de equipo 502','Nivel de equipo 502', NULL, NULL, NULL, NULL), 
('127','Eye of the Ancient Spirit', NULL, NULL, NULL, NULL, 'Ojo del espíritu antiguo','Ojo del espíritu antiguo', NULL, NULL, NULL, NULL, 'Item level 502', NULL, NULL, NULL, NULL, 'Nivel de equipo 502','Nivel de equipo 502', NULL, NULL, NULL, NULL), 
('128','Circuit of the Frail Soul', NULL, NULL, NULL, NULL, 'Circuito del Alma débil','Circuito del Alma débil', NULL, NULL, NULL, NULL, 'Item level 502', NULL, NULL, NULL, NULL, 'Nivel de equipo 502','Nivel de equipo 502', NULL, NULL, NULL, NULL), 
('129','Spaulders of the Divided Mind', NULL, NULL, NULL, NULL, 'Bufas de la mente dividida','Bufas de la mente dividida', NULL, NULL, NULL, NULL, 'Item level 502', NULL, NULL, NULL, NULL, 'Nivel de equipo 502','Nivel de equipo 502', NULL, NULL, NULL, NULL), 
('130','Leggings of Imprisoned Will', NULL, NULL, NULL, NULL, 'Leotardos de voluntad apresada','Leotardos de voluntad apresada', NULL, NULL, NULL, NULL, 'Item level 502', NULL, NULL, NULL, NULL, 'Nivel de equipo 502','Nivel de equipo 502', NULL, NULL, NULL, NULL), 
('131','Bindings of Ancient Spirits', NULL, NULL, NULL, NULL, 'Ataduras de espíritus antiguos','Ataduras de espíritus antiguos', NULL, NULL, NULL, NULL, 'Item level 502', NULL, NULL, NULL, NULL, 'Nivel de equipo 502','Nivel de equipo 502', NULL, NULL, NULL, NULL), 
('132','Arrow Breaking Windcloak', NULL, NULL, NULL, NULL, 'Capa del viento rompeflechas','Capa del viento rompeflechas', NULL, NULL, NULL, NULL, 'Item level 502', NULL, NULL, NULL, NULL, 'Nivel de equipo 502','Nivel de equipo 502', NULL, NULL, NULL, NULL), 
('133','Amulet of the Hidden Kings', NULL, NULL, NULL, NULL, 'Amuleto de los reyes ocultos','Amuleto de los reyes ocultos', NULL, NULL, NULL, NULL, 'Item level 502', NULL, NULL, NULL, NULL, 'Nivel de equipo 502','Nivel de equipo 502', NULL, NULL, NULL, NULL), 
('134','Screaming Tiger, Qiang\'s Unbreakable Polearm', NULL, NULL, NULL, NULL, 'Tigre aullante, el arma de asta irrompible de Qiang','Tigre aullante, el arma de asta irrompible de Qiang', NULL, NULL, NULL, NULL, 'Item level 502', NULL, NULL, NULL, NULL, 'Nivel de equipo 502','Nivel de equipo 502', NULL, NULL, NULL, NULL), 
('135','Subetai\'s Pillaging Leggings', NULL, NULL, NULL, NULL, 'Leotardos de pillaje de Subetai','Leotardos de pillaje de Subetai', NULL, NULL, NULL, NULL, 'Item level 502', NULL, NULL, NULL, NULL, 'Nivel de equipo 502','Nivel de equipo 502', NULL, NULL, NULL, NULL), 
('136','Breastplate of the Kings\'Guard', NULL, NULL, NULL, NULL, 'Coraza de la guardia del rey','Coraza de la guardia del rey', NULL, NULL, NULL, NULL, 'Item level 502', NULL, NULL, NULL, NULL, 'Nivel de equipo 502','Nivel de equipo 502', NULL, NULL, NULL, NULL), 
('137','Shoulderguards of the Unflanked', NULL, NULL, NULL, NULL, 'Guardahombros del inflanqueable','Guardahombros del inflanqueable', NULL, NULL, NULL, NULL, 'Item level 502', NULL, NULL, NULL, NULL, 'Nivel de equipo 502','Nivel de equipo 502', NULL, NULL, NULL, NULL), 
('138','Steelskin, Qiang\'s Impervious Shield', NULL, NULL, NULL, NULL, 'Piel de acero, el escudo impenetrable de Qiang','Piel de acero, el escudo impenetrable de Qiang', NULL, NULL, NULL, NULL, 'Item level 502', NULL, NULL, NULL, NULL, 'Nivel de equipo 502','Nivel de equipo 502', NULL, NULL, NULL, NULL), 
('139','Hood of Blind Eyes', NULL, NULL, NULL, NULL, 'Caperuza de vista cegada','Caperuza de vista cegada', NULL, NULL, NULL, NULL, 'Item level 502', NULL, NULL, NULL, NULL, 'Nivel de equipo 502','Nivel de equipo 502', NULL, NULL, NULL, NULL), 
('140','Undying Shadow Grips', NULL, NULL, NULL, NULL, 'Mandiletes de sombra inmortal','Mandiletes de sombra inmortal', NULL, NULL, NULL, NULL, 'Item level 502', NULL, NULL, NULL, NULL, 'Nivel de equipo 502','Nivel de equipo 502', NULL, NULL, NULL, NULL), 
('141','Zian\'s Choker of Coalesced Shadow', NULL, NULL, NULL, NULL, 'Gargantilla de Zian de sombra fusionada','Gargantilla de Zian de sombra fusionada', NULL, NULL, NULL, NULL, 'Item level 502', NULL, NULL, NULL, NULL, 'Nivel de equipo 502','Nivel de equipo 502', NULL, NULL, NULL, NULL), 
('142','Bracers of Dark Thoughts', NULL, NULL, NULL, NULL, 'Brazales de pensamientos oscuros','Brazales de pensamientos oscuros', NULL, NULL, NULL, NULL, 'Item level 502', NULL, NULL, NULL, NULL, 'Nivel de equipo 502','Nivel de equipo 502', NULL, NULL, NULL, NULL), 
('143','Meng\'s Treads of Insanity', NULL, NULL, NULL, NULL, 'Botines de demencia de Meng','Botines de demencia de Meng', NULL, NULL, NULL, NULL, 'Item level 502', NULL, NULL, NULL, NULL, 'Nivel de equipo 502','Nivel de equipo 502', NULL, NULL, NULL, NULL), 
('144','Girdle of Delirious Visions', NULL, NULL, NULL, NULL, 'Faja de visiones delirantes','Faja de visiones delirantes', NULL, NULL, NULL, NULL, 'Item level 502', NULL, NULL, NULL, NULL, 'Nivel de equipo 502','Nivel de equipo 502', NULL, NULL, NULL, NULL), 
('145','Bottle of Infinite Stars', NULL, NULL, NULL, NULL, 'Botella de estrellas infinitas','Botella de estrellas infinitas', NULL, NULL, NULL, NULL, 'Item level 502', NULL, NULL, NULL, NULL, 'Nivel de equipo 502','Nivel de equipo 502', NULL, NULL, NULL, NULL), 
('146','Chestguard of Total Annihilation', NULL, NULL, NULL, NULL, 'Coselete de aniquilación total','Coselete de aniquilación total', NULL, NULL, NULL, NULL, 'Item level 502', NULL, NULL, NULL, NULL, 'Nivel de equipo 502','Nivel de equipo 502', NULL, NULL, NULL, NULL), 
('147','Starcrusher Gauntlets', NULL, NULL, NULL, NULL, 'Guanteletes de aplastaestrellas','Guanteletes de aplastaestrellas', NULL, NULL, NULL, NULL, 'Item level 502', NULL, NULL, NULL, NULL, 'Nivel de equipo 502','Nivel de equipo 502', NULL, NULL, NULL, NULL), 
('148','Star-Stealer Waistguard', NULL, NULL, NULL, NULL, 'Guardarrenes de robaestrellas','Guardarrenes de robaestrellas', NULL, NULL, NULL, NULL, 'Item level 502', NULL, NULL, NULL, NULL, 'Nivel de equipo 502','Nivel de equipo 502', NULL, NULL, NULL, NULL), 
('149','Starshatter', NULL, NULL, NULL, NULL, 'Quiebraestrellas','Quiebraestrellas', NULL, NULL, NULL, NULL, 'Item level 502', NULL, NULL, NULL, NULL, 'Nivel de equipo 502','Nivel de equipo 502', NULL, NULL, NULL, NULL), 
('150','Elegion, the Fanged Crescent', NULL, NULL, NULL, NULL, 'Elegion, la media luna dentada','Elegion, la media luna dentada', NULL, NULL, NULL, NULL, 'Item level 502', NULL, NULL, NULL, NULL, 'Nivel de equipo 502','Nivel de equipo 502', NULL, NULL, NULL, NULL), 
('151','Vial of Dragon\'s Blood', NULL, NULL, NULL, NULL, 'Vial de sangre de dragón','Vial de sangre de dragón', NULL, NULL, NULL, NULL, 'Item level 502', NULL, NULL, NULL, NULL, 'Nivel de equipo 502','Nivel de equipo 502', NULL, NULL, NULL, NULL), 
('152','Orbital Belt', NULL, NULL, NULL, NULL, 'Cinturón orbital','Cinturón orbital', NULL, NULL, NULL, NULL, 'Item level 502', NULL, NULL, NULL, NULL, 'Nivel de equipo 502','Nivel de equipo 502', NULL, NULL, NULL, NULL), 
('153','Light of the Cosmos', NULL, NULL, NULL, NULL, 'Luz del cosmos','Luz del cosmos', NULL, NULL, NULL, NULL, 'Item level 502', NULL, NULL, NULL, NULL, 'Nivel de equipo 502','Nivel de equipo 502', NULL, NULL, NULL, NULL), 
('154','Torch of the Celestial Spark', NULL, NULL, NULL, NULL, 'Antorcha de la chispa celestial','Antorcha de la chispa celestial', NULL, NULL, NULL, NULL, 'Item level 502', NULL, NULL, NULL, NULL, 'Nivel de equipo 502','Nivel de equipo 502', NULL, NULL, NULL, NULL), 
('155','Phasewalker Striders', NULL, NULL, NULL, NULL, 'Zancos de caminafase','Zancos de caminafase', NULL, NULL, NULL, NULL, 'Item level 502', NULL, NULL, NULL, NULL, 'Nivel de equipo 502','Nivel de equipo 502', NULL, NULL, NULL, NULL), 
('156','Shoulders of Empyreal Focus', NULL, NULL, NULL, NULL, 'Sobrehombros de foco empíreo','Sobrehombros de foco empíreo', NULL, NULL, NULL, NULL, 'Item level 502', NULL, NULL, NULL, NULL, 'Nivel de equipo 502','Nivel de equipo 502', NULL, NULL, NULL, NULL), 
('157','Fang Kung, Spark of Titans', NULL, NULL, NULL, NULL, 'Fang Kung, chispa de titanes','Fang Kung, chispa de titanes', NULL, NULL, NULL, NULL, 'Item level 502', NULL, NULL, NULL, NULL, 'Nivel de equipo 502','Nivel de equipo 502', NULL, NULL, NULL, NULL), 
('158','Crown of Opportunistic Strikes', NULL, NULL, NULL, NULL, 'Corona de golpes oportunistas','Corona de golpes oportunistas', NULL, NULL, NULL, NULL, 'Item level 502', NULL, NULL, NULL, NULL, 'Nivel de equipo 502','Nivel de equipo 502', NULL, NULL, NULL, NULL), 
('159','Jang-xi\'s Devastating Legplates', NULL, NULL, NULL, NULL, 'Quijotes devastadores de Jang-xi','Quijotes devastadores de Jang-xi', NULL, NULL, NULL, NULL, 'Item level 502', NULL, NULL, NULL, NULL, 'Nivel de equipo 502','Nivel de equipo 502', NULL, NULL, NULL, NULL), 
('160','Lei Shen\'s Final Orders', NULL, NULL, NULL, NULL, 'Últimas órdenes de Lei Shen','Últimas órdenes de Lei Shen', NULL, NULL, NULL, NULL, 'Item level 502', NULL, NULL, NULL, NULL, 'Nivel de equipo 502','Nivel de equipo 502', NULL, NULL, NULL, NULL), 
('161','Hood of Focused Energy', NULL, NULL, NULL, NULL, 'Caperuza de Energía enfocada','Caperuza de Energía enfocada', NULL, NULL, NULL, NULL, 'Item level 502', NULL, NULL, NULL, NULL, 'Nivel de equipo 502','Nivel de equipo 502', NULL, NULL, NULL, NULL), 
('162','Tihan, Scepter of the Sleeping Emperor', NULL, NULL, NULL, NULL, 'Tihan, centro del Emperador dormido','Tihan, centro del Emperador dormido', NULL, NULL, NULL, NULL, 'Item level 502', NULL, NULL, NULL, NULL, 'Nivel de equipo 502','Nivel de equipo 502', NULL, NULL, NULL, NULL), 
('163','Qin-xi\'s Polarizing Seal', NULL, NULL, NULL, NULL, 'Sello polarizante de Qin-xi','Sello polarizante de Qin-xi', NULL, NULL, NULL, NULL, 'Item level 502', NULL, NULL, NULL, NULL, 'Nivel de equipo 502','Nivel de equipo 502', NULL, NULL, NULL, NULL), 
('164','Worldwaker Cabochon', NULL, NULL, NULL, NULL, 'Cabochón de despiertamundos','Cabochón de despiertamundos', NULL, NULL, NULL, NULL, 'Item level 502', NULL, NULL, NULL, NULL, 'Nivel de equipo 502','Nivel de equipo 502', NULL, NULL, NULL, NULL), 
('165','Magnetized Leggings', NULL, NULL, NULL, NULL, 'Leotardos magnetizados','Leotardos magnetizados', NULL, NULL, NULL, NULL, 'Item level 502', NULL, NULL, NULL, NULL, 'Nivel de equipo 502','Nivel de equipo 502', NULL, NULL, NULL, NULL), 
('166','Spaulders of the Emperor\'s Rage', NULL, NULL, NULL, NULL, 'Bufas de la ira del Emperador','Bufas de la ira del Emperador', NULL, NULL, NULL, NULL, 'Item level 502', NULL, NULL, NULL, NULL, 'Nivel de equipo 502','Nivel de equipo 502', NULL, NULL, NULL, NULL), 
('167','Grips of Terra Cotta', NULL, NULL, NULL, NULL, 'Mandiletes de terracota','Mandiletes de terracota', NULL, NULL, NULL, NULL, 'Item level 502', NULL, NULL, NULL, NULL, 'Nivel de equipo 502','Nivel de equipo 502', NULL, NULL, NULL, NULL), 
('168','Fan of Fiery Winds', NULL, NULL, NULL, NULL, 'Abanico de vientos arrasadores','Abanico de vientos arrasadores', NULL, NULL, NULL, NULL, 'Item level 502', NULL, NULL, NULL, NULL, 'Nivel de equipo 502','Nivel de equipo 502', NULL, NULL, NULL, NULL), 
('169','Shadow Heart Spaulders', NULL, NULL, NULL, NULL, 'Bufas de corazón de sombras','Bufas de corazón de sombras', NULL, NULL, NULL, NULL, 'Item level 502', NULL, NULL, NULL, NULL, 'Nivel de equipo 502','Nivel de equipo 502', NULL, NULL, NULL, NULL), 
('170','Ruby-Linked Girdle', NULL, NULL, NULL, NULL, 'Faja enlazada con rubíes','Faja enlazada con rubíes', NULL, NULL, NULL, NULL, 'Item level 502', NULL, NULL, NULL, NULL, 'Nivel de equipo 502','Nivel de equipo 502', NULL, NULL, NULL, NULL), 
('171','Claws of Amethyst', NULL, NULL, NULL, NULL, 'Garras de amatista','Garras de amatista', NULL, NULL, NULL, NULL, 'Item level 502', NULL, NULL, NULL, NULL, 'Nivel de equipo 502','Nivel de equipo 502', NULL, NULL, NULL, NULL), 
('172','Feng\'s Seal of Binding', NULL, NULL, NULL, NULL, 'Sello de vinculación de Feng','Sello de vinculación de Feng', NULL, NULL, NULL, NULL, 'Item level 502', NULL, NULL, NULL, NULL, 'Nivel de equipo 502','Nivel de equipo 502', NULL, NULL, NULL, NULL), 
('173','Feng\'s Ring of Dreams', NULL, NULL, NULL, NULL, 'Anillo de sueños de Feng','Anillo de sueños de Feng', NULL, NULL, NULL, NULL, 'Item level 502', NULL, NULL, NULL, NULL, 'Nivel de equipo 502','Nivel de equipo 502', NULL, NULL, NULL, NULL), 
('174','Bonded Soul Bracers', NULL, NULL, NULL, NULL, 'Brazales de alma vinculada','Brazales de alma vinculada', NULL, NULL, NULL, NULL, 'Item level 502', NULL, NULL, NULL, NULL, 'Nivel de equipo 502','Nivel de equipo 502', NULL, NULL, NULL, NULL), 
('175','Bracers of Violent Meditation', NULL, NULL, NULL, NULL, 'Brazales de meditación violenta','Brazales de meditación violenta', NULL, NULL, NULL, NULL, 'Item level 502', NULL, NULL, NULL, NULL, 'Nivel de equipo 502','Nivel de equipo 502', NULL, NULL, NULL, NULL), 
('176','Mindshard Drape', NULL, NULL, NULL, NULL, 'Mantón de fragmento mental','Mantón de fragmento mental', NULL, NULL, NULL, NULL, 'Item level 502', NULL, NULL, NULL, NULL, 'Nivel de equipo 502','Nivel de equipo 502', NULL, NULL, NULL, NULL), 
('177','Band of Bursting Novas', NULL, NULL, NULL, NULL, 'Sortija de novas explosivas','Sortija de novas explosivas', NULL, NULL, NULL, NULL, 'Item level 502', NULL, NULL, NULL, NULL, 'Nivel de equipo 502','Nivel de equipo 502', NULL, NULL, NULL, NULL), 
('178','Galaxyfire Girdle', NULL, NULL, NULL, NULL, 'Faja de fuego galáctico','Faja de fuego galáctico', NULL, NULL, NULL, NULL, 'Item level 502', NULL, NULL, NULL, NULL, 'Nivel de equipo 502','Nivel de equipo 502', NULL, NULL, NULL, NULL), 
('179','Crown of Keening Stars', NULL, NULL, NULL, NULL, 'Corona de estrellas lastimeras','Corona de estrellas lastimeras', NULL, NULL, NULL, NULL, 'Item level 502', NULL, NULL, NULL, NULL, 'Nivel de equipo 502','Nivel de equipo 502', NULL, NULL, NULL, NULL), 
('180','Dreadeye Gaze', NULL, NULL, NULL, NULL, 'Mirada de ojo aterrador','Mirada de ojo aterrador', NULL, NULL, NULL, NULL, 'Item level 502', NULL, NULL, NULL, NULL, 'Nivel de equipo 502','Nivel de equipo 502', NULL, NULL, NULL, NULL), 
('181','Chestguard of Eternal Vigilance', NULL, NULL, NULL, NULL, 'Coselete de vigilancia eterna','Coselete de vigilancia eterna', NULL, NULL, NULL, NULL, 'Item level 502', NULL, NULL, NULL, NULL, 'Nivel de equipo 502','Nivel de equipo 502', NULL, NULL, NULL, NULL), 
('182','Enameled Grips of Solemnity', NULL, NULL, NULL, NULL, 'Mandiletes de solemnidad esmaltados','Mandiletes de solemnidad esmaltados', NULL, NULL, NULL, NULL, 'Item level 502', NULL, NULL, NULL, NULL, 'Nivel de equipo 502','Nivel de equipo 502', NULL, NULL, NULL, NULL);
