UPDATE `creature` SET `position_x` = 10185.9, `position_y` = 2405.57, `position_z` = 1395.25, `wander_distance` = 0, `movement_type` = 2 WHERE `guid` = 276797;
UPDATE `creature` SET `position_x` = 10006.7, `position_y` = 2410.92, `position_z` = 1361.76, `wander_distance` = 0, `movement_type` = 2 WHERE `guid` = 276799;
UPDATE `creature` SET `position_x` = 10157.1, `position_y` = 2614.14, `position_z` = 1358.51, `wander_distance` = 0, `movement_type` = 2 WHERE `guid` = 276801;
UPDATE `creature` SET `position_x` = 10153.2, `position_y` = 2617.7, `position_z` = 1359.43, `wander_distance` = 0, `movement_type` = 2 WHERE `guid` = 276803;
UPDATE `creature` SET `position_x` = 9729.06, `position_y` = 2581.71, `position_z` = 1375.61, `wander_distance` = 0, `movement_type` = 2 WHERE `guid` = 276805;
UPDATE `creature` SET `position_x` = 10117.1, `position_y` = 2486.55, `position_z` = 1348.28, `wander_distance` = 0, `movement_type` = 2 WHERE `guid` = 276807;
UPDATE `creature` SET `position_x` = 10097.5, `position_y` = 2531.02, `position_z` = 1386.95, `wander_distance` = 0, `movement_type` = 2 WHERE `guid` = 276809;

UPDATE `creature` SET `position_x` = 10185.9, `position_y` = 2405.57, `position_z` = 1395.25, `wander_distance` = 0, `movement_type` = 0 WHERE `guid` = 276798;
UPDATE `creature` SET `position_x` = 10006.7, `position_y` = 2410.92, `position_z` = 1361.76, `wander_distance` = 0, `movement_type` = 0 WHERE `guid` = 276800;
UPDATE `creature` SET `position_x` = 10157.1, `position_y` = 2614.14, `position_z` = 1358.51, `wander_distance` = 0, `movement_type` = 0 WHERE `guid` = 276802;
UPDATE `creature` SET `position_x` = 10153.2, `position_y` = 2617.7, `position_z` = 1359.43, `wander_distance` = 0, `movement_type` = 0 WHERE `guid` = 276804;
UPDATE `creature` SET `position_x` = 9729.06, `position_y` = 2581.71, `position_z` = 1375.61, `wander_distance` = 0, `movement_type` = 0 WHERE `guid` = 276806;
UPDATE `creature` SET `position_x` = 10117.1, `position_y` = 2486.55, `position_z` = 1348.28, `wander_distance` = 0, `movement_type` = 0 WHERE `guid` = 276808;
UPDATE `creature` SET `position_x` = 10097.5, `position_y` = 2531.02, `position_z` = 1386.95, `wander_distance` = 0, `movement_type` = 0 WHERE `guid` = 276810;

DELETE FROM `creature_addon` WHERE `guid` IN (276797, 276799, 276801, 276803, 276805, 276807, 276809, 276798, 276800, 276802, 276804, 276806, 276808, 276810);
INSERT INTO `creature_addon` (`guid`, `path_id`, `mount`, `bytes1`, `bytes2`) VALUES
(276797, 276797, 22470, 50331648, 1),
(276799, 276799, 22470, 50331648, 1),
(276801, 276801, 22470, 50331648, 1),
(276803, 276803, 22470, 50331648, 1),
(276805, 276805, 22470, 50331648, 1),
(276807, 276807, 22470, 50331648, 1),
(276809, 276809, 22470, 50331648, 1);

DELETE FROM `waypoint_data` WHERE `id` IN (276797, 276799, 276801, 276803, 276805, 276807, 276809);
INSERT INTO `waypoint_data` (`id`, `point`, `position_x`, `position_y`, `position_z`, `orientation`, `delay`, `move_flag`, `action`, `action_chance`, `entry`) VALUES
(276797, 1, 10185.9, 2405.57, 1395.25, 0, 0, 1, 0, 100, 51371),
(276797, 2, 10135.1, 2486.21, 1387.95, 0, 0, 1, 0, 100, 51371),
(276797, 3, 9771.23, 2495.11, 1383.25, 0, 0, 1, 0, 100, 51371),
(276797, 4, 9717.32, 2436.95, 1386.71, 0, 0, 1, 0, 100, 51371),
(276797, 5, 9687.7, 2312.07, 1389.12, 0, 0, 1, 0, 100, 51371),
(276797, 6, 9882.23, 2187.54, 1412.66, 0, 0, 1, 0, 100, 51371),

(276799, 1, 10006.7, 2410.92, 1361.76, 0, 0, 1, 0, 100, 51371),
(276799, 2, 10051.9, 2296.17, 1370.38, 0, 0, 1, 0, 100, 51371),
(276799, 3, 10187.2, 2298.91, 1396.86, 0, 0, 1, 0, 100, 51371),
(276799, 4, 10261.5, 2330.4, 1405.96, 0, 0, 1, 0, 100, 51371),
(276799, 5, 10235, 2383.42, 1393.46, 0, 0, 1, 0, 100, 51371),
(276799, 6, 10184, 2415.55, 1371.17, 0, 0, 1, 0, 100, 51371),

(276801, 1, 10157.1, 2614.14, 1358.51, 0, 0, 1, 0, 100, 51371),
(276801, 2, 10286.9, 2528.8, 1375.04, 0, 0, 1, 0, 100, 51371),
(276801, 3, 10122.5, 2268.79, 1379.15, 0, 0, 1, 0, 100, 51371),
(276801, 4, 9887.86, 2229.97, 1375.38, 0, 0, 1, 0, 100, 51371),
(276801, 5, 9813.08, 2453.12, 1384.1, 0, 0, 1, 0, 100, 51371),
(276801, 6, 10079.2, 2452.31, 1386.35, 0, 0, 1, 0, 100, 51371),
(276801, 7, 10094, 2384.67, 1355.89, 0, 0, 1, 0, 100, 51371),

(276803, 1, 10153.2, 2617.7, 1359.43, 0, 0, 1, 0, 100, 51371),
(276803, 2, 10209.6, 2662.43, 1365.51, 0, 0, 1, 0, 100, 51371),
(276803, 3, 10182.4, 2718.96, 1360.89, 0, 0, 1, 0, 100, 51371),
(276803, 4, 10061.2, 2722.89, 1358.32, 0, 0, 1, 0, 100, 51371),
(276803, 5, 9917.8, 2662.94, 1374.56, 0, 0, 1, 0, 100, 51371),
(276803, 6, 9749.58, 2529.89, 1382.73, 0, 0, 1, 0, 100, 51371),
(276803, 7, 9929.26, 2413.39, 1368.38, 0, 0, 1, 0, 100, 51371),
(276803, 8, 10111.6, 2505.27, 1377.64, 0, 0, 1, 0, 100, 51371),
(276803, 9, 10140.3, 2551.62, 1351.89, 0, 0, 1, 0, 100, 51371),

(276805, 1, 9729.06, 2581.71, 1375.61, 0, 0, 1, 0, 100, 51371),
(276805, 2, 9712.63, 2489.88, 1372.3, 0, 0, 1, 0, 100, 51371),
(276805, 3, 9627.21, 2418.57, 1384.62, 0, 0, 1, 0, 100, 51371),
(276805, 4, 9641.67, 2389.37, 1386.17, 0, 0, 1, 0, 100, 51371),
(276805, 5, 9725.69, 2424.25, 1384.37, 0, 0, 1, 0, 100, 51371),
(276805, 6, 9765.59, 2536.23, 1384.58, 0, 0, 1, 0, 100, 51371),
(276805, 7, 9830.08, 2598.35, 1382.41, 0, 0, 1, 0, 100, 51371),

(276807, 1, 10117.1, 2486.55, 1348.28, 0, 0, 1, 0, 100, 51371),
(276807, 2, 10221.5, 2416.68, 1374.04, 0, 0, 1, 0, 100, 51371),
(276807, 3, 10127.8, 2258.41, 1386.26, 0, 0, 1, 0, 100, 51371),
(276807, 4, 9894.26, 2418.2, 1365.34, 0, 0, 1, 0, 100, 51371),
(276807, 5, 9927.19, 2597.11, 1361.58, 0, 0, 1, 0, 100, 51371),
(276807, 6, 9955.24, 2560.75, 1347.12, 0, 0, 1, 0, 100, 51371),
(276807, 7, 10008.2, 2566.36, 1341.74, 0, 0, 1, 0, 100, 51371),

(276809, 1, 10097.5, 2531.02, 1386.95, 0, 0, 1, 0, 100, 51371),
(276809, 2, 10026.9, 2634.01, 1370.47, 0, 0, 1, 0, 100, 51371),
(276809, 3, 10026.9, 2634.01, 1370.47, 0, 0, 1, 0, 100, 51371),
(276809, 4, 9800.44, 2311.64, 1404, 0, 0, 1, 0, 100, 51371),
(276809, 5, 9960.37, 2370.48, 1389.53, 0, 0, 1, 0, 100, 51371);

DELETE FROM `creature_formations` WHERE `leaderGUID` IN (276797, 276799, 276801, 276803, 276805, 276807, 276809);
INSERT INTO `creature_formations` (`leaderGUID`, `memberGUID`, `dist`, `angle`, `groupAI`) VALUES
(276797, 276797, 0, 0, 2),
(276797, 276798, 4, 90, 2),

(276799, 276799, 0, 0, 2),
(276799, 276800, 4, 90, 2),

(276801, 276801, 0, 0, 2),
(276801, 276802, 4, 90, 2),

(276803, 276803, 0, 0, 2),
(276803, 276804, 4, 90, 2),

(276805, 276805, 0, 0, 2),
(276805, 276806, 4, 90, 2),

(276807, 276807, 0, 0, 2),
(276807, 276808, 4, 90, 2),

(276809, 276809, 0, 0, 2),
(276809, 276810, 4, 90, 2);
