UPDATE `creature` SET `position_x` = -7873.548828125, `position_y` = 1287.454833984375, `position_z` = 341.7664794921875, `orientation` = 1.134044289588928222, `spawntimesecs` = 120 WHERE `guid` = 570552; -- 66480
UPDATE `creature` SET `position_x` = -7885.12158203125, `position_y` = 1339.751708984375, `position_z` = 338.94195556640625, `orientation` = 6.279649734497070312, `spawntimesecs` = 120 WHERE `guid` = 570587; -- 66460
UPDATE `creature` SET `position_x` = -7898.217, `position_y` = 1334.785, `position_z` = 338.7588, `orientation` = 0, `spawntimesecs` = 120, `spawntimesecs` = 120, `wander_distance` = 0, `movement_type` = 2 WHERE `guid` = 570570; -- 66480
UPDATE `creature` SET `position_x` = -7884.00537109375, `position_y` = 1329.3385009765625, `position_z` = 338.943206787109375, `orientation` = 0.207194462418556213, `spawntimesecs` = 120 WHERE `guid` = 570579; -- 64865
UPDATE `creature` SET `position_x` = -7880.4501953125, `position_y` = 1331.9300537109375, `position_z` = 340.028350830078125, `orientation` = 1.56033480167388916, `spawntimesecs` = 120 WHERE `guid` = 570584; -- 40789
UPDATE `creature` SET `position_x` = -7879.80029296875, `position_y` = 1279.515625, `position_z` = 358.560516357421875, `orientation` = 4.728822231292724609, `spawntimesecs` = 120 WHERE `guid` = 570550; -- 66292
UPDATE `creature` SET `position_x` = -7872.8037109375, `position_y` = 1304.171875, `position_z` = 339.23492431640625, `orientation` = 4.737676620483398437, `spawntimesecs` = 120 WHERE `guid` = 570559; -- 66480
UPDATE `creature` SET `position_x` = -7887.7099609375, `position_y` = 1286.3350830078125, `position_z` = 341.642608642578125, `orientation` = 1.766041874885559082, `spawntimesecs` = 120 WHERE `guid` = 570555; -- 64861
UPDATE `creature` SET `position_x` = -7885.13720703125, `position_y` = 1327.7274169921875, `position_z` = 338.945404052734375, `orientation` = 0.113753728568553924, `spawntimesecs` = 120 WHERE `guid` = 570577; -- 66460
UPDATE `creature` SET `position_x` = -7893.82275390625, `position_y` = 1352.9947509765625, `position_z` = 338.914794921875, `orientation` = 1.610516309738159179, `spawntimesecs` = 120 WHERE `guid` = 570598; -- 66480
UPDATE `creature` SET `position_x` = -7878.921875, `position_y` = 1280.26220703125, `position_z` = 358.559600830078125, `orientation` = 4.733302116394042968, `spawntimesecs` = 120 WHERE `guid` = 570548; -- 64866
UPDATE `creature` SET `position_x` = -7885.251953125, `position_y` = 1349.09033203125, `position_z` = 338.946044921875, `orientation` = 0.018319351598620414, `spawntimesecs` = 120 WHERE `guid` = 570597; -- 66300
UPDATE `creature` SET `position_x` = -7883.6787109375, `position_y` = 1263.5260009765625, `position_z` = 358.571624755859375, `orientation` = 2.055117130279541015, `spawntimesecs` = 120 WHERE `guid` = 570542; -- 55825
UPDATE `creature` SET `position_x` = -7918.184, `position_y` = 1278.201, `position_z` = 343.419, `orientation` = 0, `spawntimesecs` = 120, `wander_distance` = 0, `movement_type` = 2 WHERE `guid` = 570547; -- 66300
UPDATE `creature` SET `position_x` = -7894.1494140625, `position_y` = 1317.888916015625, `position_z` = 338.965118408203125, `orientation` = 2.206909894943237304, `spawntimesecs` = 120 WHERE `guid` = 570560; -- 66473
UPDATE `creature` SET `position_x` = -7883.53125, `position_y` = 1349.0885009765625, `position_z` = 338.94482421875, `orientation` = 0.018319351598620414, `spawntimesecs` = 120 WHERE `guid` = 570599; -- 66300
UPDATE `creature` SET `position_x` = -7894.0380859375, `position_y` = 1341.6475830078125, `position_z` = 338.965118408203125, `orientation` = 2.206909894943237304, `spawntimesecs` = 120 WHERE `guid` = 570585; -- 66473
UPDATE `creature` SET `position_x` = -7872.69091796875, `position_y` = 1282.875, `position_z` = 358.55609130859375, `orientation` = 3.080678701400756835, `spawntimesecs` = 120 WHERE `guid` = 570551; -- 66300
UPDATE `creature` SET `position_x` = -7885.32666015625, `position_y` = 1351.1146240234375, `position_z` = 338.94525146484375, `orientation` = 0.018319351598620414, `spawntimesecs` = 120 WHERE `guid` = 570601; -- 66300
UPDATE `creature` SET `position_x` = -7882.61962890625, `position_y` = 1265.5086669921875, `position_z` = 358.571319580078125, `orientation` = 3.663313865661621093, `spawntimesecs` = 120 WHERE `guid` = 570544; -- 55832
UPDATE `creature` SET `position_x` = -7886.45166015625, `position_y` = 1278.298583984375, `position_z` = 358.559478759765625, `orientation` = 5.19431304931640625, `spawntimesecs` = 120 WHERE `guid` = 570549; -- 55819
UPDATE `creature` SET `position_x` = -7877.35400390625, `position_y` = 1319.4410400390625, `position_z` = 338.943389892578125, `orientation` = 3.16120314598083496, `spawntimesecs` = 120 WHERE `guid` = 570575; -- 66300
UPDATE `creature` SET `position_x` = -7875.67041015625, `position_y` = 1346.9114990234375, `position_z` = 338.939697265625, `orientation` = 3.16120314598083496, `spawntimesecs` = 120 WHERE `guid` = 570603; -- 66300
UPDATE `creature` SET `position_x` = -7867.330078125, `position_y` = 1341.9444580078125, `position_z` = 338.965118408203125, `orientation` = 0.826461434364318847, `spawntimesecs` = 120 WHERE `guid` = 570609; -- 66473
UPDATE `creature` SET `position_x` = -7913.793, `position_y` = 1272.946, `position_z` = 343.631, `orientation` = 0, `spawntimesecs` = 120, `wander_distance` = 0, `movement_type` = 2 WHERE `guid` = 570562; -- 66300
UPDATE `creature` SET `position_x` = -7883.47900390625, `position_y` = 1347.0225830078125, `position_z` = 338.9453125, `orientation` = 0.018319351598620414, `spawntimesecs` = 120 WHERE `guid` = 570595; -- 66300
UPDATE `creature` SET `position_x` = -7877.38525390625, `position_y` = 1346.9114990234375, `position_z` = 338.94091796875, `orientation` = 3.16120314598083496, `spawntimesecs` = 120 WHERE `guid` = 570600; -- 66300
UPDATE `creature` SET `position_x` = -7872.0625, `position_y` = 1261.82470703125, `position_z` = 358.56201171875, `orientation` = 3.193963050842285156, `spawntimesecs` = 120 WHERE `guid` = 570546; -- 66300
UPDATE `creature` SET `position_x` = -7885.173828125, `position_y` = 1317.5225830078125, `position_z` = 338.954833984375, `orientation` = 0.018319351598620414, `spawntimesecs` = 120 WHERE `guid` = 570565; -- 66300
UPDATE `creature` SET `position_x` = -7885.15087890625, `position_y` = 1319.5555419921875, `position_z` = 338.954254150390625, `orientation` = 0.018319351598620414, `spawntimesecs` = 120 WHERE `guid` = 570567; -- 66300
UPDATE `creature` SET `position_x` = -7877.376953125, `position_y` = 1348.9444580078125, `position_z` = 338.94097900390625, `orientation` = 3.16120314598083496, `spawntimesecs` = 120 WHERE `guid` = 570607; -- 66300
UPDATE `creature` SET `position_x` = -7877.41162109375, `position_y` = 1351.078125, `position_z` = 338.941009521484375, `orientation` = 3.16120314598083496, `spawntimesecs` = 120 WHERE `guid` = 570604; -- 66300
UPDATE `creature` SET `position_x` = -7877.21875, `position_y` = 1315.35595703125, `position_z` = 338.9473876953125, `orientation` = 3.16120314598083496, `spawntimesecs` = 120 WHERE `guid` = 570569; -- 66300
UPDATE `creature` SET `position_x` = -7880.923828125, `position_y` = 1280.2430419921875, `position_z` = 358.5596923828125, `orientation` = 4.738608360290527343, `spawntimesecs` = 120 WHERE `guid` = 570553; -- 64863
UPDATE `creature` SET `position_x` = -7877.29541015625, `position_y` = 1317.3802490234375, `position_z` = 338.945159912109375, `orientation` = 3.16120314598083496, `spawntimesecs` = 120 WHERE `guid` = 570573; -- 66300
UPDATE `creature` SET `position_x` = -7885.1943359375, `position_y` = 1347.032958984375, `position_z` = 338.946533203125, `orientation` = 0.018319351598620414, `spawntimesecs` = 120 WHERE `guid` = 570593; -- 66300
UPDATE `creature` SET `position_x` = -7875.72900390625, `position_y` = 1330.123291015625, `position_z` = 338.940185546875, `orientation` = 3.065017223358154296, `spawntimesecs` = 120 WHERE `guid` = 570583; -- 66460
UPDATE `creature` SET `position_x` = -7843.47998046875, `position_y` = 1265.739990234375, `position_z` = 308.835357666015625, `orientation` = 5.26434946060180664, `spawntimesecs` = 120 WHERE `guid` = 570563; -- 40789
UPDATE `creature` SET `position_x` = -7875.78125, `position_y` = 1328.0816650390625, `position_z` = 338.941009521484375, `orientation` = 2.986098051071166992, `spawntimesecs` = 120 WHERE `guid` = 570582; -- 66460
UPDATE `creature` SET `position_x` = -7892.84716796875, `position_y` = 1356.23095703125, `position_z` = 338.885986328125, `orientation` = 3.191249370574951171, `spawntimesecs` = 120 WHERE `guid` = 570602; -- 66480
UPDATE `creature` SET `position_x` = -7885.5537109375, `position_y` = 1330.1285400390625, `position_z` = 338.9423828125, `orientation` = 0.188897475600242614, `spawntimesecs` = 120 WHERE `guid` = 570578; -- 66460
UPDATE `creature` SET `position_x` = -7875.71875, `position_y` = 1340.4132080078125, `position_z` = 338.938934326171875, `orientation` = 3.058433771133422851, `spawntimesecs` = 120 WHERE `guid` = 570591; -- 66460
UPDATE `creature` SET `position_x` = -7885.26220703125, `position_y` = 1342.1822509765625, `position_z` = 338.943603515625, `orientation` = 0.071608141064643859, `spawntimesecs` = 120 WHERE `guid` = 570588; -- 66460
UPDATE `creature` SET `position_x` = -7875.81591796875, `position_y` = 1342.451416015625, `position_z` = 338.938934326171875, `orientation` = 3.137352943420410156, `spawntimesecs` = 120 WHERE `guid` = 570594; -- 66460
UPDATE `creature` SET `position_x` = -7866.8037109375, `position_y` = 1318.0885009765625, `position_z` = 338.965118408203125, `orientation` = 0.826461434364318847, `spawntimesecs` = 120 WHERE `guid` = 570580; -- 66473
UPDATE `creature` SET `position_x` = -7888.03466796875, `position_y` = 1261.607666015625, `position_z` = 358.561767578125, `orientation` = 0.088901109993457794, `spawntimesecs` = 120 WHERE `guid` = 570545; -- 66300
UPDATE `creature` SET `position_x` = -7875.6474609375, `position_y` = 1348.9427490234375, `position_z` = 338.939727783203125, `orientation` = 3.16120314598083496, `spawntimesecs` = 120 WHERE `guid` = 570606; -- 66300
UPDATE `creature` SET `position_x` = -7883.43408203125, `position_y` = 1319.5538330078125, `position_z` = 338.9517822265625, `orientation` = 0.018319351598620414, `spawntimesecs` = 120 WHERE `guid` = 570568; -- 66300
UPDATE `creature` SET `position_x` = -7877.5869140625, `position_y` = 1329.173583984375, `position_z` = 338.940948486328125, `orientation` = 2.97155928611755371, `spawntimesecs` = 120 WHERE `guid` = 570581; -- 64858
UPDATE `creature` SET `position_x` = -7887.3681640625, `position_y` = 1282.5538330078125, `position_z` = 358.55633544921875, `orientation` = 6.190460205078125, `spawntimesecs` = 120 WHERE `guid` = 570558; -- 66300
UPDATE `creature` SET `position_x` = -7925.9130859375, `position_y` = 1276.001708984375, `position_z` = 343.511077880859375, `orientation` = 0.126102268695831298, `spawntimesecs` = 120 WHERE `guid` = 570543; -- 66300
UPDATE `creature` SET `position_x` = -7893.859375, `position_y` = 1306.3072509765625, `position_z` = 338.965118408203125, `orientation` = 2.206909894943237304, `spawntimesecs` = 120 WHERE `guid` = 570557; -- 66473
UPDATE `creature` SET `position_x` = -7875.6943359375, `position_y` = 1351.07470703125, `position_z` = 338.93975830078125, `orientation` = 3.16120314598083496, `spawntimesecs` = 120 WHERE `guid` = 570605; -- 66300
UPDATE `creature` SET `position_x` = -7867.07275390625, `position_y` = 1328.107666015625, `position_z` = 338.965118408203125, `orientation` = 0.826461434364318847, `spawntimesecs` = 120 WHERE `guid` = 570586; -- 66473
UPDATE `creature` SET `position_x` = -7883.60791015625, `position_y` = 1351.111083984375, `position_z` = 338.944122314453125, `orientation` = 0.018319351598620414, `spawntimesecs` = 120 WHERE `guid` = 570608; -- 66300
UPDATE `creature` SET `position_x` = -7875.578125, `position_y` = 1317.3802490234375, `position_z` = 338.94268798828125, `orientation` = 3.16120314598083496, `spawntimesecs` = 120 WHERE `guid` = 570574; -- 66300
UPDATE `creature` SET `position_x` = -7875.63525390625, `position_y` = 1319.435791015625, `position_z` = 338.94091796875, `orientation` = 3.16120314598083496, `spawntimesecs` = 120 WHERE `guid` = 570576; -- 66300
UPDATE `creature` SET `position_x` = -7875.501953125, `position_y` = 1315.3524169921875, `position_z` = 338.944915771484375, `orientation` = 3.16120314598083496, `spawntimesecs` = 120 WHERE `guid` = 570571; -- 66300
UPDATE `creature` SET `position_x` = -7883.4150390625, `position_y` = 1315.388916015625, `position_z` = 338.9522705078125, `orientation` = 0.018319351598620414, `spawntimesecs` = 120 WHERE `guid` = 570564; -- 66300
UPDATE `creature` SET `position_x` = -7884.51220703125, `position_y` = 1266.4322509765625, `position_z` = 358.568023681640625, `orientation` = 5.011447429656982421, `spawntimesecs` = 120 WHERE `guid` = 570540; -- 55823
UPDATE `creature` SET `position_x` = -7835.6005859375, `position_y` = 1276.99658203125, `position_z` = 343.510009765625, `orientation` = 3.143929243087768554, `spawntimesecs` = 120 WHERE `guid` = 570592; -- 66300
UPDATE `creature` SET `position_x` = -7883.44970703125, `position_y` = 1317.5208740234375, `position_z` = 338.952301025390625, `orientation` = 0.018319351598620414, `spawntimesecs` = 120 WHERE `guid` = 570566; -- 66300
UPDATE `creature` SET `position_x` = -7866.55908203125, `position_y` = 1306.532958984375, `position_z` = 338.965118408203125, `orientation` = 0.826461434364318847, `spawntimesecs` = 120 WHERE `guid` = 570572; -- 66473
UPDATE `creature` SET `position_x` = -7871.9775390625, `position_y` = 1286.13720703125, `position_z` = 341.750457763671875, `orientation` = 2.807392597198486328, `spawntimesecs` = 120 WHERE `guid` = 570561; -- 64860
UPDATE `creature` SET `position_x` = -7885.1337890625, `position_y` = 1315.392333984375, `position_z` = 338.95477294921875, `orientation` = 0.018319351598620414, `spawntimesecs` = 120 WHERE `guid` = 570556; -- 66300
UPDATE `creature` SET `position_x` = -7877.4443359375, `position_y` = 1341.3697509765625, `position_z` = 338.93927001953125, `orientation` = 3.084580659866333007, `spawntimesecs` = 120 WHERE `guid` = 570590; -- 64864
UPDATE `creature` SET `position_x` = -7880.561, `position_y` = 1309.455, `position_z` = 338.8661, `orientation` = 0, `spawntimesecs` = 120, `wander_distance` = 0, `movement_type` = 2 WHERE `guid` = 570596; -- 64859
UPDATE `creature` SET `position_x` = -7915.58984375, `position_y` = 1261.06005859375, `position_z` = 316.726348876953125, `orientation` = 2.032872200012207031, `spawntimesecs` = 120 WHERE `guid` = 570541; -- 40789
UPDATE `creature` SET `position_x` = -7864.146, `position_y` = 1347.302, `position_z` = 338.8495, `orientation` = 0, `spawntimesecs` = 120, `wander_distance` = 0, `movement_type` = 2 WHERE `guid` = 570610; -- 66480
UPDATE `creature` SET `position_x` = -7872.3662109375, `position_y` = 1303.05908203125, `position_z` = 339.27850341796875, `orientation` = 2.036499977111816406, `spawntimesecs` = 120 WHERE `guid` = 570554; -- 66480
UPDATE `creature` SET `position_x` = -7885.5712890625, `position_y` = 1276.6336669921875, `position_z` = 358.560791015625, `orientation` = 2.30356454849243164, `spawntimesecs` = 120 WHERE `guid` = 570539; -- 55830
UPDATE `creature` SET `position_x` = -7917.60986328125, `position_y` = 1389.77001953125, `position_z` = 302.996337890625, `orientation` = 2.980149745941162109, `spawntimesecs` = 120 WHERE `guid` = 570611; -- 40789

DELETE FROM `creature` WHERE `guid` IN (570536, 570537, 570538);
INSERT INTO `creature` (`guid`, `id`, `map`, `zoneId`, `areaId`, `spawnMask`, `phaseMask`, `modelid`, `equipment_id`, `position_x`, `position_y`, `position_z`, `orientation`, `spawntimesecs`, `wander_distance`, `currentwaypoint`, `curhealth`, `curmana`, `movement_type`, `npcflag`, `npcflag2`, `unit_flags`, `unit_flags2`, `dynamicflags`, `ScriptName`, `walk_mode`) VALUES
(570536, 66473, 0, 1519, 6555, 1, 1, 0, 0, -7894.15478515625, 1327.890625, 338.965118408203125, 2.206909894943237304, 120, 0, 0, 1, 0, 0, 0, 0, 0, 0, 0, "", 0),
(570537, 64862, 0, 1519, 6555, 1, 1, 0, 0, -7883.44970703125, 1340.9635009765625, 338.9415283203125, 0.084910094738006591, 120, 0, 0, 1, 0, 0, 0, 0, 0, 0, 0, "", 0),
(570538, 40789, 0, 1519, 6555, 1, 1, 0, 0, -7842.080078125, 1389.6600341796875, 301.831329345703125, 2.753256797790527343, 120, 0, 0, 1, 0, 0, 0, 0, 0, 0, 0, "", 0);

UPDATE `creature_template_addon` SET `auras` = "" WHERE `entry` = 66300;
DELETE FROM `creature_addon` WHERE `guid` IN (570552, 570570, 570579, 570584, 570555, 570598, 570548, 570597, 570542, 570547, 570560, 570599,
                                              570585, 570551, 570601, 570544, 570575, 570603, 570609, 570562, 570595, 570600, 570546, 570565,
                                              570567, 570607, 570604, 570569, 570553, 570573, 570593, 570563, 570602, 570536, 570580, 570545,
                                              570606, 570568, 570581, 570558, 570543, 570557, 570537, 570605, 570586, 570608, 570574, 570576,
                                              570571, 570564, 570592, 570566, 570572, 570561, 570556, 570590, 570596, 570541, 570610, 570611, 570538);
INSERT INTO `creature_addon` (`guid`, `path_id`, `bytes2`, `emote`, `auras`) VALUES
(570552, 0, 4097, 173, ""),
(570570, 570570, 4097, 0, ""),
(570579, 0, 4097, 0, ""),
(570584, 0, 4097, 0, "132223"),
(570555, 0, 4097, 483, ""),
(570598, 0, 4097, 69, ""),
(570548, 0, 4097, 0, ""),
(570597, 0, 0, 0, ""),
(570542, 0, 4097, 0, "131904"),
(570547, 570547, 0, 0, ""),
(570560, 0, 4097, 416, ""),
(570599, 0, 0, 0, ""),
(570585, 0, 4097, 416, ""),
(570551, 0, 0, 0, ""),
(570601, 0, 0, 0, ""),
(570544, 0, 4097, 483, ""),
(570575, 0, 0, 0, ""),
(570603, 0, 0, 0, ""),
(570609, 0, 4097, 416, ""),
(570562, 570562, 0, 0, ""),
(570595, 0, 0, 0, ""),
(570600, 0, 0, 0, ""),
(570546, 0, 0, 0, ""),
(570565, 0, 0, 0, ""),
(570567, 0, 0, 0, ""),
(570607, 0, 0, 0, ""),
(570604, 0, 0, 0, ""),
(570569, 0, 0, 0, ""),
(570553, 0, 4097, 0, ""),
(570573, 0, 0, 0, ""),
(570593, 0, 0, 0, ""),
(570563, 0, 4097, 0, "132221"),
(570602, 0, 4097, 69, ""),
(570536, 0, 4097, 416, ""),
(570580, 0, 4097, 416, ""),
(570545, 0, 0, 0, ""),
(570606, 0, 0, 0, ""),
(570568, 0, 0, 0, ""),
(570581, 0, 4097, 0, ""),
(570558, 0, 0, 0, ""),
(570543, 0, 0, 0, ""),
(570557, 0, 4097, 416, ""),
(570537, 0, 4097, 0, ""),
(570605, 0, 0, 0, ""),
(570586, 0, 4097, 416, ""),
(570608, 0, 0, 0, ""),
(570574, 0, 0, 0, ""),
(570576, 0, 0, 0, ""),
(570571, 0, 0, 0, ""),
(570564, 0, 0, 0, ""),
(570592, 0, 0, 0, ""),
(570566, 0, 0, 0, ""),
(570572, 0, 4097, 416, ""),
(570561, 0, 4097, 483, ""),
(570556, 0, 0, 0, ""),
(570590, 0, 4097, 0, ""),
(570596, 570596, 0, 0, ""),
(570541, 0, 4097, 0, "132221"),
(570610, 570610,4097, 0, ""),
(570611, 0, 4097, 0, "132221"),
(570538, 0, 4097, 0, "132221");

DELETE FROM `waypoint_data` WHERE `id` IN (570570, 570547, 570562, 570596, 570610);
INSERT INTO `waypoint_data` (`id`, `point`, `position_x`, `position_y`, `position_z`, `orientation`, `delay`) VALUES
(570570, 0, -7898.217, 1334.785, 338.7588, 0, 0),
(570570, 1, -7898.092, 1331.565, 338.7538, 0, 0),
(570570, 2, -7898.2, 1311.845, 338.8352, 0, 0),
(570570, 3, -7897.707, 1307.313, 338.8441, 0, 0),
(570570, 4, -7896.303, 1306.513, 339.1078, 0, 0),
(570570, 5, -7898.241, 1311.794, 338.8353, 0, 0),
(570570, 6, -7898.234, 1331.564, 338.7529, 0, 0),
(570570, 7, -7897.993, 1334.594, 338.7627, 0, 0),
(570570, 8, -7897.354, 1347.019, 338.8489, 0, 0),
(570570, 9, -7897.094, 1350.396, 338.8614, 0, 0),
(570570, 10, -7896.434, 1354.962, 338.8368, 0, 0),
(570570, 11, -7895.198, 1358.918, 339.2335, 0, 0),
(570570, 12, -7890.538, 1365.399, 341.8928, 0, 0),
(570570, 13, -7888.128, 1368.852, 341.7878, 0, 0),
(570570, 14, -7886.337, 1370.811, 341.7793, 0, 0),
(570570, 15, -7887.297, 1373.201, 341.8546, 0, 0),
(570570, 16, -7891.354, 1365.448, 341.8876, 0, 0),
(570570, 17, -7894.981, 1359.024, 339.2612, 0, 0),
(570570, 18, -7896.505, 1354.563, 338.8389, 0, 0),
(570570, 19, -7897.293, 1350.396, 338.8615, 0, 0),
(570570, 20, -7897.603, 1347.063, 338.8851, 0, 0),
(570570, 21, -7898.217, 1334.785, 338.7588, 0, 0),
(570570, 22, -7898.092, 1331.565, 338.7538, 0, 0),
(570570, 23, -7898.2, 1311.845, 338.8352, 0, 0),
(570570, 24, -7898.128, 1309.794, 338.8607, 0, 0),
(570570, 25, -7897.707, 1307.313, 338.8441, 0, 0),
(570570, 26, -7896.303, 1306.513, 339.1078, 0, 0),
(570570, 27, -7898.241, 1311.794, 338.8353, 0, 0),
(570570, 28, -7898.234, 1331.564, 338.7529, 0, 0),
(570570, 29, -7897.993, 1334.594, 338.7627, 0, 0),
(570570, 30, -7897.354, 1347.019, 338.8489, 0, 0),
(570570, 31, -7897.094, 1350.396, 338.8614, 0, 0),
(570570, 32, -7896.434, 1354.962, 338.8368, 0, 0),
(570570, 33, -7895.198, 1358.918, 339.2335, 0, 0),
(570570, 34, -7890.538, 1365.399, 341.8928, 0, 0),
(570570, 35, -7888.128, 1368.852, 341.7878, 0, 0),
(570570, 36, -7886.337, 1370.811, 341.7793, 0, 0),
(570570, 37, -7887.297, 1373.201, 341.8546, 0, 0),
(570570, 38, -7891.354, 1365.448, 341.8876, 0, 0),
(570570, 39, -7894.981, 1359.024, 339.2612, 0, 0),
(570570, 40, -7896.505, 1354.563, 338.8389, 0, 0),
(570570, 41, -7897.293, 1350.396, 338.8615, 0, 0),
(570570, 42, -7897.603, 1347.063, 338.8851, 0, 0),
(570570, 43, -7898.217, 1334.785, 338.7588, 0, 0),
(570570, 44, -7898.092, 1331.565, 338.7538, 0, 0),
(570570, 45, -7898.2, 1311.845, 338.8352, 0, 0),
(570570, 46, -7898.128, 1309.794, 338.8607, 0, 0),
(570570, 47, -7897.707, 1307.313, 338.8441, 0, 0),
(570570, 48, -7896.303, 1306.513, 339.1078, 0, 0),
(570570, 49, -7898.241, 1311.794, 338.8353, 0, 0),
(570570, 50, -7898.234, 1331.564, 338.7529, 0, 0),
(570570, 51, -7897.993, 1334.594, 338.7627, 0, 0),
(570570, 52, -7897.354, 1347.019, 338.8489, 0, 0),
(570570, 53, -7897.094, 1350.396, 338.8614, 0, 0),
(570570, 54, -7896.434, 1354.962, 338.8368, 0, 0),
(570570, 55, -7895.198, 1358.918, 339.2335, 0, 0),
(570570, 56, -7890.538, 1365.399, 341.8928, 0, 0),
(570570, 57, -7888.128, 1368.852, 341.7878, 0, 0),
(570570, 58, -7886.337, 1370.811, 341.7793, 0, 0),
(570570, 59, -7887.297, 1373.201, 341.8546, 0, 0),
(570570, 60, -7891.354, 1365.448, 341.8876, 0, 0),
(570570, 61, -7894.981, 1359.024, 339.2612, 0, 0),
(570570, 62, -7896.505, 1354.563, 338.8389, 0, 0),
(570570, 63, -7897.293, 1350.396, 338.8615, 0, 0),
(570570, 64, -7897.603, 1347.063, 338.8851, 0, 0),
(570570, 65, -7898.217, 1334.785, 338.7588, 0, 0),
(570570, 66, -7898.092, 1331.565, 338.7538, 0, 0),
(570570, 67, -7898.2, 1311.845, 338.8352, 0, 0),

(570547, 0, -7918.184, 1278.201, 343.419, 0, 0),
(570547, 1, -7909.846, 1279.118, 343.4194, 0, 0),
(570547, 2, -7907.689, 1281.033, 343.4207, 0, 0),
(570547, 3, -7907.675, 1284.469, 343.4159, 0, 0),
(570547, 4, -7907.734, 1287.304, 342.5475, 0, 0),
(570547, 5, -7907.151, 1290.3, 341.6843, 0, 0),
(570547, 6, -7906.318, 1292.972, 341.079, 0, 0),
(570547, 7, -7904.79, 1295.391, 340.2517, 0, 0),
(570547, 8, -7902.833, 1297.823, 339.0133, 0, 0),
(570547, 9, -7898.484, 1299.481, 338.8192, 0, 0),
(570547, 10, -7893.649, 1300.028, 338.8591, 0, 0),
(570547, 11, -7881.143, 1300.394, 338.8939, 0, 0),
(570547, 12, -7873.092, 1300.528, 338.929, 0, 0),
(570547, 13, -7864.866, 1300.524, 338.907, 0, 0),
(570547, 14, -7861.866, 1299.931, 338.8307, 0, 0),
(570547, 15, -7861.866, 1299.931, 338.8307, 0, 0),
(570547, 16, -7861.866, 1299.931, 338.8307, 0, 0),
(570547, 17, -7861.866, 1299.931, 338.8307, 0, 0),
(570547, 18, -7857.518, 1298.873, 338.9271, 0, 0),
(570547, 19, -7855.948, 1296.469, 340.0026, 0, 0),
(570547, 20, -7854.58, 1293.767, 340.9899, 0, 0),
(570547, 21, -7853.491, 1291.102, 341.6073, 0, 0),
(570547, 22, -7852.777, 1288.286, 342.3914, 0, 0),
(570547, 23, -7852.734, 1285.504, 343.2705, 0, 0),
(570547, 24, -7852.34, 1281.38, 343.4205, 0, 0),
(570547, 25, -7849.528, 1279.859, 343.4193, 0, 0),
(570547, 26, -7837.253, 1276.924, 343.4189, 0, 0),
(570547, 27, -7846.018, 1279.769, 343.4193, 0, 0),
(570547, 28, -7852.905, 1282.254, 343.421, 0, 0),
(570547, 29, -7852.759, 1284.957, 343.4159, 0, 0),
(570547, 30, -7852.844, 1287.606, 342.6082, 0, 0),
(570547, 31, -7853.229, 1290.332, 341.7832, 0, 0),
(570547, 32, -7853.87, 1292.938, 341.2007, 0, 0),
(570547, 33, -7855.224, 1295.969, 340.3858, 0, 0),
(570547, 34, -7858.026, 1298.47, 338.877, 0, 0),
(570547, 35, -7861.931, 1299.847, 338.834, 0, 0),
(570547, 36, -7872.624, 1300.335, 338.8302, 0, 0),
(570547, 37, -7879.412, 1300.306, 338.7977, 0, 0),
(570547, 38, -7889.403, 1300.116, 338.837, 0, 0),
(570547, 39, -7898.603, 1299.717, 338.8099, 0, 0),
(570547, 40, -7902.866, 1298.318, 338.8956, 0, 0),
(570547, 41, -7904.924, 1296.033, 340.0885, 0, 0),
(570547, 42, -7906.042, 1293.042, 341.0515, 0, 0),
(570547, 43, -7906.772, 1290.102, 341.7087, 0, 0),
(570547, 44, -7907.167, 1287.314, 342.5593, 0, 0),
(570547, 45, -7908.307, 1281.337, 343.4207, 0, 0),
(570547, 46, -7913.603, 1278.858, 343.4189, 0, 0),
(570547, 47, -7924.332, 1276.031, 343.4189, 0, 0),
(570547, 48, -7918.184, 1278.201, 343.419, 0, 0),
(570547, 49, -7909.846, 1279.118, 343.4194, 0, 0),
(570547, 50, -7907.689, 1281.033, 343.4207, 0, 0),
(570547, 51, -7907.675, 1284.469, 343.4159, 0, 0),
(570547, 52, -7907.734, 1287.304, 342.5475, 0, 0),
(570547, 53, -7907.151, 1290.3, 341.6843, 0, 0),
(570547, 54, -7906.318, 1292.972, 341.079, 0, 0),
(570547, 55, -7904.79, 1295.391, 340.2517, 0, 0),
(570547, 56, -7902.833, 1297.823, 339.0133, 0, 0),
(570547, 57, -7898.484, 1299.481, 338.8192, 0, 0),
(570547, 58, -7893.649, 1300.028, 338.8591, 0, 0),
(570547, 59, -7881.143, 1300.394, 338.8939, 0, 0),
(570547, 60, -7873.092, 1300.528, 338.929, 0, 0),
(570547, 61, -7864.866, 1300.524, 338.907, 0, 0),
(570547, 62, -7861.866, 1299.931, 338.8307, 0, 0),
(570547, 63, -7857.518, 1298.873, 338.9271, 0, 0),
(570547, 64, -7855.948, 1296.469, 340.0026, 0, 0),
(570547, 65, -7854.58, 1293.767, 340.9899, 0, 0),
(570547, 66, -7853.491, 1291.102, 341.6073, 0, 0),
(570547, 67, -7852.777, 1288.286, 342.3914, 0, 0),
(570547, 68, -7852.734, 1285.504, 343.2705, 0, 0),
(570547, 69, -7852.34, 1281.38, 343.4205, 0, 0),
(570547, 70, -7849.528, 1279.859, 343.4193, 0, 0),
(570547, 71, -7837.253, 1276.924, 343.4189, 0, 0),
(570547, 72, -7846.018, 1279.769, 343.4193, 0, 0),
(570547, 73, -7852.905, 1282.254, 343.421, 0, 0),
(570547, 74, -7852.759, 1284.957, 343.4159, 0, 0),
(570547, 75, -7852.844, 1287.606, 342.6082, 0, 0),
(570547, 76, -7853.229, 1290.332, 341.7832, 0, 0),
(570547, 77, -7853.87, 1292.938, 341.2007, 0, 0),
(570547, 78, -7855.224, 1295.969, 340.3858, 0, 0),
(570547, 79, -7858.026, 1298.47, 338.877, 0, 0),
(570547, 80, -7861.931, 1299.847, 338.834, 0, 0),
(570547, 81, -7872.624, 1300.335, 338.8302, 0, 0),
(570547, 82, -7879.412, 1300.306, 338.7977, 0, 0),
(570547, 83, -7889.403, 1300.116, 338.837, 0, 0),
(570547, 84, -7898.603, 1299.717, 338.8099, 0, 0),
(570547, 85, -7902.866, 1298.318, 338.8956, 0, 0),
(570547, 86, -7904.924, 1296.033, 340.0885, 0, 0),
(570547, 87, -7906.042, 1293.042, 341.0515, 0, 0),
(570547, 88, -7906.772, 1290.102, 341.7087, 0, 0),
(570547, 89, -7907.167, 1287.314, 342.5593, 0, 0),
(570547, 90, -7908.307, 1281.337, 343.4207, 0, 0),
(570547, 91, -7913.603, 1278.858, 343.4189, 0, 0),
(570547, 92, -7924.332, 1276.031, 343.4189, 0, 0),
(570547, 93, -7918.184, 1278.201, 343.419, 0, 0),
(570547, 94, -7909.846, 1279.118, 343.4194, 0, 0),

(570562, 0, -7913.793, 1272.946, 343.631, 0, 0),
(570562, 1, -7896.021, 1272.911, 357.8981, 0, 0),
(570562, 2, -7877.344, 1272.96, 358.4773, 0, 0),
(570562, 3, -7864.49, 1273.271, 357.9572, 0, 0),
(570562, 4, -7846.616, 1273.462, 343.7882, 0, 0),
(570562, 5, -7838.893, 1273.733, 343.4214, 0, 0),
(570562, 6, -7846.41, 1273.736, 343.6446, 0, 0),
(570562, 7, -7863.997, 1272.894, 357.7568, 0, 0),
(570562, 8, -7878.991, 1273.036, 358.4794, 0, 0),
(570562, 9, -7894.147, 1273.177, 358.0936, 0, 0),
(570562, 10, -7895.984, 1272.773, 357.9295, 0, 0),
(570562, 11, -7913.762, 1272.842, 343.6524, 0, 0),
(570562, 12, -7921.799, 1273.422, 343.421, 0, 0),
(570562, 13, -7913.793, 1272.946, 343.631, 0, 0),
(570562, 14, -7896.021, 1272.911, 357.8981, 0, 0),
(570562, 15, -7877.344, 1272.96, 358.4773, 0, 0),
(570562, 16, -7864.49, 1273.271, 357.9572, 0, 0),
(570562, 17, -7846.616, 1273.462, 343.7882, 0, 0),
(570562, 18, -7838.893, 1273.733, 343.4214, 0, 0),
(570562, 19, -7846.41, 1273.736, 343.6446, 0, 0),
(570562, 20, -7863.997, 1272.894, 357.7568, 0, 0),
(570562, 21, -7878.991, 1273.036, 358.4794, 0, 0),
(570562, 22, -7894.147, 1273.177, 358.0936, 0, 0),
(570562, 23, -7895.984, 1272.773, 357.9295, 0, 0),
(570562, 24, -7913.762, 1272.842, 343.6524, 0, 0),
(570562, 25, -7921.799, 1273.422, 343.421, 0, 0),
(570562, 26, -7913.793, 1272.946, 343.631, 0, 0),
(570562, 27, -7896.021, 1272.911, 357.8981, 0, 0),
(570562, 28, -7877.344, 1272.96, 358.4773, 0, 0),
(570562, 29, -7864.49, 1273.271, 357.9572, 0, 0),
(570562, 30, -7846.616, 1273.462, 343.7882, 0, 0),
(570562, 31, -7838.893, 1273.733, 343.4214, 0, 0),
(570562, 32, -7846.41, 1273.736, 343.6446, 0, 0),
(570562, 33, -7863.997, 1272.894, 357.7568, 0, 0),
(570562, 34, -7878.991, 1273.036, 358.4794, 0, 0),

(570596, 0, -7880.561, 1309.455, 338.8661, 0, 0),
(570596, 1, -7880.628, 1356.922, 338.8488, 0, 0),
(570596, 2, -7880.561, 1309.455, 338.8661, 0, 0),
(570596, 3, -7880.628, 1356.922, 338.8488, 0, 0),
(570596, 4, -7880.561, 1309.455, 338.8661, 0, 0),
(570596, 5, -7880.628, 1356.922, 338.8488, 0, 0),
(570596, 6, -7880.561, 1309.455, 338.8661, 0, 0),
(570596, 7, -7880.628, 1356.922, 338.8488, 0, 0),
(570596, 8, -7880.561, 1309.455, 338.8661, 0, 0),
(570596, 9, -7880.628, 1356.922, 338.8488, 0, 0),
(570596, 10, -7880.561, 1309.455, 338.8661, 0, 0),
(570596, 11, -7880.628, 1356.922, 338.8488, 0, 0),
(570596, 12, -7880.561, 1309.455, 338.8661, 0, 0),

(570610, 0, -7864.146, 1347.302, 338.8495, 0, 0),
(570610, 1, -7863.613, 1342.024, 338.7924, 0, 0),
(570610, 2, -7863.128, 1334.852, 338.816, 0, 0),
(570610, 3, -7862.993, 1331.79, 338.757, 0, 0),
(570610, 4, -7862.799, 1317.009, 338.8095, 0, 0),
(570610, 5, -7862.695, 1312.104, 338.8422, 0, 0),
(570610, 6, -7862.851, 1310.105, 338.8466, 0, 0),
(570610, 7, -7864.653, 1307.969, 339.0388, 0, 0),
(570610, 8, -7862.738, 1312.103, 338.8422, 0, 0),
(570610, 9, -7863.125, 1331.79, 338.7575, 0, 0),
(570610, 10, -7863.12, 1334.849, 338.8204, 0, 0),
(570610, 11, -7863.96, 1347.458, 338.9743, 0, 0),
(570610, 12, -7864.802, 1350.595, 338.919, 0, 0),
(570610, 13, -7868.318, 1359.075, 339.2714, 0, 0),
(570610, 14, -7871.818, 1366.012, 341.8994, 0, 0),
(570610, 15, -7876.188, 1374.488, 341.8718, 0, 0),
(570610, 16, -7875.018, 1378.479, 341.8963, 0, 0),
(570610, 17, -7868.268, 1358.91, 339.2043, 0, 0),
(570610, 18, -7865.252, 1351.901, 338.8484, 0, 0),
(570610, 19, -7864.146, 1347.302, 338.8495, 0, 0),
(570610, 20, -7863.613, 1342.024, 338.7924, 0, 0),
(570610, 21, -7863.128, 1334.852, 338.816, 0, 0),
(570610, 22, -7862.993, 1331.79, 338.757, 0, 0),
(570610, 23, -7862.799, 1317.009, 338.8095, 0, 0),
(570610, 24, -7862.695, 1312.104, 338.8422, 0, 0),
(570610, 25, -7862.851, 1310.105, 338.8466, 0, 0),
(570610, 26, -7864.653, 1307.969, 339.0388, 0, 0),
(570610, 27, -7862.738, 1312.103, 338.8422, 0, 0),
(570610, 28, -7863.125, 1331.79, 338.7575, 0, 0),
(570610, 29, -7863.12, 1334.849, 338.8204, 0, 0),
(570610, 30, -7863.96, 1347.458, 338.9743, 0, 0),
(570610, 31, -7864.802, 1350.595, 338.919, 0, 0),
(570610, 32, -7868.318, 1359.075, 339.2714, 0, 0),
(570610, 33, -7871.818, 1366.012, 341.8994, 0, 0),
(570610, 34, -7876.188, 1374.488, 341.8718, 0, 0),
(570610, 35, -7875.018, 1378.479, 341.8963, 0, 0),
(570610, 36, -7868.268, 1358.91, 339.2043, 0, 0),
(570610, 37, -7865.252, 1351.901, 338.8484, 0, 0),
(570610, 38, -7864.146, 1347.302, 338.8495, 0, 0),
(570610, 39, -7863.613, 1342.024, 338.7924, 0, 0),
(570610, 40, -7863.128, 1334.852, 338.816, 0, 0),
(570610, 41, -7862.993, 1331.79, 338.757, 0, 0),
(570610, 42, -7862.799, 1317.009, 338.8095, 0, 0),
(570610, 43, -7862.695, 1312.104, 338.8422, 0, 0),
(570610, 44, -7862.851, 1310.105, 338.8466, 0, 0),
(570610, 45, -7864.653, 1307.969, 339.0388, 0, 0),
(570610, 46, -7862.738, 1312.103, 338.8422, 0, 0),
(570610, 47, -7863.125, 1331.79, 338.7575, 0, 0),
(570610, 48, -7863.12, 1334.849, 338.8204, 0, 0),
(570610, 49, -7863.96, 1347.458, 338.9743, 0, 0),
(570610, 50, -7864.802, 1350.595, 338.919, 0, 0),
(570610, 51, -7868.318, 1359.075, 339.2714, 0, 0),
(570610, 52, -7871.818, 1366.012, 341.8994, 0, 0),
(570610, 53, -7876.188, 1374.488, 341.8718, 0, 0),
(570610, 54, -7875.018, 1378.479, 341.8963, 0, 0),
(570610, 55, -7871.852, 1366.344, 341.7703, 0, 0),
(570610, 56, -7868.268, 1358.91, 339.2043, 0, 0),
(570610, 57, -7865.252, 1351.901, 338.8484, 0, 0),
(570610, 58, -7864.146, 1347.302, 338.8495, 0, 0),
(570610, 59, -7863.613, 1342.024, 338.7924, 0, 0),
(570610, 60, -7863.128, 1334.852, 338.816, 0, 0),
(570610, 61, -7862.993, 1331.79, 338.757, 0, 0);

DELETE FROM `gameobject_template` WHERE `entry` = 215648;
INSERT INTO `gameobject_template` (`entry`, `type`, `displayId`, `name`, `IconName`, `castBarCaption`, `unk1`, `size`, `data0`, `data1`, `data2`, `data3`, `data4`, `data5`, `data6`, `data7`, `data8`, `data9`, `data10`, `data11`, `data12`, `data13`, `data14`, `data15`, `data16`, `data17`, `data18`, `data19`, `data20`, `data21`, `data22`, `data23`, `data24`, `data25`, `data26`, `data27`, `data28`, `data29`, `data30`, `data31`, `unkInt32`, `AIName`, `ScriptName`) VALUES
(215648, 5, 6448, "Medical Supply Crate", "", "", "", 1, 0, 0, 0, 0, 0, 0, 0, 0, 0, 0, 0, 0, 0, 0, 0, 0, 0, 0, 0, 0, 0, 0, 0, 0, 0, 0, 0, 0, 0, 0, 0, 0, 0, "", "");

DELETE FROM `gameobject` WHERE `guid` IN (217322, 217323, 217324, 217325, 217326, 217327, 217328);
INSERT INTO `gameobject` (`guid`, `id`, `map`, `zoneId`, `areaId`, `spawnMask`, `phaseMask`, `position_x`, `position_y`, `position_z`, `orientation`, `rotation0`, `rotation1`, `rotation2`, `rotation3`, `spawntimesecs`, `animprogress`, `state`, `ScriptName`) VALUES
(217322, 215648, 0, 1519, 6555, 1, 1, -7894.48974609375, 1354.6822509765625, 339.892852783203125, 0, 0, 0, 0, 1, 120, 255, 1, ""),
(217323, 215648, 0, 1519, 6555, 1, 1, -7892.52783203125, 1354.90625, 338.81634521484375, 0, 0, 0, 0, 1, 120, 255, 1, ""),
(217324, 215648, 0, 1519, 6555, 1, 1, -7893.98095703125, 1355.5555419921875, 338.81695556640625, 0, 0, 0, 0, 1, 120, 255, 1, ""),
(217325, 216056, 0, 1519, 6555, 1, 1, -7879.80029296875, 1279.515625, 358.560516357421875, 4.728822231292724609, 0, 0, -0.70127296447753906, 0.712892889976501464, 120, 255, 1, ""),
(217326, 215648, 0, 1519, 6555, 1, 1, -7892.501953125, 1353.515625, 338.827392578125, 0, 0, 0, 0, 1, 120, 255, 1, ""),
(217327, 215648, 0, 1519, 6555, 1, 1, -7895.234375, 1354.65283203125, 338.831878662109375, 0, 0, 0, 0, 1, 120, 255, 1, ""),
(217328, 215648, 0, 1519, 6555, 1, 1, -7893.88525390625, 1354.171875, 338.818756103515625, 0, 0, 0, 0, 1, 120, 255, 1, "");

UPDATE `creature_template` SET `AIName` = "SmartAI" WHERE `entry` IN (55819, 55823, 55830, 55832);
DELETE FROM `smart_scripts` WHERE `entryorguid` IN (55819, 55823, 55830, 55832) AND `source_type` = 0;
INSERT INTO `smart_scripts` (`entryorguid`, `source_type`, `id`, `link`, `event_type`, `event_phase_mask`, `event_chance`, `event_flags`, `event_param1`, `event_param2`, `event_param3`, `event_param4`, `action_type`, `action_param1`, `action_param2`, `action_param3`, `action_param4`, `action_param5`, `action_param6`, `target_type`, `target_param1`, `target_param2`, `target_param3`, `target_x`, `target_y`, `target_z`, `target_o`, `comment`) VALUES 
(55819, 0, 0, 0, 1, 0, 100, 0, 4000, 8000, 4000, 8000, 5, 1, 0, 0, 0, 0, 0, 1, 0, 0, 0, 0, 0, 0, 0, "\"The Pickle\" McLeary - Out of Combat - Play Emote (1)"),

(55823, 0, 0, 0, 1, 0, 100, 0, 4000, 8000, 4000, 8000, 5, 1, 0, 0, 0, 0, 0, 1, 0, 0, 0, 0, 0, 0, 0, "Mishka - Out of Combat - Play Emote (1)"),

(55830, 0, 0, 0, 1, 0, 100, 0, 4000, 8000, 4000, 8000, 5, 1, 0, 0, 0, 0, 0, 1, 0, 0, 0, 0, 0, 0, 0, "Nimm Codejack - Out of Combat - Play Emote (1)"),

(55832, 0, 0, 0, 1, 0, 100, 0, 5000, 10000, 50000, 70000, 1, 0, 0, 0, 0, 0, 0, 1, 0, 0, 0, 0, 0, 0, 0, "Nodd Codejack <SI:7> - Out of Combat - Say Text Line 0");

DELETE FROM `creature_text` WHERE `entry` = 55832;
INSERT INTO `creature_text` (`entry`, `text_group`, `id`, `text`, `text_female`, `type`, `language`, `probability`, `emote`, `duration`, `sound`, `comment`) VALUES
(55832, 0, 0, "13 gyromantic destabilizers? Check. 10 gnumatic flangegrips? Check. Now where did I put my favorite wrench?", "", 12, 0, 100, 0, 0, 0, "Nodd Codejack <SI:7>"),
(55832, 0, 1, "Hmm. Only 2 tons of explosives for this mission? Seems a bit light to me. This seems like the kind of mission we are going to need way more explosives for. Like... goblin pyromaniac explosives.", "", 12, 0, 100, 0, 0, 0, "Nodd Codejack <SI:7>"),
(55832, 0, 2, "Only thirty gyrocopters? We are going to need way more than that before this is over.", "", 12, 0, 100, 0, 0, 0, "Nodd Codejack <SI:7>");
