-- Kira Songshine <Traveling Baker> (3937)
DELETE FROM `creature_text` WHERE `entry` = 3937;
INSERT INTO `creature_text` (`entry`, `text_group`, `id`, `text`, `text_female`, `text_range`, `type`, `language`, `probability`, `emote`, `duration`, `sound`, `comment`) VALUES
(3937, 0, 0, "", "Fresh bread, baked this very morning!", 0, 12, 0, 100, 0, 0, 0, "Kira Songshine"),
(3937, 0, 1, "", "Come get yer fresh bread!", 0, 12, 0, 100, 0, 0, 0, "Kira Songshine"),
(3937, 0, 2, "", "Fresh bread for sale!", 0, 12, 0, 100, 0, 0, 0, "Kira Songshine"),
(3937, 1, 0, "", "Guards! Help me!", 0, 12, 0, 100, 0, 0, 0, "Kira Songshine");

UPDATE `creature_template` SET `AIName` = "SmartAI", `ScriptName` = "" WHERE `entry` = 3937;
DELETE FROM `smart_scripts` WHERE `entryorguid` = 3937 AND `source_type` = 0;
INSERT INTO `smart_scripts` (`entryorguid`, `source_type`, `id`, `link`, `event_type`, `event_phase_mask`, `event_chance`, `event_flags`, `event_param1`, `event_param2`, `event_param3`, `event_param4`, `action_type`, `action_param1`, `action_param2`, `action_param3`, `action_param4`, `action_param5`, `action_param6`, `target_type`, `target_param1`, `target_param2`, `target_param3`, `target_x`, `target_y`, `target_z`, `target_o`, `comment`) VALUES
(3937, 0, 0, 0, 1, 0, 100, 0, 5000, 10000, 30000, 45000, 1, 0, 0, 0, 0, 0, 0, 1, 0, 0, 0, 0, 0, 0, 0, "Kira Songshine - Out of Combat - Say Text Line 0"),
(3937, 0, 1, 2, 4, 0, 100, 0, 0, 0, 0, 0, 1, 1, 0, 0, 0, 0, 0, 1, 0, 0, 0, 0, 0, 0, 0, "Kira Songshine - On Aggro - Say Text Line 1"),
(3937, 0, 2, 0, 61, 0, 100, 0, 0, 0, 0, 0, 39, 60, 1, 0, 0, 0, 0, 1, 0, 0, 0, 0, 0, 0, 0, "Kira Songshine - On Aggro (Link) - Call For Help");

UPDATE `creature` SET `position_x` = -9537.01, `position_y` = -30.562, `position_z` = 55.8583, `wander_distance` = 0, `movement_type` = 2 WHERE `guid` = 177635;

DELETE FROM `creature_addon` WHERE `guid` = 177635;
INSERT INTO `creature_addon` (`guid`, `path_id`) VALUES
(177635, 177635);

DELETE FROM `waypoint_data` WHERE `id` = 177635;
INSERT INTO `waypoint_data` (`id`, `point`, `position_x`, `position_y`, `position_z`, `orientation`, `delay`, `entry`) VALUES
(177635, 1, -9537.01, -30.562, 55.8583, 0, 0, 3937),
(177635, 2, -9531.63, -19.6561, 55.8516, 0, 0, 3937),
(177635, 3, -9525.49, -9.22328, 55.7858, 0, 0, 3937),
(177635, 4, -9518.46, 6.28009, 56.0239, 0, 0, 3937),
(177635, 5, -9509.91, 24.6347, 56.4859, 0, 0, 3937),
(177635, 6, -9498.52, 46.063, 55.8474, 0, 0, 3937),
(177635, 7, -9494.38, 62.3094, 56.0238, 0, 0, 3937),
(177635, 8, -9488.1, 85.4097, 56.0715, 0, 0, 3937),
(177635, 9, -9485.11, 97.1514, 56.3964, 0, 0, 3937),
(177635, 10, -9481.04, 121.147, 56.6061, 0, 0, 3937),
(177635, 11, -9482.35, 141.257, 56.4753, 0, 0, 3937),
(177635, 12, -9485.17, 165.088, 56.0302, 0, 0, 3937),
(177635, 13, -9484.95, 177.247, 55.5409, 0, 0, 3937),
(177635, 14, -9490.67, 192.082, 54.7156, 0, 0, 3937),
(177635, 15, -9506.59, 215.494, 53.1006, 0, 0, 3937),
(177635, 16, -9529.36, 238.496, 51.1366, 0, 0, 3937),
(177635, 17, -9520.83, 233.5, 51.5522, 0, 0, 3937),
(177635, 18, -9517.99, 230.713, 51.8943, 0, 0, 3937),
(177635, 19, -9506.57, 219.274, 52.945, 0, 0, 3937),
(177635, 20, -9499.31, 205.653, 53.862, 0, 0, 3937),
(177635, 21, -9489.13, 188.276, 54.8621, 0, 0, 3937),
(177635, 22, -9484.03, 169.079, 55.8947, 0, 0, 3937),
(177635, 23, -9481.98, 152.933, 56.2342, 0, 0, 3937),
(177635, 24, -9481.83, 140.821, 56.6108, 0, 0, 3937),
(177635, 25, -9483.11, 124.717, 56.6051, 0, 0, 3937),
(177635, 26, -9485.7, 104.679, 56.4852, 0, 0, 3937),
(177635, 27, -9487.2, 87.6606, 56.1202, 0, 0, 3937),
(177635, 28, -9486.24, 75.8076, 56.2578, 0, 0, 3937),
(177635, 29, -9482.39, 69.3032, 56.3605, 0, 0, 3937),
(177635, 30, -9471.87, 63.3003, 56.0149, 0, 0, 3937),
(177635, 31, -9456.96, 65.6871, 56.0383, 0, 0, 3937),
(177635, 32, -9420.6, 83.9996, 56.6717, 0, 0, 3937),
(177635, 33, -9406.71, 91.6255, 57.8558, 0, 0, 3937),
(177635, 34, -9385.48, 104.003, 59.6502, 0, 0, 3937),
(177635, 35, -9366.48, 110.453, 61.1282, 0, 0, 3937),
(177635, 36, -9341.06, 122.631, 63.3622, 0, 0, 3937),
(177635, 37, -9319.76, 134.248, 64.4297, 0, 0, 3937),
(177635, 38, -9301.26, 142.166, 65.7357, 0, 0, 3937),
(177635, 39, -9278.15, 149.637, 66.7753, 0, 0, 3937),
(177635, 40, -9259.72, 157.862, 67.5181, 0, 0, 3937),
(177635, 41, -9245.17, 171.719, 67.9062, 0, 0, 3937),
(177635, 42, -9234.34, 183.789, 67.6498, 0, 0, 3937),
(177635, 43, -9221.37, 199.328, 68.6304, 0, 0, 3937),
(177635, 44, -9204.7, 216.766, 70.8805, 0, 0, 3937),
(177635, 45, -9191.8, 232.327, 71.8285, 0, 0, 3937),
(177635, 46, -9184.4, 250.696, 73.4315, 0, 0, 3937),
(177635, 47, -9182.43, 270.717, 74.9709, 0, 0, 3937),
(177635, 48, -9181.05, 298.795, 78.0074, 0, 0, 3937),
(177635, 49, -9178.72, 318.851, 80.0275, 0, 0, 3937),
(177635, 50, -9175.71, 330.347, 82.2052, 0, 0, 3937),
(177635, 51, -9169.73, 344.79, 85.7392, 0, 0, 3937),
(177635, 52, -9158.13, 360.966, 89.4625, 0, 0, 3937),
(177635, 53, -9146.6, 372.209, 90.5716, 0, 0, 3937),
(177635, 54, -9127.98, 387.88, 91.1215, 0, 0, 3937),
(177635, 55, -9142.45, 377.77, 90.7101, 0, 0, 3937),
(177635, 56, -9148.49, 372.415, 90.618, 0, 0, 3937),
(177635, 57, -9156.33, 363.221, 89.8709, 0, 0, 3937),
(177635, 58, -9166.58, 350.972, 87.0228, 0, 0, 3937),
(177635, 59, -9175.35, 337.859, 83.6657, 0, 0, 3937),
(177635, 60, -9178.5, 326.473, 81.3119, 0, 0, 3937),
(177635, 61, -9180.81, 314.752, 79.3805, 0, 0, 3937),
(177635, 62, -9182.13, 302.736, 78.3334, 0, 0, 3937),
(177635, 63, -9183.2, 290.608, 76.8484, 0, 0, 3937),
(177635, 64, -9184.12, 262.436, 74.1921, 0, 0, 3937),
(177635, 65, -9187.03, 242.503, 72.6539, 0, 0, 3937),
(177635, 66, -9192.09, 231.631, 71.8149, 0, 0, 3937),
(177635, 67, -9213.72, 207.69, 69.7202, 0, 0, 3937),
(177635, 68, -9228.08, 193.469, 68.0946, 0, 0, 3937),
(177635, 69, -9236.33, 184.551, 67.6546, 0, 0, 3937),
(177635, 70, -9250.2, 164.564, 67.8689, 0, 0, 3937),
(177635, 71, -9266.91, 154.116, 67.1636, 0, 0, 3937),
(177635, 72, -9278.62, 151.2, 66.8232, 0, 0, 3937),
(177635, 73, -9297.88, 144.958, 65.96, 0, 0, 3937),
(177635, 74, -9324.3, 134.552, 64.3442, 0, 0, 3937),
(177635, 75, -9334.7, 128.369, 63.9347, 0, 0, 3937),
(177635, 76, -9351.97, 117.915, 62.495, 0, 0, 3937),
(177635, 77, -9373.61, 106.951, 60.6195, 0, 0, 3937),
(177635, 78, -9392.87, 101.027, 58.9956, 0, 0, 3937),
(177635, 79, -9411.12, 92.4998, 57.6524, 0, 0, 3937),
(177635, 80, -9427.81, 81.1753, 56.6052, 0, 0, 3937),
(177635, 81, -9440.09, 70.6694, 56.0638, 0, 0, 3937),
(177635, 82, -9454.65, 63.7952, 55.9132, 0, 0, 3937),
(177635, 83, -9466.33, 62.9064, 55.8631, 0, 0, 3937),
(177635, 84, -9487.97, 60.003, 55.9554, 0, 0, 3937),
(177635, 85, -9499.65, 45.6409, 55.822, 0, 0, 3937),
(177635, 86, -9511.78, 19.9769, 56.445, 0, 0, 3937),
(177635, 87, -9519.03, 5.5374, 56.0064, 0, 0, 3937),
(177635, 88, -9524.81, -5.16347, 55.8383, 0, 0, 3937),
(177635, 89, -9533.5, -23.5105, 55.8444, 0, 0, 3937),
(177635, 90, -9543.58, -49.9466, 56.702, 0, 0, 3937),
(177635, 91, -9550.06, -81.6245, 57.4979, 0, 0, 3937),
(177635, 92, -9550.68, -110.273, 57.4996, 0, 0, 3937),
(177635, 93, -9549.27, -84.9852, 57.5477, 0, 0, 3937),
(177635, 94, -9544.73, -57.0475, 56.8001, 0, 0, 3937),
(177635, 95, -9537.97, -33.6973, 56.2375, 0, 0, 3937);

-- Stormwind Royal Guard
UPDATE `creature` SET `position_x` = -9009.53, `position_y` = -63.4485, `position_z` = 87.0312, `orientation` = 1.70431, `wander_distance` = 0, `movement_type` = 2 WHERE `guid` = 177929;
UPDATE `creature` SET `position_x` = -9010.16, `position_y` = -58.7008, `position_z` = 87.1778, `orientation` = 1.61399, `wander_distance` = 0, `movement_type` = 0 WHERE `guid` = 177930;
UPDATE `creature` SET `position_x` = -9009.79, `position_y` = -67.2748, `position_z` = 86.9223, `orientation` = 1.61399, `wander_distance` = 0, `movement_type` = 0 WHERE `guid` = 177931;
UPDATE `creature` SET `position_x` = -9009.96, `position_y` = -63.2326, `position_z` = 87.066, `orientation` = 1.61399, `wander_distance` = 0, `movement_type` = 0 WHERE `guid` = 177932;

-- mount 29284, aura 78855

DELETE FROM `creature_template_addon` WHERE `entry` = 42218;
DELETE FROM `creature_addon` WHERE `guid` IN (177929, 177930, 177931, 177932, 177933, 177934);
INSERT INTO `creature_addon` (`guid`, `path_id`, `mount`, `bytes1`, `bytes2`, `emote`, `auras`) VALUES
(177929, 177929, 28912, 0, 1, 0, ""),
(177930, 0, 28912, 0, 1, 0, ""),
(177931, 0, 28912, 0, 1, 0, ""),
(177932, 0, 28912, 0, 1, 0, ""),

(177933, 0, 0, 0, 257, 0, ""),
(177934, 0, 0, 0, 257, 0, "");

DELETE FROM `waypoint_data` WHERE `id` IN (177929, 177930, 177931, 177932);
INSERT INTO `waypoint_data` (`id`, `point`, `position_x`, `position_y`, `position_z`, `orientation`, `delay`, `move_flag`, `entry`) VALUES
(177929, 1, -9008.93, -62.0718, 87.0293, 0, 0, 0, 42218),
(177929, 2, -9009.66, -43.0235, 87.5544, 0, 0, 0, 42218),
(177929, 3, -9014.83, -5.4108, 88.6349, 0, 0, 0, 42218),
(177929, 4, -9020.41, 3.4639, 88.4009, 0, 0, 0, 42218),
(177929, 5, -9028.99, 5.15317, 88.1821, 0, 0, 0, 42218),
(177929, 6, -9036.13, -0.0671551, 88.303, 0, 0, 0, 42218),
(177929, 7, -9041.14, -31.097, 88.2439, 0, 0, 0, 42218),
(177929, 8, -9048.33, -44.2447, 88.3092, 0, 0, 0, 42218),
(177929, 9, -9064.06, -42.1227, 88.0401, 0, 0, 0, 42218),
(177929, 10, -9076.32, -46.98, 87.5662, 0, 0, 0, 42218),
(177929, 11, -9119.51, -80.3331, 79.7431, 0, 0, 0, 42218),
(177929, 12, -9161.44, -108.258, 72.6388, 0, 0, 0, 42218),
(177929, 13, -9178.46, -113.038, 71.0649, 0, 0, 0, 42218),
(177929, 14, -9198.04, -113.459, 71.0567, 0, 0, 0, 42218),
(177929, 15, -9215.31, -109.018, 71.1478, 0, 0, 0, 42218),
(177929, 16, -9241.91, -99.1684, 70.5371, 0, 0, 0, 42218),
(177929, 17, -9265.26, -81.1538, 68.8238, 0, 0, 0, 42218),
(177929, 18, -9285.91, -64.945, 67.9513, 0, 0, 0, 42218),
(177929, 19, -9301.52, -58.4047, 66.9757, 0, 0, 0, 42218),
(177929, 20, -9315.32, -55.3839, 66.6466, 0, 0, 0, 42218),
(177929, 21, -9338.27, -50.3918, 65.5935, 0, 0, 0, 42218),
(177929, 22, -9350.55, -42.4498, 64.9096, 0, 0, 0, 42218),
(177929, 23, -9360.87, -32.225, 63.8498, 0, 0, 0, 42218),
(177929, 24, -9389.23, -2.19453, 60.7995, 0, 0, 0, 42218),
(177929, 25, -9433.95, 48.662, 56.5678, 0, 0, 0, 42218),
(177929, 26, -9447.02, 60.0515, 56.0078, 0, 0, 0, 42218),
(177929, 27, -9463.83, 64.1504, 55.869, 0, 0, 0, 42218),
(177929, 28, -9474.33, 64.6031, 56.1456, 0, 0, 0, 42218),
(177929, 29, -9473.84, 63.9308, 56.1005, 0, 0, 0, 42218),
(177929, 30, -9452.96, 61.7088, 55.8902, 0, 0, 0, 42218),
(177929, 31, -9441.44, 56.8974, 55.9855, 0, 0, 0, 42218),
(177929, 32, -9424.74, 39.5222, 57.0996, 0, 0, 0, 42218),
(177929, 33, -9394.29, 4.31402, 60.1032, 0, 0, 0, 42218),
(177929, 34, -9355.13, -37.6422, 64.4623, 0, 0, 0, 42218),
(177929, 35, -9344.59, -46.9465, 65.2829, 0, 0, 0, 42218),
(177929, 36, -9329.58, -52.6687, 66.0623, 0, 0, 0, 42218),
(177929, 37, -9311.08, -56.4848, 66.8229, 0, 0, 0, 42218),
(177929, 38, -9285.09, -65.3491, 67.947, 0, 0, 0, 42218),
(177929, 39, -9259.91, -84.8358, 69.3582, 0, 0, 0, 42218),
(177929, 40, -9234.31, -101.795, 70.8775, 0, 0, 0, 42218),
(177929, 41, -9204.2, -111.411, 71.0834, 0, 0, 0, 42218),
(177929, 42, -9173.54, -112.249, 71.5008, 0, 0, 0, 42218),
(177929, 43, -9159.76, -107.577, 72.8737, 0, 0, 0, 42218),
(177929, 44, -9133.37, -90.478, 76.5183, 0, 0, 0, 42218),
(177929, 45, -9097.92, -64.54, 84.2097, 0, 0, 0, 42218),
(177929, 46, -9071.38, -43.1063, 87.9831, 0, 0, 0, 42218),
(177929, 47, -9050.94, -44.4244, 88.2899, 0, 0, 0, 42218),
(177929, 48, -9045.82, -54.3558, 88.111, 0, 0, 0, 42218),
(177929, 49, -9046.37, -67.5953, 88.1579, 0, 0, 0, 42218),
(177929, 50, -9051.11, -85.4033, 88.0125, 0, 0, 0, 42218),
(177929, 51, -9045.93, -95.2949, 88.0497, 0, 0, 0, 42218),
(177929, 52, -9035.29, -101.639, 87.686, 0, 0, 0, 42218),
(177929, 53, -9030.59, -101.587, 87.6319, 0, 0, 0, 42218),
(177929, 54, -9017.4, -92.0667, 86.8234, 0, 0, 0, 42218),
(177929, 55, -9006.6, -84.9445, 86.267, 0, 0, 0, 42218);

DELETE FROM `creature_formations` WHERE `leaderGUID` = 177929;
INSERT INTO `creature_formations` (`leaderGUID`, `memberGUID`, `dist`, `angle`, `groupAI`) VALUES
(177929, 177929, 4, 90, 2),
(177929, 177930, 4, 30, 2),
(177929, 177931, 4, 330, 2),
(177929, 177932, 4, 360, 2);

DELETE FROM `creature` WHERE `guid` IN (179870, 179872, 179875, 178447) AND `id` = 42218;
DELETE FROM `creature_addon` WHERE `guid` IN (179870, 179872, 179875, 178447);
DELETE FROM `waypoint_data` WHERE `id` IN (179870, 179872, 179875, 178447);

UPDATE `creature` SET `wander_distance` = 0, `movement_type` = 2, `position_x` = -9599.69, `position_y` = -850.821, `position_z` = 43.5444 WHERE `guid` = 178787 AND `id` = 42218;
UPDATE `creature` SET `wander_distance` = 0, `movement_type` = 2, `position_x` = -9383.01, `position_y` = 104.414, `position_z` = 59.8336 WHERE `guid` = 178448 AND `id` = 42218;

UPDATE `creature` SET `wander_distance` = 0, `movement_type` = 0, `position_x` = -9599.69, `position_y` = -850.821, `position_z` = 43.5444 WHERE `guid` IN (178789, 178792, 178795, 178791, 178794, 178788, 178790, 178793) AND `id` = 42218;
UPDATE `creature` SET `wander_distance` = 0, `movement_type` = 0, `position_x` = -9383.01, `position_y` = 104.414, `position_z` = 59.8336 WHERE `guid` IN (178445, 179869, 178449, 179871, 179874, 179873, 179877, 179876) AND `id` = 42218;

DELETE FROM `creature_addon` WHERE `guid` IN (178787, 178789, 178792, 178795, 178791, 178794, 178788, 178790, 178793,
                                              178448, 178445, 179869, 178449, 179871, 179874, 179873, 179877, 179876);
INSERT INTO `creature_addon` (`guid`,`path_id`,`mount`,`bytes1`,`bytes2`,`emote`,`auras`) VALUES
(178787, 178787, 29284, 0, 1, 0, "78855"),
(178789, 0, 29284, 0, 1, 0, "78855"),
(178792, 0, 29284, 0, 1, 0, "78855"),
(178795, 0, 29284, 0, 1, 0, "78855"),
(178791, 0, 29284, 0, 1, 0, "78855"),
(178794, 0, 29284, 0, 1, 0, "78855"),
(178788, 0, 29284, 0, 1, 0, "78855"),
(178790, 0, 29284, 0, 1, 0, "78855"),
(178793, 0, 29284, 0, 1, 0, "78855"),

(178448, 178448, 29284, 0, 1, 0, "78855"),
(178445, 0, 29284, 0, 1, 0, "78855"),
(179869, 0, 29284, 0, 1, 0, "78855"),
(178449, 0, 29284, 0, 1, 0, "78855"),
(179871, 0, 29284, 0, 1, 0, "78855"),
(179874, 0, 29284, 0, 1, 0, "78855"),
(179873, 0, 29284, 0, 1, 0, "78855"),
(179877, 0, 29284, 0, 1, 0, "78855"),
(179876, 0, 29284, 0, 1, 0, "78855");

DELETE FROM `waypoint_data` WHERE `id` IN (178787, 178789, 178792, 178795, 178791, 178794, 178788, 178790, 178793,
                                           178448, 178445, 179869, 178449, 179871, 179874, 179873, 179877, 179876);
INSERT INTO `waypoint_data` (`id`, `point`, `position_x`, `position_y`, `position_z`, `orientation`, `delay`, `move_flag`, `action`, `action_chance`, `entry`) VALUES
(178787, 1, -9599.69, -850.821, 43.5444, 0, 0, 0, 0, 100, 42218),
(178787, 2, -9588.24, -864.942, 43.7228, 0, 0, 0, 0, 100, 42218),
(178787, 3, -9582.6, -883.82, 43.8299, 0, 0, 0, 0, 100, 42218),
(178787, 4, -9581.03, -902.532, 43.6936, 0, 0, 0, 0, 100, 42218),
(178787, 5, -9583.35, -918.922, 43.7452, 0, 0, 0, 0, 100, 42218),
(178787, 6, -9588.3, -932.881, 43.4867, 0, 0, 0, 0, 100, 42218),
(178787, 7, -9603.29, -951.21, 43.8373, 0, 0, 0, 0, 100, 42218),
(178787, 8, -9615.51, -970.789, 43.569, 0, 0, 0, 0, 100, 42218),
(178787, 9, -9620.19, -988.721, 43.1439, 0, 0, 0, 0, 100, 42218),
(178787, 10, -9620.95, -999.542, 42.2882, 0, 0, 0, 0, 100, 42218),
(178787, 11, -9619.82, -982.894, 43.5259, 0, 0, 0, 0, 100, 42218),
(178787, 12, -9615.19, -968.207, 43.6481, 0, 0, 0, 0, 100, 42218),
(178787, 13, -9609.2, -957.915, 43.6405, 0, 0, 0, 0, 100, 42218),
(178787, 14, -9594.76, -939.444, 43.78, 0, 0, 0, 0, 100, 42218),
(178787, 15, -9587.18, -926.721, 43.3948, 0, 0, 0, 0, 100, 42218),
(178787, 16, -9582.71, -912.978, 43.7226, 0, 0, 0, 0, 100, 42218),
(178787, 17, -9581.16, -893.448, 43.423, 0, 0, 0, 0, 100, 42218),
(178787, 18, -9584.19, -876.811, 43.8177, 0, 0, 0, 0, 100, 42218),
(178787, 19, -9590.09, -863.866, 43.7094, 0, 0, 0, 0, 100, 42218),
(178787, 20, -9599.96, -850.428, 43.5915, 0, 0, 0, 0, 100, 42218),
(178787, 21, -9629.99, -818.932, 43.8425, 0, 0, 0, 0, 100, 42218),
(178787, 22, -9646.04, -799.35, 43.4826, 0, 0, 0, 0, 100, 42218),
(178787, 23, -9649.72, -790.901, 43.6229, 0, 0, 0, 0, 100, 42218),
(178787, 24, -9652, -770.971, 44.0047, 0, 0, 0, 0, 100, 42218),
(178787, 25, -9652.45, -759.318, 44.4417, 0, 0, 0, 0, 100, 42218),
(178787, 26, -9656.07, -740.056, 44.5474, 0, 0, 0, 0, 100, 42218),
(178787, 27, -9654.37, -721.701, 44.5719, 0, 0, 0, 0, 100, 42218),
(178787, 28, -9646.76, -690.187, 47.0927, 0, 0, 0, 0, 100, 42218),
(178787, 29, -9642.34, -664.429, 49.2252, 0, 0, 0, 0, 100, 42218),
(178787, 30, -9633.85, -649.793, 49.7451, 0, 0, 0, 0, 100, 42218),
(178787, 31, -9624.54, -633.222, 51.4311, 0, 0, 0, 0, 100, 42218),
(178787, 32, -9621.56, -618.349, 52.0303, 0, 0, 0, 0, 100, 42218),
(178787, 33, -9618.98, -570.205, 54.3546, 0, 0, 0, 0, 100, 42218),
(178787, 34, -9614.93, -542.839, 54.3399, 0, 0, 0, 0, 100, 42218),
(178787, 35, -9605.82, -524.117, 55.7588, 0, 0, 0, 0, 100, 42218),
(178787, 36, -9594.49, -505.6, 57.421, 0, 0, 0, 0, 100, 42218),
(178787, 37, -9588.86, -485.568, 57.7277, 0, 0, 0, 0, 100, 42218),
(178787, 38, -9590.32, -471.729, 57.7572, 0, 0, 0, 0, 100, 42218),
(178787, 39, -9611.19, -428.135, 57.3888, 0, 0, 0, 0, 100, 42218),
(178787, 40, -9618.03, -399.727, 57.8593, 0, 0, 0, 0, 100, 42218),
(178787, 41, -9619.88, -375.817, 57.6191, 0, 0, 0, 0, 100, 42218),
(178787, 42, -9620.29, -317.664, 57.5491, 0, 0, 0, 0, 100, 42218),
(178787, 43, -9615.45, -280.3, 57.8475, 0, 0, 0, 0, 100, 42218),
(178787, 44, -9605.82, -244.049, 57.2141, 0, 0, 0, 0, 100, 42218),
(178787, 45, -9588.13, -200.957, 57.6191, 0, 0, 0, 0, 100, 42218),
(178787, 46, -9575.05, -161.134, 57.5732, 0, 0, 0, 0, 100, 42218),
(178787, 47, -9552.48, -133.648, 57.3999, 0, 0, 0, 0, 100, 42218),
(178787, 48, -9548.82, -114.38, 57.6067, 0, 0, 0, 0, 100, 42218),
(178787, 49, -9548.03, -69.6535, 57.3625, 0, 0, 0, 0, 100, 42218),
(178787, 50, -9539.99, -35.3127, 56.4262, 0, 0, 0, 0, 100, 42218),
(178787, 51, -9497.92, 49.2135, 55.914, 0, 0, 0, 0, 100, 42218),
(178787, 52, -9506.98, 28.7376, 56.4141, 0, 0, 0, 0, 100, 42218),
(178787, 53, -9536.67, -29.7596, 55.7819, 0, 0, 0, 0, 100, 42218),
(178787, 54, -9542.28, -41.8712, 56.5395, 0, 0, 0, 0, 100, 42218),
(178787, 55, -9546.89, -63.4407, 57.0751, 0, 0, 0, 0, 100, 42218),
(178787, 56, -9549.25, -91.5616, 57.6199, 0, 0, 0, 0, 100, 42218),
(178787, 57, -9550.29, -126.391, 57.4935, 0, 0, 0, 0, 100, 42218),
(178787, 58, -9556.88, -140.982, 57.3447, 0, 0, 0, 0, 100, 42218),
(178787, 59, -9572.89, -156.212, 57.3732, 0, 0, 0, 0, 100, 42218),
(178787, 60, -9582.26, -182.315, 57.5975, 0, 0, 0, 0, 100, 42218),
(178787, 61, -9587.26, -199.332, 57.5504, 0, 0, 0, 0, 100, 42218),
(178787, 62, -9607.07, -248.701, 57.2221, 0, 0, 0, 0, 100, 42218),
(178787, 63, -9615.86, -281.367, 57.8163, 0, 0, 0, 0, 100, 42218),
(178787, 64, -9620.34, -319.485, 57.5662, 0, 0, 0, 0, 100, 42218),
(178787, 65, -9620.85, -366.85, 57.3349, 0, 0, 0, 0, 100, 42218),
(178787, 66, -9617.54, -405.323, 57.3193, 0, 0, 0, 0, 100, 42218),
(178787, 67, -9610.85, -430.099, 57.3968, 0, 0, 0, 0, 100, 42218),
(178787, 68, -9591.9, -467.184, 57.761, 0, 0, 0, 0, 100, 42218),
(178787, 69, -9589.38, -486.818, 57.7368, 0, 0, 0, 0, 100, 42218),
(178787, 70, -9595.13, -506.407, 57.4069, 0, 0, 0, 0, 100, 42218),
(178787, 71, -9611.46, -531.539, 54.7528, 0, 0, 0, 0, 100, 42218),
(178787, 72, -9615.86, -547.487, 54.3732, 0, 0, 0, 0, 100, 42218),
(178787, 73, -9621.22, -594.189, 53.3917, 0, 0, 0, 0, 100, 42218),
(178787, 74, -9623.18, -627.03, 51.6469, 0, 0, 0, 0, 100, 42218),
(178787, 75, -9630.86, -645.813, 50.4042, 0, 0, 0, 0, 100, 42218),
(178787, 76, -9642.42, -664.445, 49.2229, 0, 0, 0, 0, 100, 42218),
(178787, 77, -9649.59, -700.208, 46.1331, 0, 0, 0, 0, 100, 42218),
(178787, 78, -9655.82, -723.051, 44.5423, 0, 0, 0, 0, 100, 42218),
(178787, 79, -9656.38, -740.183, 44.5549, 0, 0, 0, 0, 100, 42218),
(178787, 80, -9651.36, -766.415, 44.1197, 0, 0, 0, 0, 100, 42218),
(178787, 81, -9650.83, -788.338, 43.8092, 0, 0, 0, 0, 100, 42218),
(178787, 82, -9641.23, -807.485, 43.6331, 0, 0, 0, 0, 100, 42218),
(178787, 83, -9633.3, -816.971, 43.8162, 0, 0, 0, 0, 100, 42218),
(178787, 84, -9621.53, -828.625, 43.6619, 0, 0, 0, 0, 100, 42218),

(178448, 1, -9383.01, 104.414, 59.8336, 0, 0, 0, 0, 100, 42218),
(178448, 2, -9368.5, 108.266, 60.847, 0, 0, 0, 0, 100, 42218),
(178448, 3, -9349.11, 116.921, 62.5884, 0, 0, 0, 0, 100, 42218),
(178448, 4, -9325.23, 131.598, 64.1205, 0, 0, 0, 0, 100, 42218),
(178448, 5, -9310.44, 140.783, 65.4548, 0, 0, 0, 0, 100, 42218),
(178448, 6, -9290.87, 149.02, 66.4885, 0, 0, 0, 0, 100, 42218),
(178448, 7, -9270.26, 151.894, 67.0837, 0, 0, 0, 0, 100, 42218),
(178448, 8, -9256.19, 157.498, 67.6996, 0, 0, 0, 0, 100, 42218),
(178448, 9, -9246.62, 165.255, 67.9183, 0, 0, 0, 0, 100, 42218),
(178448, 10, -9233.35, 184.822, 67.6321, 0, 0, 0, 0, 100, 42218),
(178448, 11, -9219.51, 202.75, 68.8622, 0, 0, 0, 0, 100, 42218),
(178448, 12, -9192.92, 229.029, 71.7499, 0, 0, 0, 0, 100, 42218),
(178448, 13, -9184.31, 246.544, 73.1934, 0, 0, 0, 0, 100, 42218),
(178448, 14, -9180.71, 263.004, 74.4242, 0, 0, 0, 0, 100, 42218),
(178448, 15, -9179.52, 281.933, 75.9409, 0, 0, 0, 0, 100, 42218),
(178448, 16, -9180.79, 313.479, 79.2692, 0, 0, 0, 0, 100, 42218),
(178448, 17, -9178.27, 330.988, 82.0722, 0, 0, 0, 0, 100, 42218),
(178448, 18, -9171.33, 344.613, 85.3042, 0, 0, 0, 0, 100, 42218),
(178448, 19, -9159.41, 358.652, 89.0692, 0, 0, 0, 0, 100, 42218),
(178448, 20, -9140.27, 378.555, 90.6682, 0, 0, 0, 0, 100, 42218),
(178448, 21, -9125.48, 390.891, 91.5189, 0, 0, 0, 0, 100, 42218),
(178448, 22, -9109.93, 402.471, 92.6044, 0, 0, 0, 0, 100, 42218),
(178448, 23, -9123.98, 392.407, 91.7277, 0, 0, 0, 0, 100, 42218),
(178448, 24, -9143.37, 375.207, 90.6907, 0, 0, 0, 0, 100, 42218),
(178448, 25, -9165.3, 350.741, 87.2025, 0, 0, 0, 0, 100, 42218),
(178448, 26, -9176.93, 333.816, 82.8446, 0, 0, 0, 0, 100, 42218),
(178448, 27, -9180.21, 319.028, 79.9468, 0, 0, 0, 0, 100, 42218),
(178448, 28, -9181.04, 302.769, 78.4457, 0, 0, 0, 0, 100, 42218),
(178448, 29, -9179.68, 269.244, 74.9092, 0, 0, 0, 0, 100, 42218),
(178448, 30, -9183.16, 250.743, 73.4896, 0, 0, 0, 0, 100, 42218),
(178448, 31, -9189.66, 233.375, 71.9653, 0, 0, 0, 0, 100, 42218),
(178448, 32, -9196.51, 224.529, 71.5633, 0, 0, 0, 0, 100, 42218),
(178448, 33, -9208.71, 213.096, 70.4991, 0, 0, 0, 0, 100, 42218),
(178448, 34, -9230.81, 188.217, 67.7736, 0, 0, 0, 0, 100, 42218),
(178448, 35, -9246.16, 165.613, 67.9092, 0, 0, 0, 0, 100, 42218),
(178448, 36, -9258.37, 155.716, 67.6081, 0, 0, 0, 0, 100, 42218),
(178448, 37, -9270.76, 151.579, 67.0683, 0, 0, 0, 0, 100, 42218),
(178448, 38, -9291.52, 148.527, 66.4542, 0, 0, 0, 0, 100, 42218),
(178448, 39, -9305.09, 143.073, 65.763, 0, 0, 0, 0, 100, 42218),
(178448, 40, -9341.06, 122.068, 63.2984, 0, 0, 0, 0, 100, 42218),
(178448, 41, -9353.72, 113.916, 62.0959, 0, 0, 0, 0, 100, 42218),
(178448, 42, -9372.01, 106.995, 60.6684, 0, 0, 0, 0, 100, 42218),
(178448, 43, -9396.75, 99.7925, 58.7783, 0, 0, 0, 0, 100, 42218),
(178448, 44, -9416.34, 86.9031, 56.9933, 0, 0, 0, 0, 100, 42218),
(178448, 45, -9435.53, 72.0034, 56.0894, 0, 0, 0, 0, 100, 42218),
(178448, 46, -9420.2, 83.8999, 56.6448, 0, 0, 0, 0, 100, 42218),
(178448, 47, -9401.91, 96.6638, 58.4878, 0, 0, 0, 0, 100, 42218);

DELETE FROM `creature_formations` WHERE `leaderGUID` IN (178787, 178448);
INSERT INTO `creature_formations` (`leaderGUID`, `memberGUID`, `dist`, `angle`, `groupAI`) VALUES
(178787, 178787, 0, 0, 2),
(178787, 178789, 3, 90, 2),
(178787, 178792, 5, 45, 2),
(178787, 178795, 8, 20, 2),
(178787, 178791, 4, 360, 2),
(178787, 178794, 8, 360, 2),
(178787, 178788, 3, 270, 2),
(178787, 178790, 5, 315, 2),
(178787, 178793, 8, 340, 2),

(178448, 178448, 0, 0, 2),
(178448, 178445, 3, 90, 2),
(178448, 179869, 5, 45, 2),
(178448, 179871, 8, 20, 2),
(178448, 179873, 4, 360, 2),
(178448, 179874, 8, 360, 2),
(178448, 178449, 3, 270, 2),
(178448, 179877, 5, 315, 2),
(178448, 179876, 8, 340, 2);

-- Brother Paxton, Stormwind Infantry
UPDATE `creature_template` SET `ScriptName` = "npc_brother_paxton" WHERE `entry` = 951;
UPDATE `creature` SET `wander_distance` = 0, `movement_type` = 2 WHERE `guid` = 177921 AND `id` = 951;
DELETE FROM `creature_template_addon` WHERE `entry` = 951;
DELETE FROM `creature_addon` WHERE `guid` = 177921;
INSERT INTO `creature_addon` (`guid`, `path_id`, `bytes2`) VALUES
(177921, 177921, 1);

DELETE FROM `waypoint_data` WHERE `id` = 177921;
INSERT INTO `waypoint_data` (`id`, `point`, `position_x`, `position_y`, `position_z`, `delay`, `entry`) VALUES
(177921, 1, -8833.074, -152.085, 80.349, 0, 951),
(177921, 2, -8830.21, -146.632, 80.5787, 0, 951),
(177921, 3, -8826.04, -146.105, 80.6188, 0, 951),
(177921, 4, -8822.08, -146.456, 80.877, 0, 951),
(177921, 5, -8817.2, -150.924, 81.5878, 0, 951),
(177921, 6, -8813.55, -153.822, 82.0283, 8000, 951),
(177921, 7, -8811.99, -159.78, 81.614, 0, 951),
(177921, 8, -8810.78, -164.51, 81.306, 0, 951),
(177921, 9, -8813.96, -163.8, 81.108, 0, 951),
(177921, 10, -8816.21, -156.19, 81.452, 0, 951),
(177921, 11, -8823.21, -151.63, 80.539, 0, 951),
(177921, 12, -8833.074, -152.085, 80.349, 0, 951),
(177921, 13, -8830.21, -146.632, 80.5787, 0, 951),
(177921, 14, -8826.04, -146.105, 80.6188, 0, 951),
(177921, 15, -8822.08, -146.456, 80.877, 8000, 951),
(177921, 16, -8817.2, -150.924, 81.5878, 0, 951),
(177921, 17, -8813.55, -153.822, 82.0283, 0, 951),
(177921, 18, -8811.99, -159.78, 81.614, 0, 951),
(177921, 19, -8810.78, -164.51, 81.306, 0, 951),
(177921, 20, -8813.96, -163.8, 81.108, 0, 951),
(177921, 21, -8816.21, -156.19, 81.452, 0, 951),
(177921, 22, -8823.21, -151.63, 80.539, 0, 951),
(177921, 23, -8833.074, -152.085, 80.349, 8000, 951),
(177921, 24, -8830.21, -146.632, 80.5787, 0, 951),
(177921, 25, -8826.04, -146.105, 80.6188, 0, 951),
(177921, 26, -8822.08, -146.456, 80.877, 0, 951),
(177921, 27, -8817.2, -150.924, 81.5878, 0, 951),
(177921, 28, -8813.55, -153.822, 82.0283, 0, 951),
(177921, 29, -8811.99, -159.78, 81.614, 0, 951),
(177921, 30, -8810.78, -164.51, 81.306, 0, 951),
(177921, 31, -8813.96, -163.8, 81.108, 0, 951),
(177921, 32, -8816.21, -156.19, 81.452, 0, 951),
(177921, 33, -8823.21, -151.63, 80.539, 0, 951),
(177921, 34, -8833.074, -152.085, 80.349, 8000, 951),
(177921, 35, -8830.21, -146.632, 80.5787, 0, 951),
(177921, 36, -8826.04, -146.105, 80.6188, 0, 951),
(177921, 37, -8822.08, -146.456, 80.877, 0, 951),
(177921, 38, -8817.2, -150.924, 81.5878, 0, 951),
(177921, 39, -8813.55, -153.822, 82.0283, 0, 951),
(177921, 40, -8811.99, -159.78, 81.614, 0, 951),
(177921, 41, -8810.78, -164.51, 81.306, 8000, 951),
(177921, 42, -8813.96, -163.8, 81.108, 0, 951),
(177921, 43, -8816.21, -156.19, 81.452, 0, 951),
(177921, 44, -8823.21, -151.63, 80.539, 0, 951),
(177921, 45, -8833.074, -152.085, 80.349, 0, 951),
(177921, 46, -8830.21, -146.632, 80.5787, 0, 951),
(177921, 47, -8826.04, -146.105, 80.6188, 0, 951),
(177921, 48, -8822.08, -146.456, 80.877, 0, 951),
(177921, 49, -8817.2, -150.924, 81.5878, 0, 951),
(177921, 50, -8813.55, -153.822, 82.0283, 0, 951),
(177921, 51, -8811.99, -159.78, 81.614, 0, 951),
(177921, 52, -8810.78, -164.51, 81.306, 8000, 951),
(177921, 53, -8813.96, -163.8, 81.108, 0, 951),
(177921, 54, -8816.21, -156.19, 81.452, 0, 951),
(177921, 55, -8823.21, -151.63, 80.539, 0, 951),
(177921, 56, -8833.074, -152.085, 80.349, 0, 951),
(177921, 57, -8830.21, -146.632, 80.5787, 0, 951),
(177921, 58, -8826.04, -146.105, 80.6188, 0, 951),
(177921, 59, -8822.08, -146.456, 80.877, 0, 951),
(177921, 60, -8817.2, -150.924, 81.5878, 0, 951),
(177921, 61, -8813.55, -153.822, 82.0283, 8000, 951),
(177921, 62, -8811.99, -159.78, 81.614, 0, 951),
(177921, 63, -8810.78, -164.51, 81.306, 8000, 951),
(177921, 64, -8813.96, -163.8, 81.108, 0, 951),
(177921, 65, -8816.21, -156.19, 81.452, 0, 951),
(177921, 66, -8823.21, -151.63, 80.539, 0, 951);

DELETE FROM `creature_text` WHERE `entry` IN (951, 49869);
INSERT INTO `creature_text` (`entry`, `text_group`, `id`, `text`, `text_female`, `type`, `language`, `probability`, `emote`, `duration`, `sound`, `comment`) VALUES
(951, 0, 0, "BY THE LIGHT BE RENEWED!", "", 12, 0, 100, 0, 0, 0, "Brother Paxton"),
(951, 0, 1, "AND I LAY MY HANDS UPON YOU!", "", 12, 0, 100, 0, 0, 0, "Brother Paxton"),
(951, 0, 2, "Let the Holy Light embrace you!", "", 12, 0, 100, 0, 0, 0, "Brother Paxton"),
(951, 1, 0, "Be healed, $gbrother:sister;!", "", 12, 0, 100, 0, 0, 0, "Brother Paxton"),
(951, 1, 1, "FIGHT ON, $GBROTHER:SISTER;!", "", 12, 0, 100, 0, 0, 0, "Brother Paxton"),

(49869, 0, 0, "HELP!", "", 12, 0, 100, 0, 0, 0, "Stormwind Infantry"),
(49869, 0, 1, "I need a heal!", "", 12, 0, 100, 0, 0, 0, "Stormwind Infantry"),
(49869, 0, 2, "I could use a heal, brother!", "", 12, 0, 100, 0, 0, 0, "Stormwind Infantry"),
(49869, 0, 3, "Make yourself useful and heal me, Paxton!", "", 12, 0, 100, 0, 0, 0, "Stormwind Infantry"),
(49869, 1, 0, "Come, monsters! We will crush you!", "", 14, 0, 15, 22, 0, 0, "Stormwind Infantry"),
(49869, 1, 1, "I'll kill a hundred more of your battle worgs!", "", 14, 0, 15, 22, 0, 0, "Stormwind Infantry"),
(49869, 1, 2, "Look alive, men! There are orcs and worgs about!", "", 14, 0, 15, 22, 0, 0, "Stormwind Infantry"),
(49869, 1, 3, "Your filthy dogs won't be enough!", "", 14, 0, 15, 22, 0, 0, "Stormwind Infantry"),
(49869, 1, 4, "Your worgs are no match for the might of Stormwind!", "", 14, 0, 15, 22, 0, 0, "Stormwind Infantry");

-- Blackrock Spy
DELETE FROM `creature_text` WHERE `entry` = 49874;
INSERT INTO `creature_text` (`entry`, `text_group`, `id`, `text`, `text_female`, `type`, `language`, `probability`, `emote`, `duration`, `sound`, `comment`) VALUES
(49874, 0, 0, "Orc KILL $r!", "Orc KILL $r!", 12, 0, 50, 0, 0, 0, "Blackrock Spy"),
(49874, 0, 1, "Blackrock take forest!", "Blackrock take forest!", 12, 0, 50, 0, 0, 0, "Blackrock Spy"),
(49874, 0, 2, "The grapes were VERY TASTY!", "The grapes were VERY TASTY!", 12, 0, 50, 0, 0, 0, "Blackrock Spy"),
(49874, 0, 3, "Beg for life!", "Beg for life!", 12, 0, 50, 0, 0, 0, "Blackrock Spy"),
(49874, 0, 4, "Eat you!", "Eat you!", 12, 0, 50, 0, 0, 0, "Blackrock Spy");

-- Blackrock Invader
UPDATE `creature_template` SET `ScriptName` = "npc_blackrock_invader" WHERE `entry` = 42937;
DELETE FROM `creature_text` WHERE `entry` = 42937;
INSERT INTO `creature_text` (`entry`, `text_group`, `id`, `text`, `text_female`, `type`, `language`, `probability`, `emote`, `duration`, `sound`, `comment`) VALUES
(42937, 0, 0, "Orc KILL $r!", "Orc KILL $r!", 12, 0, 50, 0, 0, 0, "Blackrock Invader"),
(42937, 0, 1, "Blackrock take forest!", "Blackrock take forest!", 12, 0, 50, 0, 0, 0, "Blackrock Invader"),
(42937, 0, 2, "The grapes were VERY TASTY!", "The grapes were VERY TASTY!", 12, 0, 50, 0, 0, 0, "Blackrock Invader"),
(42937, 0, 3, "Beg for life!", "Beg for life!", 12, 0, 50, 0, 0, 0, "Blackrock Invader"),
(42937, 0, 4, "Eat you!", "Eat you!", 12, 0, 50, 0, 0, 0, "Blackrock Invader");

-- Goblin Assassin
UPDATE `creature_template` SET `ScriptName` = "npc_goblin_assassin" WHERE `entry` = 50039;
DELETE FROM `creature_text` WHERE `entry` = 50039;
INSERT INTO `creature_text` (`entry`, `text_group`, `id`, `text`, `text_female`, `type`, `language`, `probability`, `emote`, `duration`, `sound`, `comment`) VALUES
(50039, 0, 0, "We'll kill anybody for the right price!", "We'll kill anybody for the right price!", 12, 0, 50, 0, 0, 0, "Goblin Assassin"),
(50039, 0, 1, "Time to join your friends, kissin' the dirt!", "Time to join your friends, kissin' the dirt!", 12, 0, 50, 0, 0, 0, "Goblin Assassin"),
(50039, 0, 2, "DIE!!!", "DIE!!!", 12, 0, 50, 0, 0, 0, "Goblin Assassin"),
(50039, 0, 3, "We're gonna burn this place to the ground!", "We're gonna burn this place to the ground!", 12, 0, 50, 0, 0, 0, "Goblin Assassin");

-- Andrew Krighton
UPDATE `creature_addon` SET `path_id` = 180224, `emote` = 0 WHERE `guid` = 180224;
UPDATE `creature` SET `position_x` = -9462.29, `position_y` = 87.8151, `position_z` = 58.4211, `orientation` = 0.733038, `wander_distance` = 0, `movement_type` = 2 WHERE `guid` = 180224;

UPDATE `creature_template` SET `AIName` = "SmartAI" WHERE `entry` = 2046;
DELETE FROM `smart_scripts` WHERE `entryorguid` = 2046 AND `source_type` = 0;
DELETE FROM `smart_scripts` WHERE `entryorguid` IN (2046*100, 2046*100+01) AND `source_type` = 9;
INSERT INTO `smart_scripts` (`entryorguid`, `source_type`, `id`, `link`, `event_type`, `event_phase_mask`, `event_chance`, `event_flags`, `event_param1`, `event_param2`, `event_param3`, `event_param4`, `action_type`, `action_param1`, `action_param2`, `action_param3`, `action_param4`, `action_param5`, `action_param6`, `target_type`, `target_param1`, `target_param2`, `target_param3`, `target_x`, `target_y`, `target_z`, `target_o`, `comment`) VALUES 
(2046, 0, 0, 0, 34, 0, 100, 0, 2, 1, 0, 0, 80, 2046*100, 0, 0, 0, 0, 0, 1, 0, 0, 0, 0, 0, 0, 0, "Andrew Krighton - On WP 1 Reached - Start Script"),
(2046, 0, 1, 0, 34, 0, 100, 0, 2, 3, 0, 0, 80, 2046*100+01, 0, 0, 0, 0, 0, 1, 0, 0, 0, 0, 0, 0, 0, "Andrew Krighton - On WP 3 Reached - Start Script"),

(2046*100, 9, 0, 0, 0, 0, 100, 0, 1000, 1000, 0, 0, 66, 0, 0, 0, 0, 0, 0, 8, 0, 0, 0, 0, 0, 0, 2.37365, "Andrew Krighton - On Script - Set Orientation (2.37365)"),
(2046*100, 9, 1, 0, 0, 0, 100, 0, 1000, 1000, 0, 0, 17, 233, 0, 0, 0, 0, 0, 1, 0, 0, 0, 0, 0, 0, 0, "Andrew Krighton - On Script - Set Emote State (233)"),
(2046*100, 9, 2, 0, 0, 0, 100, 0, 17000, 17000, 0, 0, 17, 0, 0, 0, 0, 0, 0, 1, 0, 0, 0, 0, 0, 0, 0, "Andrew Krighton - On Script - Set Emote State (0)"),

(2046*100+01, 9, 0, 0, 0, 0, 100, 0, 1000, 1000, 0, 0, 66, 0, 0, 0, 0, 0, 0, 8, 0, 0, 0, 0, 0, 0, 0.733038, "Andrew Krighton - On Script - Set Orientation (0.733038)");

DELETE FROM `waypoint_data` WHERE `id` = 180224;
INSERT INTO `waypoint_data` (`id`, `point`, `position_x`, `position_y`, `position_z`, `delay`, `entry`) VALUES
(180224, 1, -9464.05957, 88.933998, 58.3437, 0, 2046),
(180224, 2, -9464.05957, 88.933998, 58.3437, 20000, 2046),
(180224, 3, -9462.29, 87.8151, 58.4211, 0, 2046),
(180224, 4, -9462.29, 87.8151, 58.4211, 60000, 2046);

-- Corina Steele
UPDATE `creature` SET `position_x` = -9464.87, `position_y` = 93.9896, `position_z` = 58.5271, `orientation` = 0, `wander_distance` = 0, `movement_type` = 2 WHERE `guid` = 177324;

UPDATE `creature_addon` SET `path_id` = 177324 WHERE `guid` = 177324;

UPDATE `creature_template` SET `AIName` = "SmartAI" WHERE `entry` = 54;
DELETE FROM `smart_scripts` WHERE `entryorguid` = 54 AND `source_type` = 0;
DELETE FROM `smart_scripts` WHERE `entryorguid` IN (54*100, 54*100+01) AND `source_type` = 9;
INSERT INTO `smart_scripts` (`entryorguid`, `source_type`, `id`, `link`, `event_type`, `event_phase_mask`, `event_chance`, `event_flags`, `event_param1`, `event_param2`, `event_param3`, `event_param4`, `action_type`, `action_param1`, `action_param2`, `action_param3`, `action_param4`, `action_param5`, `action_param6`, `target_type`, `target_param1`, `target_param2`, `target_param3`, `target_x`, `target_y`, `target_z`, `target_o`, `comment`) VALUES 
(54, 0, 0, 0, 34, 0, 100, 0, 2, 1, 0, 0, 80, 54*100, 0, 0, 0, 0, 0, 1, 0, 0, 0, 0, 0, 0, 0, "Corina Steele - On WP 1 Reached - Start Script"),
(54, 0, 1, 0, 34, 0, 100, 0, 2, 3, 0, 0, 80, 54*100+01, 0, 0, 0, 0, 0, 1, 0, 0, 0, 0, 0, 0, 0, "Corina Steele - On WP 3 Reached - Start Script"),

(54*100, 9, 0, 0, 0, 0, 100, 0, 1000, 1000, 0, 0, 66, 0, 0, 0, 0, 0, 0, 8, 0, 0, 0, 0, 0, 0, 0.811598, "Corina Steele - On Script - Set Orientation (0.811598)"),
(54*100, 9, 1, 0, 0, 0, 100, 0, 1000, 1000, 0, 0, 17, 233, 0, 0, 0, 0, 0, 1, 0, 0, 0, 0, 0, 0, 0, "Corina Steele - On Script - Set Emote State (233)"),
(54*100, 9, 2, 0, 0, 0, 100, 0, 27000, 27000, 0, 0, 17, 0, 0, 0, 0, 0, 0, 1, 0, 0, 0, 0, 0, 0, 0, "Corina Steele - On Script - Set Emote State (0)"),

(54*100+01, 9, 0, 0, 0, 0, 100, 0, 1000, 1000, 0, 0, 66, 0, 0, 0, 0, 0, 0, 8, 0, 0, 0, 0, 0, 0, 3.124597, "Corina Steele - On Script - Set Orientation (3.124597)"),
(54*100+01, 9, 1, 0, 0, 0, 100, 0, 1000, 1000, 0, 0, 17, 69, 0, 0, 0, 0, 0, 1, 0, 0, 0, 0, 0, 0, 0, "Corina Steele - On Script - Set Emote State (69)"),
(54*100+01, 9, 2, 0, 0, 0, 100, 0, 16000, 16000, 0, 0, 17, 0, 0, 0, 0, 0, 0, 1, 0, 0, 0, 0, 0, 0, 0, "Corina Steele - On Script - Set Emote State (0)"),
(54*100+01, 9, 3, 0, 0, 0, 100, 0, 1000, 1000, 0, 0, 66, 0, 0, 0, 0, 0, 0, 8, 0, 0, 0, 0, 0, 0, 0.00000, "Corina Steele - On Script - Set Orientation (0.00000)");

DELETE FROM `waypoint_data` WHERE `id` = 177324;
INSERT INTO `waypoint_data` (`id`, `point`, `position_x`, `position_y`, `position_z`, `delay`, `entry`) VALUES
(177324, 1, -9460.31543, 101.147774, 58.344334, 0, 54),
(177324, 2, -9460.31543, 101.147774, 58.344334, 30000, 54),
(177324, 3, -9464.87, 93.9896, 58.5271, 0, 54),
(177324, 4, -9464.87, 93.9896, 58.5271, 80000, 54);

-- Lyria Du Lac & Brother Wilhelm
UPDATE `creature_template` SET `AIName` = "SmartAI" WHERE `entry` IN (913, 927);
DELETE FROM `smart_scripts` WHERE `entryorguid` IN (913, 927) AND `source_type` = 0;
INSERT INTO `smart_scripts` (`entryorguid`, `source_type`, `id`, `link`, `event_type`, `event_phase_mask`, `event_chance`, `event_flags`, `event_param1`, `event_param2`, `event_param3`, `event_param4`, `action_type`, `action_param1`, `action_param2`, `action_param3`, `action_param4`, `action_param5`, `action_param6`, `target_type`, `target_param1`, `target_param2`, `target_param3`, `target_x`, `target_y`, `target_z`, `target_o`, `comment`) VALUES
(913, 0, 0, 0, 60, 0, 100, 0, 7000, 12000, 7000, 12000, 10, 396, 273, 274, 6, 0, 0, 1, 0, 0, 0, 0, 0, 0, 0, "Lyria Du Lac - On Update - Play Random Emote (396, 273, 274, 6)"),
(927, 0, 0, 0, 60, 0, 100, 0, 7000, 12000, 7000, 12000, 10, 396, 273, 274, 6, 0, 0, 1, 0, 0, 0, 0, 0, 0, 0, "Brother Wilhelm - On Update - Play Random Emote (396, 273, 274, 6)");

-- Benjamin Foxworthy
UPDATE `creature_template_addon` SET `bytes2` = 2, `emote` = 214 WHERE `entry` = 46983;

UPDATE creature_template SET AIName = "SmartAI" WHERE entry = 46983;
DELETE FROM `smart_scripts` WHERE `entryorguid` = 46983;
INSERT INTO `smart_scripts` (`entryorguid`, `source_type`, `id`, `link`, `event_type`, `event_phase_mask`, `event_chance`, `event_flags`, `event_param1`, `event_param2`, `event_param3`, `event_param4`, `action_type`, `action_param1`, `action_param2`, `action_param3`, `action_param4`, `action_param5`, `action_param6`, `target_type`, `target_param1`, `target_param2`, `target_param3`, `target_x`, `target_y`, `target_z`, `target_o`, `comment`) VALUES
(46983, 0, 0, 0, 1, 0, 100, 0, 1, 1, 10000, 10000, 11, 45425, 0, 0, 0, 0, 0, 11, 46985, 25, 0, 0, 0, 0, 0, "Benjamin Foxworthy - OOC - Cast Spell 'Shot'");

UPDATE `creature_template` SET `flags_extra` = 128, `InhabitType` = 4 WHERE `entry` = 46985;
UPDATE `creature` SET `wander_distance` = 0, `movement_type` = 0 WHERE `guid` = 177316;

-- Tharynn Bouden & Lien Farner
UPDATE `creature_template` SET `AIName` = "SmartAI" WHERE `entry` IN (66, 47384);
DELETE FROM `smart_scripts` WHERE `entryorguid` IN (66, 47384) AND `source_type` = 0;
INSERT INTO `smart_scripts` (`entryorguid`, `source_type`, `id`, `link`, `event_type`, `event_phase_mask`, `event_chance`, `event_flags`, `event_param1`, `event_param2`, `event_param3`, `event_param4`, `action_type`, `action_param1`, `action_param2`, `action_param3`, `action_param4`, `action_param5`, `action_param6`, `target_type`, `target_param1`, `target_param2`, `target_param3`, `target_x`, `target_y`, `target_z`, `target_o`, `comment`) VALUES
(66, 0, 0, 0, 60, 0, 100, 0, 7000, 12000, 7000, 12000, 10, 396, 273, 274, 6, 0, 0, 1, 0, 0, 0, 0, 0, 0, 0, "Tharynn Bouden - On Update - Play Random Emote (396, 273, 274, 6)"),
(47384, 0, 0, 0, 60, 0, 100, 0, 7000, 12000, 7000, 12000, 10, 396, 273, 274, 6, 0, 0, 1, 0, 0, 0, 0, 0, 0, 0, "Lien Farner - On Update - Play Random Emote (396, 273, 274, 6)");

-- Blackrock Battle Worg
UPDATE `creature` SET `wander_distance` = 10, `movement_type` = 1 WHERE `id` = 49871;
DELETE FROM `creature_addon` WHERE `guid` IN (178489, 178322, 178306, 178305, 178300, 178285, 178284, 178282, 178272, 178270, 178255, 178252, 178251, 178324, 178334, 178488, 178481, 178480, 178479, 178478,
                                              178477, 178476, 178474, 178438, 178339, 178338, 178335, 178244, 178241, 178237, 178194, 178193, 178187, 178186, 178178, 178176, 178123, 178104, 178094, 178088,
                                              178080, 178063, 178198, 178200, 178209, 178235, 178232, 178287, 178222, 178221, 178219, 178218, 178217, 178212, 177968, 178214, 178216, 178225, 178486, 178487,
                                              178461, 178336);

DELETE FROM `waypoint_data` WHERE `id` IN (178225, 178486, 178487, 178461, 178336);

DELETE FROM `creature` WHERE `id` IN (113, 30, 525);
DELETE FROM `creature_template_addon` WHERE `entry` IN (113, 30, 525);
DELETE FROM `creature_addon` WHERE `guid` IN (180009, 180146, 180149, 180151, 180152, 180162, 180163, 180171, 180172, 180173,
                                              180177, 180178, 180179, 180188, 180190, 180123, 180121, 180118, 180011, 180026,
                                              180027, 180028, 180036, 180038, 180041, 180046, 180050, 180057, 180059, 180174,
                                              180083, 180117, 180192, 180196, 180197, 180367, 180373, 180399, 180419, 180421,
                                              180425, 180427, 180431, 180441, 180442, 180450, 180481, 318782, 318786, 180366,
                                              180361, 180360, 180218, 180221, 180302, 180303, 180304, 180306, 180313, 180314,
                                              180315, 180337, 180339, 180347, 180348, 180354, 318787, 177752, 179624, 179649,
                                              179666, 177704, 179668, 177702, 177634, 179706, 179715, 179718, 178454, 177628,
                                              177524, 177708, 177740, 177759, 177762, 177763, 177765, 179719, 178144, 178260,
                                              178314, 179577, 179583, 179584, 179585, 179620, 179740, 179758, 179784, 180004,
                                              179967, 179968, 84593, 179852, 179978, 179983, 84591, 179984, 179989, 179990,
                                              179991, 179993, 179998, 179964, 179963, 179801, 179667, 177460, 179800, 177326,
                                              177492, 179899, 179962, 180436, 318793, 177412, 180368, 180417, 180369, 177363,
                                              180371, 318781, 180444, 318783, 180389, 177741, 180358, 179795, 180155, 180154,
                                              180153, 179970, 180148, 180147, 179885, 179969, 180045, 177790, 180069, 180176,
                                              180312, 180300, 180299, 179622, 180202, 180195, 179669, 180187, 180175, 179992);
DELETE FROM `creature_addon` WHERE `guid` IN (180478, 177811, 178357, 178131, 178140, 179781, 179814, 179831, 179996, 180012,
                                              180025, 180051, 180055, 180370, 180385, 180400, 180448, 177808, 177796, 177783,
                                              177418, 177404, 177392, 177391, 177379, 177367, 177295, 177273, 177430, 177544,
                                              177428, 177777, 177753, 177570, 177545, 178315, 178320, 177830, 179674, 177290,
                                              177252, 179742);
DELETE FROM `creature_addon` WHERE `guid` IN (177725, 178091, 177844, 177843, 177805, 177802, 177798, 177797, 177793, 178097,
                                              178127, 178165, 178163, 178161, 178156, 178151, 178146, 178142, 178132, 177792,
                                              177791, 177760, 177756, 177755, 177748, 177747, 177746, 177744, 177742, 177769,
                                              177772, 177788, 177786, 177785, 177784, 177782, 177781, 177779, 177773, 178166,
                                              178167, 178174, 180166, 180164, 180160, 179920, 179911, 179883, 179860, 179817,
                                              180167, 180182, 180404, 180392, 180388, 180387, 180384, 180352, 180351, 180336,
                                              179765, 179714, 178298, 178289, 178228, 178213, 178197, 178191, 178180, 178177,
                                              178311, 178337, 178694, 178440, 178371, 178368, 178356, 178351, 178349, 178348,
                                              180451, 177365, 177405, 177355, 177407, 177409, 177411, 177413, 177414, 177301,
                                              177419, 177421, 177422, 177423, 177427, 177429, 177432, 177433, 177403, 177397,
                                              177373, 177374, 177378, 177364, 177362, 177382, 177383, 177384, 177385, 177386,
                                              177361, 177393, 177360, 177394, 177358, 177395, 177437, 177507, 177525, 177274,
                                              177258, 177561, 177563, 177300, 177565, 177566, 177567, 177250, 177571, 177573,
                                              177246, 177575, 177576, 177233, 177554, 177553, 177527, 177528, 177530, 177285,
                                              177538, 177542, 177543, 177546, 177547, 177549, 177551, 177283, 177548, 177289,
                                              177261, 177271, 177276, 177770, 179815, 178391, 177574, 177568, 177774, 177778,
                                              177557, 177555, 177552, 177587, 177537, 177834, 177532, 178172, 178211, 178303,
                                              178323, 177390, 178381, 177580);
DELETE FROM `waypoint_data` WHERE `id` IN (177363, 180187, 180195, 180202, 180299, 180300, 180312, 180358, 180368, 180369,
                                           180371, 180389, 180417, 180436, 180444, 318781, 318783, 180176, 180175, 180155,
                                           177412, 177741, 177790, 179622, 179669, 179795, 179885, 179969, 179970, 179992,
                                           180045, 180069, 180147, 180148, 180153, 180154, 318793);
DELETE FROM `waypoint_data` WHERE `id` IN (177252, 177290, 177830, 178315, 178320, 179674, 179742);
DELETE FROM `waypoint_data` WHERE `id` IN (177261, 177770, 177774, 177778, 177834, 178172, 178211, 178303, 178323, 178381,
                                           178391, 177587, 177580, 177574, 177271, 177276, 177289, 177390, 177532, 177537,
                                           177552, 177555, 177557, 177568, 179815);
INSERT INTO `creature` (`guid`, `id`, `map`, `spawnMask`, `phaseMask`, `equipment_id`, `position_x`, `position_y`, `position_z`, `orientation`, `spawntimesecs`, `wander_distance`, `curhealth`, `curmana`, `movement_type`) VALUES
-- Stonetusk Boar
(180009, 113, 0, 1, 1, 0, -9545.4, 4.4072, 60.651, 5.20721, 180, 15, 102, 0, 1),
(180146, 113, 0, 1, 1, 0, -9547.6, 83.9896, 59.5094, 5.09636, 180, 15, 102, 0, 1),
(180149, 113, 0, 1, 1, 0, -9548.47, 115.032, 59.1045, 3.35103, 180, 15, 102, 0, 1),
(180151, 113, 0, 1, 1, 0, -9552.61, 151.449, 59.4064, 2.34791, 180, 15, 102, 0, 1),
(180152, 113, 0, 1, 1, 0, -9529.79, 187.151, 57.8628, 2.56714, 180, 15, 102, 0, 1),
(180162, 113, 0, 1, 1, 0, -9577.93, 229.622, 51.5966, 5.46465, 180, 15, 102, 0, 1),
(180163, 113, 0, 1, 1, 0, -9685.17, 213.392, 51.2086, 2.69681, 180, 15, 102, 0, 1),
(180171, 113, 0, 1, 1, 0, -9886.71, 461.584, 37.8474, 1.17974, 180, 15, 102, 0, 1),
(180172, 113, 0, 1, 1, 0, -9792.83, 435.857, 37.9384, 4.52488, 180, 15, 102, 0, 1),
(180173, 113, 0, 1, 1, 0, -9811.97, 419.514, 36.6968, 0.911452, 180, 15, 102, 0, 1),
(180177, 113, 0, 1, 1, 0, -9814.29, 454.489, 36.4303, 5.09693, 180, 15, 102, 0, 1),
(180178, 113, 0, 1, 1, 0, -9852, 448.214, 36.5163, 0.538723, 180, 15, 102, 0, 1),
(180179, 113, 0, 1, 1, 0, -9929.22, 443.641, 34.5945, 3.4276, 180, 15, 102, 0, 1),
(180188, 113, 0, 1, 1, 0, -9881.65, 418.157, 34.8951, 4.62417, 180, 15, 102, 0, 1),
(180190, 113, 0, 1, 1, 0, -9945.1, 423.813, 34.7675, 1.22975, 180, 15, 102, 0, 1),
(180123, 113, 0, 1, 1, 0, -9926.7, 427.381, 34.7728, 2.20437, 180, 15, 102, 0, 1),
(180121, 113, 0, 1, 1, 0, -9944.8, 376.158, 34.8795, 4.60737, 180, 15, 102, 0, 1),
(180118, 113, 0, 1, 1, 0, -9910.12, 377.148, 35.1656, 2.91669, 180, 15, 102, 0, 1),
(180011, 113, 0, 1, 1, 0, -10016, 379.302, 32.8737, 5.55437, 180, 15, 102, 0, 1),
(180026, 113, 0, 1, 1, 0, -10008.5, 362.802, 33.5907, 0.910096, 180, 15, 102, 0, 1),
(180027, 113, 0, 1, 1, 0, -10018.3, 313.798, 31.4486, 3.99191, 180, 15, 102, 0, 1),
(180028, 113, 0, 1, 1, 0, -9971.3, 308.87, 35.7139, 3.46149, 180, 15, 102, 0, 1),
(180036, 113, 0, 1, 1, 0, -9821.62, 356.002, 37.7473, 2.78667, 180, 15, 102, 0, 1),
(180038, 113, 0, 1, 1, 0, -9794.95, 388.987, 39.6181, 2.51294, 180, 15, 102, 0, 1),
(180041, 113, 0, 1, 1, 0, -9759.17, 190.368, 50.8352, 1.38605, 180, 15, 102, 0, 1),
(180046, 113, 0, 1, 1, 0, -9717.87, 248.615, 49.4381, 5.23292, 180, 15, 102, 0, 1),
(180050, 113, 0, 1, 1, 0, -9907.56, 114.018, 32.4213, 5.30634, 180, 15, 102, 0, 1),
(180057, 113, 0, 1, 1, 0, -9926.4, 93.1414, 32.677, 1.9743, 180, 15, 102, 0, 1),
(180059, 113, 0, 1, 1, 0, -9933.76, 197.007, 23.3433, 0.880808, 180, 15, 102, 0, 1),
(180174, 113, 0, 1, 1, 0, -9738.29, 88.1389, 43.8449, 4.68014, 180, 15, 102, 0, 1),
(180083, 113, 0, 1, 1, 0, -9717.21, 180.171, 50.5346, 3.73231, 180, 15, 102, 0, 1),
(180117, 113, 0, 1, 1, 0, -9681.88, 85.5572, 45.7138, 4.74363, 180, 15, 102, 0, 1),
(180192, 113, 0, 1, 1, 0, -10005.3, 212.535, 30.3517, 3.29647, 180, 15, 102, 0, 1),
(180196, 113, 0, 1, 1, 0, -9989.76, 252.255, 30.8966, 1.56494, 180, 15, 102, 0, 1),
(180197, 113, 0, 1, 1, 0, -10021, 238.277, 29.5087, 4.53031, 180, 15, 102, 0, 1),
(180367, 113, 0, 1, 1, 0, -10024.6, 189.339, 29.754, 3.43305, 180, 15, 102, 0, 1),
(180373, 113, 0, 1, 1, 0, -10038.7, 223.114, 27.9143, 6.23625, 180, 15, 102, 0, 1),
(180399, 113, 0, 1, 1, 0, -10053.8, 277.949, 26.4879, 3.2434, 180, 15, 102, 0, 1),
(180419, 113, 0, 1, 1, 0, -10040.4, 161.168, 28.632, 4.28594, 180, 15, 102, 0, 1),
(180421, 113, 0, 1, 1, 0, -10067.2, 114.227, 29.9437, 5.12804, 180, 15, 102, 0, 1),
(180425, 113, 0, 1, 1, 0, -10020.8, 117.915, 33.5757, 2.59753, 180, 15, 102, 0, 1),
(180427, 113, 0, 1, 1, 0, -9984.24, 113.954, 34.1042, 3.02591, 180, 15, 102, 0, 1),
(180431, 113, 0, 1, 1, 0, -9986.97, 156.062, 34.6856, 1.2756, 180, 15, 102, 0, 1),
(180441, 113, 0, 1, 1, 0, -9942.02, 86.1381, 33.0227, 3.83789, 180, 15, 102, 0, 1),
(180442, 113, 0, 1, 1, 0, -9948.29, 112.667, 33.0901, 3.82554, 180, 15, 102, 0, 1),
(180450, 113, 0, 1, 1, 0, -9979.29, 86.038, 34.7465, 6.23044, 180, 15, 102, 0, 1),
(180481, 113, 0, 1, 1, 0, -9943.08, 46.5204, 33.1547, 4.23553, 180, 15, 102, 0, 1),
(318782, 113, 0, 1, 1, 0, -9634.27, 58.2623, 60.2921, 1.57599, 180, 15, 102, 0, 1),
(318786, 113, 0, 1, 1, 0, -9682.43, 113.513, 47.1978, 3.2208, 180, 15, 102, 0, 1),
(180366, 113, 0, 1, 1, 0, -9612.56, 17.916, 61.3788, 3.92441, 180, 15, 102, 0, 1),
(180361, 113, 0, 1, 1, 0, -9593.61, 54.719, 60.9167, 2.22424, 180, 15, 102, 0, 1),
(180360, 113, 0, 1, 1, 0, -9577.1, 124.616, 59.3955, 0.671218, 180, 15, 102, 0, 1),
-- Forest Spider
(180478, 30, 0, 1, 1, 0, -9233.27, 271.076, 72.78, 3.25266, 300, 15, 102, 0, 1),
(177811, 30, 0, 1, 1, 0, -9259.6, 444.417, 84.3847, 5.11796, 300, 15, 102, 0, 1),
(178357, 30, 0, 1, 1, 0, -9390.82, 286.729, 62.52, 1.32586, 300, 15, 102, 0, 1),
(178131, 30, 0, 1, 1, 0, -9383.82, 200.188, 61.4398, 0.546416, 300, 15, 102, 0, 1),
(178140, 30, 0, 1, 1, 0, -9483.68, 547.621, 53.2887, 0.369588, 300, 15, 102, 0, 1),
(179781, 30, 0, 1, 1, 0, -9524.25, 426.606, 53.0522, 3.66698, 300, 15, 102, 0, 1),
(179814, 30, 0, 1, 1, 0, -9538.36, 294.275, 53.4616, 1.47696, 300, 15, 102, 0, 1),
(179831, 30, 0, 1, 1, 0, -9559.39, 217.842, 56.78, 2.27546, 300, 15, 102, 0, 1),
(179996, 30, 0, 1, 1, 0, -9625.72, 209.416, 47.9853, 2.73477, 300, 15, 102, 0, 1),
(180012, 30, 0, 1, 1, 0, -9646.86, 371.204, 42.7618, 6.151, 300, 15, 102, 0, 1),
(180025, 30, 0, 1, 1, 0, -9760.26, 162.948, 53.4379, 1.60789, 300, 15, 102, 0, 1),
(180051, 30, 0, 1, 1, 0, -9714.55, 12.6503, 40.6567, 5.48121, 300, 15, 102, 0, 1),
(180055, 30, 0, 1, 1, 0, -9678.46, 120.61, 47.1912, 0.613775, 300, 15, 102, 0, 1),
(180370, 30, 0, 1, 1, 0, -9609.84, 82.4616, 61.2011, 2.50789, 300, 15, 102, 0, 1),
(180385, 30, 0, 1, 1, 0, -9636.07, 188.916, 47.5386, 0.407667, 300, 15, 102, 0, 1),
(180400, 30, 0, 1, 1, 0, -9588.36, -12.2227, 61.6865, 5.53788, 300, 15, 102, 0, 1),
-- Mangy Wolf
(177725, 525, 0, 1, 1, 0, -9553.39, -445.932, 61.0743, 3.30387, 300, 15, 102, 0, 1),
(178091, 525, 0, 1, 1, 0, -9413.56, -271.553, 66.0287, 3.94092, 300, 15, 102, 0, 1),
(177844, 525, 0, 1, 1, 0, -9517.01, -114.266, 60.8873, 2.3195, 300, 15, 102, 0, 1),
(177843, 525, 0, 1, 1, 0, -9281.85, 93.0241, 70.3287, 2.90704, 300, 15, 102, 0, 1),
(177805, 525, 0, 1, 1, 0, -9224.23, 418.613, 87.9368, 0.047608, 300, 15, 102, 0, 1),
(177802, 525, 0, 1, 1, 0, -9211.86, 49.6484, 75.5856, 1.7138, 300, 15, 102, 0, 1),
(177798, 525, 0, 1, 1, 0, -9277.91, -11.2201, 70.6536, 0.121179, 300, 15, 102, 0, 1),
(177797, 525, 0, 1, 1, 0, -9222.78, -53.9854, 73.6102, 5.97606, 300, 15, 102, 0, 1),
(177793, 525, 0, 1, 1, 0, -9285.95, 377.083, 76.1121, 0.555494, 300, 15, 102, 0, 1),
(178097, 525, 0, 1, 1, 0, -9312.85, 349.291, 68.9001, 0.755021, 300, 15, 102, 0, 1),
(178127, 525, 0, 1, 1, 0, -9347.53, 258.843, 65.4293, 0.365631, 300, 15, 102, 0, 1),
(178165, 525, 0, 1, 1, 0, -9388.39, 290.287, 62.9001, 1.95877, 300, 15, 102, 0, 1),
(178163, 525, 0, 1, 1, 0, -9356.33, 306.629, 65.9791, 2.01959, 300, 15, 102, 0, 1),
(178161, 525, 0, 1, 1, 0, -9416.54, 200.779, 60.2635, 0.633863, 300, 15, 102, 0, 1),
(178156, 525, 0, 1, 1, 0, -9379.01, 205.933, 61.7403, 4.94317, 300, 15, 102, 0, 1),
(178151, 525, 0, 1, 1, 0, -9401.29, 254.306, 61.8017, 5.7364, 300, 15, 102, 0, 1),
(178146, 525, 0, 1, 1, 0, -9405.91, 310.595, 59.3323, 2.20649, 300, 15, 102, 0, 1),
(178142, 525, 0, 1, 1, 0, -9441.37, 233.004, 59.9603, 0.430757, 300, 15, 102, 0, 1),
(178132, 525, 0, 1, 1, 0, -9386.41, 59.6187, 60.128, 2.74345, 300, 15, 102, 0, 1),
(177792, 525, 0, 1, 1, 0, -9352.68, 39.7086, 61.6442, 4.33008, 300, 15, 102, 0, 1),
(177791, 525, 0, 1, 1, 0, -9489.02, -56.6969, 60.6452, 5.34656, 300, 15, 102, 0, 1),
(177760, 525, 0, 1, 1, 0, -9484.38, 321.875, 52.4917, 6.19262, 300, 15, 102, 0, 1),
(177756, 525, 0, 1, 1, 0, -9448.6, 341.045, 54.4686, 5.63527, 300, 15, 102, 0, 1),
(177755, 525, 0, 1, 1, 0, -9383.59, 331.037, 58.9527, 3.91228, 300, 15, 102, 0, 1),
(177748, 525, 0, 1, 1, 0, -9239.91, 421.35, 87.1991, 0.125324, 300, 15, 102, 0, 1),
(177747, 525, 0, 1, 1, 0, -9538.83, 471.885, 52.6319, 1.89255, 300, 15, 102, 0, 1),
(177746, 525, 0, 1, 1, 0, -9515.82, 474.036, 52.6854, 0.317416, 300, 15, 102, 0, 1),
(177744, 525, 0, 1, 1, 0, -9506.85, 406.131, 52.3176, 3.51163, 300, 15, 102, 0, 1),
(177742, 525, 0, 1, 1, 0, -9500.23, 554.585, 51.7785, 0.273427, 300, 15, 102, 0, 1),
(177769, 525, 0, 1, 1, 0, -9502.93, 324.291, 52.2383, 0.973038, 300, 15, 102, 0, 1),
(177772, 525, 0, 1, 1, 0, -9542.45, 282.37, 53.0858, 2.62729, 300, 15, 102, 0, 1),
(177788, 525, 0, 1, 1, 0, -9560.1, 319.627, 53.0128, 3.78705, 300, 15, 102, 0, 1),
(177786, 525, 0, 1, 1, 0, -9575.73, 306.545, 54.6368, 2.4627, 300, 15, 102, 0, 1),
(177785, 525, 0, 1, 1, 0, -9643.3, 298.333, 47.5885, 6.0536, 300, 15, 102, 0, 1),
(177784, 525, 0, 1, 1, 0, -9615.15, 316.553, 45.5058, 5.38439, 300, 15, 102, 0, 1),
(177782, 525, 0, 1, 1, 0, -9643.3, 360.25, 42.9048, 2.4112, 300, 15, 102, 0, 1),
(177781, 525, 0, 1, 1, 0, -9637.91, 368.944, 42.7618, 1.46233, 300, 15, 102, 0, 1),
(177779, 525, 0, 1, 1, 0, -9686.59, 330.467, 45.9163, 1.25255, 300, 15, 102, 0, 1),
(177773, 525, 0, 1, 1, 0, -9701.68, 373.565, 41.9979, 3.41465, 300, 15, 102, 0, 1),
(178166, 525, 0, 1, 1, 0, -9691.12, 387.699, 42.0108, 5.837, 300, 15, 102, 0, 1),
(178167, 525, 0, 1, 1, 0, -9604.43, 481.71, 41.167, 1.04289, 300, 15, 102, 0, 1),
(178174, 525, 0, 1, 1, 0, -9589.67, 456.328, 40.9777, 2.3663, 300, 15, 102, 0, 1),
(180166, 525, 0, 1, 1, 0, -9609.22, 484.572, 41.4802, 5.37737, 300, 15, 102, 0, 1),
(180164, 525, 0, 1, 1, 0, -9625.81, 506.437, 41.888, 0.899895, 300, 15, 102, 0, 1),
(180160, 525, 0, 1, 1, 0, -9626.33, 520.953, 42.763, 2.79898, 300, 15, 102, 0, 1),
(179920, 525, 0, 1, 1, 0, -9611.63, 509.318, 41.8522, 3.49066, 300, 15, 102, 0, 1),
(179911, 525, 0, 1, 1, 0, -9610.75, 518.436, 42.0201, 2.80998, 300, 15, 102, 0, 1),
(179883, 525, 0, 1, 1, 0, -9659.06, 523.691, 41.0109, 2.79198, 300, 15, 102, 0, 1),
(179860, 525, 0, 1, 1, 0, -9551.24, 525.083, 50.0121, 1.74558, 300, 15, 102, 0, 1),
(179817, 525, 0, 1, 1, 0, -9611.13, 537.079, 44.1051, 1.56298, 300, 15, 102, 0, 1),
(180167, 525, 0, 1, 1, 0, -9589.72, 573.505, 49.3531, 3.39805, 300, 15, 102, 0, 1),
(180182, 525, 0, 1, 1, 0, -9658.07, 577.166, 43.0452, 3.46328, 300, 15, 102, 0, 1),
(180404, 525, 0,  1, 1, 0, -9682.65, 620.546, 39.5905, 4.14272, 300, 15, 102, 0, 1),
(180392, 525, 0, 1, 1, 0, -9687.87, 539.143, 38.716, 4.69286, 300, 15, 102, 0, 1),
(180388, 525, 0, 1, 1, 0, -9671.34, 546.917, 40.0999, 3.99928, 300, 15, 102, 0, 1),
(180387, 525, 0,  1, 1, 0, -9722.19, 717.864, 29.3523, 1.61183, 300, 15, 102, 0, 1),
(180384, 525, 0,  1, 1, 0, -9687.83, 754.702, 31.4786, 3.94633, 300, 15, 102, 0, 1),
(180352, 525, 0,  1, 1, 0, -9686.91, 764.203, 32.9384, 2.13017, 300, 15, 102, 0, 1),
(180351, 525, 0, 1, 1, 0, -9707.64, 782.041, 31.7447, 5.35258, 300, 15, 102, 0, 1),
(180336, 525, 0, 1, 1, 0, -9659.22, 792.274, 34.7735, 2.78882, 300, 15, 102, 0, 1),
(179765, 525, 0, 1, 1, 0, -9716.04, 411.349, 40.3702, 2.527, 300, 15, 102, 0, 1),
(179714, 525, 0, 1, 1, 0, -9584.75, -279.387, 62.0789, 5.06255, 300, 15, 102, 0, 1),
(178298, 525, 0, 1, 1, 0, -9552.61, -247.975, 61.863, 1.5682, 300, 15, 102, 0, 1),
(178289, 525, 0, 1, 1, 0, -9552.97, -308.507, 62.2519, 1.46203, 300, 15, 102, 0, 1),
(178228, 525, 0, 1, 1, 0, -9585.82, -411.112, 63.8551, 2.12572, 300, 15, 102, 0, 1),
(178213, 525, 0, 1, 1, 0, -9555.39, -452.731, 62.1993, 4.42545, 300, 15, 102, 0, 1),
(178197, 525, 0, 1, 1, 0, -9559.39, -382.375, 63.1188, 3.81577, 300, 15, 102, 0, 1),
(178191, 525, 0, 1, 1, 0, -9587.04, -347.399, 61.7206, 0.364979, 300, 15, 102, 0, 1),
(178180, 525, 0, 1, 1, 0, -9362.31, -425.369, 64.1048, 5.87368, 300, 15, 102, 0, 1),
(178177, 525, 0, 1, 1, 0, -9336.76, -436.052, 67.6681, 0.236456, 300, 15, 102, 0, 1),
(178311, 525, 0, 1, 1, 0, -9341.48, -490.621, 69.2226, 5.61361, 300, 15, 102, 0, 1),
(178337, 525, 0, 1, 1, 0, -9304.71, -423.768, 69.4074, 3.451, 300, 15, 102, 0, 1),
(178694, 525, 0, 1, 1, 0, -9323.21, -447.944, 68.0573, 2.38608, 300, 15, 102, 0, 1),
(178440, 525, 0, 1, 1, 0, -9362.87, -381.743, 63.8044, 4.55324, 300, 15, 102, 0, 1),
(178371, 525, 0, 1, 1, 0, -9313.87, -374.865, 68.26, 6.09652, 300, 15, 102, 0, 1),
(178368, 525, 0, 1, 1, 0, -9415.42, -271.11, 65.8178, 2.76785, 300, 15, 102, 0, 1),
(178356, 525, 0, 1, 1, 0, -9572.4, -230.681, 60.6784, 2.19925, 300, 15, 102, 0, 1),
(178351, 525, 0, 1, 1, 0, -9544.9, -189.886, 61.6624, 0.94658, 300, 15, 102, 0, 1),
(178349, 525, 0, 1, 1, 0, -9586.77, -282.395, 62.0079, 0, 300, 15, 102, 0, 1),
(178348, 525, 0, 1, 1, 0, -9513.96, -115.443, 60.4964, 5.92116, 300, 15, 102, 0, 1),
(180451, 525, 0, 1, 1, 0, -9519.17, -113.974, 60.8714, 2.97458, 300, 15, 102, 0, 1),
(177365, 525, 0, 1, 1, 0, -9518.19, -68.3636, 60.3276, 6.23641, 300, 15, 102, 0, 1),
(177405, 525, 0, 1, 1, 0, -9350.46, -186.499, 65.0208, 4.24482, 300, 15, 102, 0, 1),
(177355, 525, 0, 1, 1, 0, -9367.93, -214.926, 65.1561, 5.77753, 300, 15, 102, 0, 1),
(177407, 525, 0, 1, 1, 0, -9367.17, -212.041, 64.8336, 2.5182, 300, 15, 102, 0, 1),
(177409, 525, 0, 1, 1, 0, -9289.09, -182.752, 68.5669, 0.096395, 300, 15, 102, 0, 1),
(177411, 525, 0, 1, 1, 0, -9390.15, -282.168, 62.8373, 4.84043, 300, 15, 102, 0, 1),
(177413, 525, 0, 1, 1, 0, -9375.08, -281.941, 65.1798, 5.55154, 300, 15, 102, 0, 1),
(177414, 525, 0, 1, 1, 0, -9396.85, -272.529, 61.7762, 5.46288, 300, 15, 102, 0, 1),
(177301, 525, 0, 1, 1, 0, -9337.26, -330.813, 67.7179, 4.41076, 300, 15, 102, 0, 1);
