-- luego de la prueba ahora se colocan los items iniciales para la tienda
DELETE FROM `battle_pay_entry`;
insert  into `battle_pay_entry`(`id`,`productId`,`groupId`,`idx`,`title`,`description`,`icon`,`displayId`,`banner`,`flags`) values 
(2,83,11,0,'|cffff8000Boost 90','Level Up 90',614740,0,2,0),
(3,1,10,0,'|cff1eff00WoW Token - 01','01 point for the WoW shop',939375,0,2,0),
(4,2,10,0,'|cff0070ddWoW Token - 02','02 point for the WoW shop',939375,0,2,0),
(1,83,1,0,'|cffff8000Boost 90','Level Up 90',614740,0,3,0),
(5,3,10,0,'|cffa335eeWoW Token - 05','05 point for the WoW shop',939375,0,2,0),
(6,4,10,0,'|cffff8000WoW Token - 10','10 point for the WoW shop',939375,0,2,0),
(13,13,3,0,'|cffff8000Foror\'s Crate of Endless Resist Gear Sto','bag of 36 slot',132764,0,2,0),
(14,14,3,0,'|cffa335eeRoyal Satchel','bag of 28 slot',348521,0,2,0),
(15,15,3,0,'|cff0070ddLure Master Tackle Box','bag of 36 slot',466035,0,2,0),
(16,16,3,0,'|cff0070ddOtherworldly Bag','bag of 32 slot',348521,0,2,0),
(17,17,3,0,'|cff0070ddLuxurious Silk Gem Bag','bag of 36 slot',133655,0,2,0),
(18,18,3,0,'|cff1eff00Hyjal Expedition Bag','bag of 36 slot',348520,0,2,0),
(19,19,3,0,'|cff0070ddElementium Toolbox','bag of 36 slot',465841,0,2,0),
(20,20,3,0,'|cff0070ddRoyal Scribe\'s Satchel','bag of 36 slot',348526,0,2,0),
(21,21,3,0,'|cff0070ddTriple-Reinforced Mining Bag','bag of 36 slot',348519,0,2,0),
(22,22,3,0,'|cff0070ddMagnificent Hide Pack','bag of 36 slot',133633,0,2,0),
(23,23,3,0,'|cff0070ddIllusionary Bag','bag of 26 slot',348527,0,2,0),
(24,24,3,0,'|cff0070ddTattered Hexcloth Bag','bag of 24 slot',133645,0,2,0),
(25,25,3,0,'|cff0070ddGlacial Bag','bag of 22 slot',133666,0,2,0),
(26,26,3,0,'|cff0070ddSun Touched Satchel','bag of 20 slot',133646,0,2,0),
(27,27,3,0,'|cff0070ddBottomless Bag','bag of 18 slot',133646,0,2,0),
(28,28,3,0,'|cff1eff00Traveler\'s Backpack','bag of 16 slot',133633,0,2,0),
(29,29,3,0,'Journeyman\'s Backpack','bag of 14 slot',133629,0,2,0),
(30,30,3,0,'Large Knapsack','bag of 12 slot',133632,0,2,0),
(84,84,2,0,'|cffa335eePalomino Bridle','Terrestrial mount',132261,0,2,0),
(31,31,2,0,'|cffa335eeWhite Stallion Bridle','Terrestrial mount',132261,0,2,0),
(32,32,2,0,'|cffa335eeFrost Ram','Terrestrial mount',132248,0,2,0),
(33,33,2,0,'|cffa335eeBlack Ram','Terrestrial mount',132248,0,2,0),
(34,34,2,0,'|cffa335eeHorn of the Arctic Wolf','Terrestrial mount',132266,0,2,0),
(35,35,2,0,'|cffa335eeHorn of the Red Wolf','Terrestrial mount',132224,0,2,0),
(36,36,2,0,'|cffa335eeTeal Kodo','Terrestrial mount',132244,0,2,0),
(37,37,2,0,'|cffa335eeGreen Kodo','Terrestrial mount',132244,0,2,0),
(38,38,2,0,'|cffa335eeIcy Blue Mechanostrider Mod A','Terrestrial mount',132247,0,2,0),
(39,39,2,0,'|cffa335eeWhite Mechanostrider Mod B','Terrestrial mount',132247,0,2,0),
(40,40,2,0,'|cffa335eeReins of the Ancient Frostsaber','Terrestrial mount',132267,0,2,0),
(41,41,2,0,'|cffa335eeReins of the Nightsaber','Terrestrial mount',132267,0,2,0),
(42,42,2,0,'|cffa335eeWhistle of the Ivory Raptor','Terrestrial mount',132253,0,2,0),
(43,43,2,0,'|cffa335eeWhistle of the Mottled Red Raptor','Terrestrial mount',132253,0,2,0),
(44,44,2,0,'|cffa335eeReins of the Rusted Proto-Drake','Flying mount',294032,0,2,0),
(45,45,2,0,'|cffa335eeReins of the Ironbound Proto-Drake','Flying mount',294032,0,2,0),
(46,46,2,0,'|cffa335eeReins of the Bloodbathed Frostbrood Vanq','Flying mount',303868,0,2,0),
(47,47,2,0,'|cffa335eeReins of the Blue Drake','Flying mount',236231,0,2,0),
(48,48,2,0,'|cffa335eeReins of the Icebound Frostbrood Vanquis','Flying mount',303868,0,2,0),
(49,49,2,0,'|cffa335eeReins of the Volcanic Stone Drake','Flying mount',461142,0,2,0),
(50,50,2,0,'|cffa335eeReins of the Drake of the East Wind','Flying mount',461146,0,2,0),
(51,51,2,0,'|cffa335eeReins of the Drake of the North Wind','Flying mount',461144,0,2,0),
(52,52,2,0,'|cffa335eeReins of the Phosphorescent Stone Drake','Flying mount',461141,0,2,0),
(53,53,2,0,'|cffa335eeReins of the Vitreous Stone Drake','Flying mount',461139,0,2,0),
(54,54,2,0,'|cffa335eeReins of the Twilight Harbinger','Flying mount',236234,0,2,0),
(55,55,2,0,'|cffa335eeSwift White Hawkstrider','Terrestrial mount',132237,0,2,0),
(56,56,2,0,'|cffa335eeReins of the Raven Lord','Terrestrial mount',132372,0,2,0),
(57,57,2,0,'|cffa335eeReins of the Plagued Proto-Drake','Flying mount',236233,0,2,0),
(58,58,2,0,'|cffa335eeReins of the Blue Proto-Drake','Flying mount',236233,0,2,0),
(59,59,2,0,'|cffa335eeReins of the Black Proto-Drake','Flying mount',236233,0,2,0),
(60,60,2,0,'|cffa335eeReins of the Red Proto-Drake','Flying mount',236233,0,2,0),
(61,61,2,0,'|cffa335eeCorrupted Egg of Millagazor','Flying mount',134336,0,2,0),
(62,62,2,0,'|cffa335eeSwift Zulian Panther','Terrestrial mount',132225,0,2,0),
(63,63,2,0,'|cffa335eeFossilized Raptor','Terrestrial mount',456563,0,2,0),
(64,64,2,0,'|cffa335eeArmored Razzashi Raptor','Terrestrial mount',132253,0,2,0),
(65,65,2,0,'|cffa335eeReins of the Azure Netherwing Drake','Flying mount',132250,0,2,0),
(66,66,2,0,'|cffa335eeReins of the Cobalt Netherwing Drake','Flying mount',132250,0,2,0),
(67,67,2,0,'|cffa335eeReins of the Purple Netherwing Drake','Flying mount',132250,0,2,0),
(68,68,2,0,'|cffa335eeReins of the Onyx Netherwing Drake','Flying mount',132250,0,2,0),
(69,69,2,0,'|cffa335eeReins of the Veridian Netherwing Drake','Flying mount',132250,0,2,0),
(70,70,2,0,'|cffa335eeReins of the Violet Netherwing Drake','Flying mount',132250,0,2,0),
(71,71,2,0,'|cffa335eeDeathcharger\'s Reins','Terrestrial mount',132264,0,2,0),
(72,72,2,0,'|cffa335eeReins of the Dark War Talbuk','Terrestrial mount',134060,0,2,0),
(73,73,2,0,'|cffa335eeReins of the Dark Riding Talbuk','Terrestrial mount',134060,0,2,0),
(74,74,2,0,'|cffa335eeAmani Battle Bear','Terrestrial mount',132117,0,2,0),
(75,75,2,0,'|cffa335eeReins of the Bronze Drake','Flying mount',236232,0,2,0),
(76,76,2,0,'|cffa335eeReins of the Time-Lost Proto-Drake','Flying mount',236233,0,2,0),
(77,77,2,0,'|cffa335eeReins of the Green Proto-Drake','Flying mount',236233,0,2,0),
(78,78,2,0,'|cffa335eeVial of the Sands','Flying mount',236886,0,2,0),
(79,79,2,0,'|cffa335eeMekgineer\'s Chopper','Terrestrial mount',134248,0,2,0),
(80,80,2,0,'|cffa335eeMechano-Hog','Terrestrial mount',134240,0,2,0),
(81,81,2,0,'|cffa335eeReins of the White Polar Bear','Terrestrial mount',236245,0,2,0),
(82,82,2,0,'|cffa335eeWhistle of the Venomhide Ravasaur','Terrestrial mount',132253,0,2,0);

DELETE FROM `battle_pay_product`;
insert  into `battle_pay_product`(`id`,`title`,`description`,`icon`,`price`,`discount`,`displayId`,`type`,`choiceType`,`flags`,`flagsInfo`) values 
(83,'Boost 90','Level Up 90',614740,15,0,0,2,1,975,0),
(1,'Shop: WoW Token - 01','01 point for the WoW shop',939375,2,20,0,0,1,47,0),
(2,'Shop: WoW Token - 02','02 point for the WoW shop',939375,3,20,0,0,1,47,0),
(3,'Shop: WoW Token - 05','05 point for the WoW shop',939375,7,20,0,0,1,47,0),
(4,'Shop: WoW Token - 10','10 point for the WoW shop',939375,13,20,0,0,1,47,0),
(13,'Shop: Foror\'s Crate of Endless Resist Gear Sto','bag of 36 slot',132764,12,0,0,0,1,47,0),
(14,'Shop: Royal Satchel','bag of 28 slot',348521,9,0,0,0,1,47,0),
(15,'Shop: Lure Master Tackle Box','bag of 36 slot',466035,8,0,0,0,1,47,0),
(16,'Shop: Otherworldly Bag','bag of 32 slot',348521,8,0,0,0,1,47,0),
(17,'Shop: Luxurious Silk Gem Bag','bag of 36 slot',133655,8,0,0,0,1,47,0),
(18,'Shop: Hyjal Expedition Bag','bag of 36 slot',348520,8,0,0,0,1,47,0),
(19,'Shop: Elementium Toolbox','bag of 36 slot',465841,8,0,0,0,1,47,0),
(20,'Shop: Royal Scribe\'s Satchel','bag of 36 slot',348526,8,0,0,0,1,47,0),
(21,'Shop: Triple-Reinforced Mining Bag','bag of 36 slot',348519,8,0,0,0,1,47,0),
(22,'Shop: Magnificent Hide Pack','bag of 36 slot',133633,8,0,0,0,1,47,0),
(23,'Shop: Illusionary Bag','bag of 26 slot',348527,8,0,0,0,1,47,0),
(24,'Shop: Tattered Hexcloth Bag','bag of 24 slot',133645,7,0,0,0,1,47,0),
(25,'Shop: Glacial Bag','bag of 22 slot',133666,6,0,0,0,1,47,0),
(26,'Shop: Sun Touched Satchel','bag of 20 slot',133646,5,0,0,0,1,47,0),
(27,'Shop: Bottomless Bag','bag of 18 slot',133646,4,0,0,0,1,47,0),
(28,'Shop: Traveler\'s Backpack','bag of 16 slot',133633,3,0,0,0,1,47,0),
(29,'Shop: Journeyman\'s Backpack','bag of 14 slot',133629,2,0,0,0,1,47,0),
(30,'Shop: Large Knapsack','bag of 12 slot',133632,1,0,0,0,1,47,0),
(84,'Shop: Palomino Bridle','Terrestrial mount',132261,1,0,0,0,1,47,0),
(31,'Shop: White Stallion Bridle','Terrestrial mount',132261,1,0,0,0,1,47,0),
(32,'Shop: Frost Ram','Terrestrial mount',132248,1,0,0,0,1,47,0),
(33,'Shop: Black Ram','Terrestrial mount',132248,1,0,0,0,1,47,0),
(34,'Shop: Horn of the Arctic Wolf','Terrestrial mount',132266,1,0,0,0,1,47,0),
(35,'Shop: Horn of the Red Wolf','Terrestrial mount',132224,1,0,0,0,1,47,0),
(36,'Shop: Teal Kodo','Terrestrial mount',132244,1,0,0,0,1,47,0),
(37,'Shop: Green Kodo','Terrestrial mount',132244,1,0,0,0,1,47,0),
(38,'Shop: Icy Blue Mechanostrider Mod A','Terrestrial mount',132247,1,0,0,0,1,47,0),
(39,'Shop: White Mechanostrider Mod B','Terrestrial mount',132247,1,0,0,0,1,47,0),
(40,'Shop: Reins of the Ancient Frostsaber','Terrestrial mount',132267,1,0,0,0,1,47,0),
(41,'Shop: Reins of the Nightsaber','Terrestrial mount',132267,1,0,0,0,1,47,0),
(42,'Shop: Whistle of the Ivory Raptor','Terrestrial mount',132253,1,0,0,0,1,47,0),
(43,'Shop: Whistle of the Mottled Red Raptor','Terrestrial mount',132253,1,0,0,0,1,47,0),
(44,'Shop: Reins of the Rusted Proto-Drake','Flying mount',294032,20,0,0,0,1,47,0),
(45,'Shop: Reins of the Ironbound Proto-Drake','Flying mount',294032,20,0,0,0,1,47,0),
(46,'Shop: Reins of the Bloodbathed Frostbrood Vanq','Flying mount',303868,20,0,0,0,1,47,0),
(47,'Shop: Reins of the Blue Drake','Flying mount',236231,20,0,0,0,1,47,0),
(48,'Shop: Reins of the Icebound Frostbrood Vanquis','Flying mount',303868,20,0,0,0,1,47,0),
(49,'Shop: Reins of the Volcanic Stone Drake','Flying mount',461142,20,0,0,0,1,47,0),
(50,'Shop: Reins of the Drake of the East Wind','Flying mount',461146,20,0,0,0,1,47,0),
(51,'Shop: Reins of the Drake of the North Wind','Flying mount',461144,20,0,0,0,1,47,0),
(52,'Shop: Reins of the Phosphorescent Stone Drake','Flying mount',461141,20,0,0,0,1,47,0),
(53,'Shop: Reins of the Vitreous Stone Drake','Flying mount',461139,20,0,0,0,1,47,0),
(54,'Shop: Reins of the Twilight Harbinger','Flying mount',236234,20,0,0,0,1,47,0),
(55,'Shop: Swift White Hawkstrider','Terrestrial mount',132237,18,0,0,0,1,47,0),
(56,'Shop: Reins of the Raven Lord','Terrestrial mount',132372,18,0,0,0,1,47,0),
(57,'Shop: Reins of the Plagued Proto-Drake','Flying mount',236233,17,0,0,0,1,47,0),
(58,'Shop: Reins of the Blue Proto-Drake','Flying mount',236233,17,0,0,0,1,47,0),
(59,'Shop: Reins of the Black Proto-Drake','Flying mount',236233,17,0,0,0,1,47,0),
(60,'Shop: Reins of the Red Proto-Drake','Flying mount',236233,17,0,0,0,1,47,0),
(61,'Shop: Corrupted Egg of Millagazor','Flying mount',134336,17,0,0,0,1,47,0),
(62,'Shop: Swift Zulian Panther','Terrestrial mount',132225,15,0,0,0,1,47,0),
(63,'Shop: Fossilized Raptor','Terrestrial mount',456563,15,0,0,0,1,47,0),
(64,'Shop: Armored Razzashi Raptor','Terrestrial mount',132253,15,0,0,0,1,47,0),
(65,'Shop: Reins of the Azure Netherwing Drake','Flying mount',132250,9,0,0,0,1,47,0),
(66,'Shop: Reins of the Cobalt Netherwing Drake','Flying mount',132250,9,0,0,0,1,47,0),
(67,'Shop: Reins of the Purple Netherwing Drake','Flying mount',132250,9,0,0,0,1,47,0),
(68,'Shop: Reins of the Onyx Netherwing Drake','Flying mount',132250,9,0,0,0,1,47,0),
(69,'Shop: Reins of the Veridian Netherwing Drake','Flying mount',132250,9,0,0,0,1,47,0),
(70,'Shop: Reins of the Violet Netherwing Drake','Flying mount',132250,9,0,0,0,1,47,0),
(71,'Shop: Deathcharger\'s Reins','Terrestrial mount',132264,7,0,0,0,1,47,0),
(72,'Shop: Reins of the Dark War Talbuk','Terrestrial mount',134060,7,0,0,0,1,47,0),
(73,'Shop: Reins of the Dark Riding Talbuk','Terrestrial mount',134060,7,0,0,0,1,47,0),
(74,'Shop: Amani Battle Bear','Terrestrial mount',132117,7,0,0,0,1,47,0),
(75,'Shop: Reins of the Bronze Drake','Flying mount',236232,5,0,0,0,1,47,0),
(76,'Shop: Reins of the Time-Lost Proto-Drake','Flying mount',236233,5,0,0,0,1,47,0),
(77,'Shop: Reins of the Green Proto-Drake','Flying mount',236233,5,0,0,0,1,47,0),
(78,'Shop: Vial of the Sands','Flying mount',236886,5,0,0,0,1,47,0),
(79,'Shop: Mekgineer\'s Chopper','Terrestrial mount',134248,4,0,0,0,1,47,0),
(80,'Shop: Mechano-Hog','Terrestrial mount',134240,4,0,0,0,1,47,0),
(81,'Shop: Reins of the White Polar Bear','Terrestrial mount',236245,4,0,0,0,1,47,0),
(82,'Shop: Whistle of the Venomhide Ravasaur','Terrestrial mount',132253,4,0,0,0,1,47,0);

DELETE FROM `battle_pay_product_items`;
insert  into `battle_pay_product_items`(`id`,`itemId`,`count`,`productId`) values 
(13,23162,1,13),
(83,17,1,83),
(21,70137,1,21),
(20,70136,1,20),
(19,60217,1,19),
(18,54446,1,18),
(17,70138,1,17),
(16,54445,1,16),
(15,60218,1,15),
(14,82446,1,14),
(1,110001,1,1),
(2,110002,1,2),
(3,110003,1,3),
(4,110004,1,4),
(22,95536,1,22),
(23,54444,1,23),
(24,69748,1,24),
(25,41600,1,25),
(26,35516,1,26),
(27,14156,1,27),
(28,4500,1,28),
(29,3914,1,29),
(30,1725,1,30),
(84,12354,1,84),
(82,46102,1,82),
(81,43962,1,81),
(80,41508,1,80),
(79,44413,1,79),
(78,65891,1,78),
(77,44707,1,77),
(76,44168,1,76),
(75,43951,1,75),
(74,69747,1,74),
(73,28915,1,73),
(72,29228,1,72),
(71,13335,1,71),
(70,32862,1,70),
(69,32861,1,69),
(68,32857,1,68),
(67,32860,1,67),
(66,32859,1,66),
(65,32858,1,65),
(64,68823,1,64),
(63,60954,1,63),
(62,68824,1,62),
(61,69230,1,61),
(60,44160,1,60),
(59,44164,1,59),
(58,44151,1,58),
(57,44175,1,57),
(56,32768,1,56),
(55,35513,1,55),
(54,77068,1,54),
(53,63043,1,53),
(52,63042,1,52),
(51,63040,1,51),
(50,62901,1,50),
(49,62900,1,49),
(48,51955,1,48),
(47,43953,1,47),
(46,51954,1,46),
(45,45801,1,45),
(44,45802,1,44),
(43,8586,1,43),
(42,13317,1,42),
(41,12303,1,41),
(40,12302,1,40),
(39,13326,1,39),
(38,13327,1,38),
(37,15292,1,37),
(36,15293,1,36),
(35,12330,1,35),
(34,12351,1,34),
(33,13328,1,33),
(32,13329,1,32),
(31,12353,1,31);

-- las traducciones quedan pendientes
DELETE FROM `locales_battle_pay_product`;
DELETE FROM `locales_battle_pay_entry`;
