DELETE FROM `creature_sparring_template` WHERE `creature_id` IN (56241, 65473);
INSERT INTO `creature_sparring_template`(`creature_id`, `health_limit_pct`, `comment`) VALUES
(56241,90,"Dai-Lo Farmer"),
(65473,90,"Dai-Lo Farmer");

-- Plump Virmen
UPDATE `creature` SET `spawntimesecs` = 120 WHERE `id` = 55483;
UPDATE `creature` SET `position_x` = 410.6007, `position_y` = 3280.669, `position_z` = 73.51308, `orientation` = 4.258604, `wander_distance` = 0, `movement_type` = 2 WHERE `guid` = 563648;
UPDATE `creature` SET `position_x` = 367.1932, `position_y` = 3327.363, `position_z` = 71.80902, `orientation` = 1.213338, `wander_distance` = 0, `movement_type` = 2 WHERE `guid` = 563644;
UPDATE `creature` SET `position_x` = 323.066, `position_y` = 3286.309, `position_z` = 73.87307, `orientation` = 4.769159, `wander_distance` = 0, `movement_type` = 2 WHERE `guid` = 562695;
UPDATE `creature` SET `wander_distance` = 0, `movement_type` = 2 WHERE `guid` IN (562595, 562703, 562701, 562702, 562673, 562608, 562577, 562592, 562640, 563645, 562605, 562727, 562586, 562618,
                                                                                  562724, 562674, 562661, 562663, 562730, 563646, 563647, 563630, 562655);

DELETE FROM `creature_addon` WHERE `guid` IN (562595, 562703, 562701, 562702, 563648, 562673, 562608, 562577, 562592, 562640, 563645, 562605, 562727, 562586, 562618,
                                              562724, 562674, 562661, 562663, 562730, 563646, 563647, 563630, 562655, 563644, 562695);
INSERT INTO `creature_addon` (`guid`, `path_id`, `bytes2`) VALUES
(562595, 562595, 1),
(562703, 562703, 1),
(562701, 562701, 1),
(562702, 562702, 1),
(563648, 563648, 1),
(562673, 562673, 1),
(562608, 562608, 1),
(562577, 562577, 1),
(562592, 562592, 1),
(562640, 562640, 1),
(563645, 563645, 1),
(562605, 562605, 1),
(562727, 562727, 1),
(562586, 562586, 1),
(562618, 562618, 1),
(562724, 562724, 1),
(562674, 562674, 1),
(562661, 562661, 1),
(562663, 562663, 1),
(562730, 562730, 1),
(563646, 563646, 1),
(563647, 563647, 1),
(563630, 563630, 1),
(562655, 562655, 1),
(563644, 563644, 1),
(562695, 562695, 1);

DELETE FROM `waypoint_data` WHERE `id` IN (562595, 562703, 562701, 562702, 563648, 562673, 562608, 562577, 562592, 562640, 563645, 562605, 562727, 562586, 562618,
                                           562724, 562674, 562661, 562663, 562730, 563646, 563647, 563630, 562655, 563644, 562695);
INSERT INTO `waypoint_data` (`id`, `point`, `position_x`, `position_y`, `position_z`, `orientation`, `delay`, `move_flag`, `action`, `action_chance`, `wpguid`, `entry`) VALUES
(562595, 1, 500.9167, 3112.524, 79.83317, 0, 0, 0, 0, 100, 0, 55483),
(562595, 2, 506.3889, 3122.113, 79.83317, 0, 0, 0, 0, 100, 0, 55483),
(562595, 3, 515.125, 3132.822, 79.95817, 0, 1000, 0, 0, 100, 0, 55483),
(562595, 4, 506.3889, 3122.113, 79.83317, 0, 0, 0, 0, 100, 0, 55483),
(562595, 5, 500.9167, 3112.524, 79.83317, 0, 0, 0, 0, 100, 0, 55483),
(562595, 6, 498.7865, 3098.034, 79.9416, 0, 0, 0, 0, 100, 0, 55483),
(562595, 7, 494.0226, 3085.781, 80.0666, 0, 0, 0, 0, 100, 0, 55483),
(562595, 8, 493.2778, 3077.617, 80.1916, 0, 1000, 0, 0, 100, 0, 55483),
(562595, 9, 494.0226, 3085.781, 80.0666, 0, 0, 0, 0, 100, 0, 55483),
(562595, 10, 498.7865, 3098.034, 79.9416, 0, 0, 0, 0, 100, 0, 55483),

(562703, 1, 473.059, 3106.315, 75.27119, 0, 0, 0, 0, 100, 0, 55483),
(562703, 2, 464.809, 3107.2, 75.09504, 0, 0, 0, 0, 100, 0, 55483),
(562703, 3, 459.974, 3107.348, 75.11286, 0, 0, 0, 0, 100, 0, 55483),
(562703, 4, 457.9115, 3100.873, 75.03168, 0, 0, 0, 0, 100, 0, 55483),
(562703, 5, 458.559, 3093.456, 74.91865, 0, 0, 0, 0, 100, 0, 55483),
(562703, 6, 464.6945, 3092.472, 74.9604, 0, 0, 0, 0, 100, 0, 55483),
(562703, 7, 469.191, 3094.324, 75.18208, 0, 0, 0, 0, 100, 0, 55483),
(562703, 8, 473.6042, 3101.397, 75.3166, 0, 0, 0, 0, 100, 0, 55483),

(562701, 1, 449.6979, 3174.228, 75.67666, 0, 0, 0, 0, 100, 0, 55483),
(562701, 2, 448.0174, 3175.792, 75.80166, 0, 0, 0, 0, 100, 0, 55483),
(562701, 3, 444.566, 3173.079, 75.67666, 0, 0, 0, 0, 100, 0, 55483),
(562701, 4, 442.1945, 3169.615, 75.67666, 0, 0, 0, 0, 100, 0, 55483),
(562701, 5, 442.092, 3163.523, 75.58191, 0, 0, 0, 0, 100, 0, 55483),
(562701, 6, 444.1615, 3158.99, 75.58191, 0, 0, 0, 0, 100, 0, 55483),
(562701, 7, 447.4948, 3158.328, 75.52002, 0, 0, 0, 0, 100, 0, 55483),
(562701, 8, 447.0243, 3164.887, 75.58191, 0, 0, 0, 0, 100, 0, 55483),
(562701, 9, 447.9896, 3169.04, 75.67666, 0, 0, 0, 0, 100, 0, 55483),

(562702, 1, 440.526, 3094.747, 77.47565, 0, 0, 0, 0, 100, 0, 55483),
(562702, 2, 429.6979, 3096.997, 77.18699, 0, 0, 0, 0, 100, 0, 55483),
(562702, 3, 429.8333, 3103.462, 77.27752, 0, 0, 0, 0, 100, 0, 55483),
(562702, 4, 435.4601, 3108.276, 77.30585, 0, 0, 0, 0, 100, 0, 55483),
(562702, 5, 444.3871, 3107.135, 77.40473, 0, 0, 0, 0, 100, 0, 55483),
(562702, 6, 447.0469, 3103.543, 77.09785, 0, 0, 0, 0, 100, 0, 55483),
(562702, 7, 445.4965, 3095.542, 77.14668, 0, 0, 0, 0, 100, 0, 55483),

(563648, 1, 387.5642, 3281.917, 73.29337, 0, 0, 1, 0, 100, 0, 55483),
(563648, 2, 380.882, 3286.484, 73.22781, 0.9424778, 4000, 1, 0, 100, 0, 55483),
(563648, 3, 385.4844, 3268.638, 74.68997, 0, 0, 1, 0, 100, 0, 55483),
(563648, 4, 389.3073, 3263.391, 75.29433, 5.846853, 4000, 1, 0, 100, 0, 55483),
(563648, 5, 396.3368, 3282.665, 73.18607, 0, 0, 1, 0, 100, 0, 55483),
(563648, 6, 405.2986, 3284.184, 73.29616, 0, 0, 1, 0, 100, 0, 55483),
(563648, 7, 410.6007, 3280.669, 73.51308, 4.258604, 4000, 1, 0, 100, 0, 55483),

(562673, 1, 388.8125, 3157.27, 70.95338, 0, 0, 0, 0, 100, 0, 55483),
(562673, 2, 384.9132, 3162.079, 70.594, 0, 0, 0, 0, 100, 0, 55483),
(562673, 3, 377.9722, 3163.26, 70.37366, 0, 0, 0, 0, 100, 0, 55483),
(562673, 4, 373.3715, 3157.539, 70.35023, 0, 0, 0, 0, 100, 0, 55483),
(562673, 5, 372.651, 3150.938, 70.1692, 0, 0, 0, 0, 100, 0, 55483),
(562673, 6, 374.4392, 3143.266, 70.10303, 0, 0, 0, 0, 100, 0, 55483),
(562673, 7, 381.3229, 3146.277, 71.09901, 0, 0, 0, 0, 100, 0, 55483),
(562673, 8, 387.4375, 3151.354, 71.30311, 0, 0, 0, 0, 100, 0, 55483),

(562608, 1, 464.1806, 3069.09, 75.66865, 0, 1000, 0, 0, 100, 0, 55483),
(562608, 2, 452.559, 3068.431, 75.66865, 0, 0, 0, 0, 100, 0, 55483),
(562608, 3, 439.7257, 3069.273, 75.62312, 0, 0, 0, 0, 100, 0, 55483),
(562608, 4, 426.6059, 3071.281, 75.56077, 0, 0, 0, 0, 100, 0, 55483),
(562608, 5, 415.9306, 3071.176, 75.56077, 0, 1000, 0, 0, 100, 0, 55483),
(562608, 6, 426.6059, 3071.281, 75.56077, 0, 0, 0, 0, 100, 0, 55483),
(562608, 7, 439.7257, 3069.273, 75.62312, 0, 0, 0, 0, 100, 0, 55483),
(562608, 8, 452.559, 3068.431, 75.66865, 0, 0, 0, 0, 100, 0, 55483),

(562577, 1, 472.4323, 3043.867, 69.84633, 0, 0, 0, 0, 100, 0, 55483),
(562577, 2, 473.934, 3038.083, 69.9883, 4.101524, 4000, 0, 0, 100, 0, 55483),
(562577, 3, 469.691, 3047.639, 69.96828, 0, 0, 0, 0, 100, 0, 55483),
(562577, 4, 464.6458, 3049.901, 69.87754, 3.228859, 4000, 0, 0, 100, 0, 55483),

(562592, 1, 558.2743, 3054.667, 80.44264, 0, 0, 0, 0, 100, 0, 55483),
(562592, 2, 551.6563, 3056.492, 80.31764, 0, 0, 0, 0, 100, 0, 55483),
(562592, 3, 545.6077, 3052.431, 80.19264, 0, 0, 0, 0, 100, 0, 55483),
(562592, 4, 543.8055, 3045.939, 80.19264, 0, 0, 0, 0, 100, 0, 55483),
(562592, 5, 548.4722, 3040.293, 80.06764, 0, 0, 0, 0, 100, 0, 55483),
(562592, 6, 555.2309, 3037.478, 80.19264, 0, 0, 0, 0, 100, 0, 55483),
(562592, 7, 562.118, 3040.674, 80.31764, 0, 0, 0, 0, 100, 0, 55483),
(562592, 8, 564.3958, 3045.758, 80.49611, 0, 0, 0, 0, 100, 0, 55483),
(562592, 9, 563.1163, 3050.092, 80.51613, 0, 0, 0, 0, 100, 0, 55483),

(562640, 1, 469.526, 2994.882, 70.60343, 0, 0, 0, 0, 100, 0, 55483),
(562640, 2, 467.1528, 2999.224, 70.68107, 0, 0, 0, 0, 100, 0, 55483),
(562640, 3, 464.4288, 3003.859, 70.45284, 0, 0, 0, 0, 100, 0, 55483),
(562640, 4, 456.9479, 3001.788, 70.46981, 0, 0, 0, 0, 100, 0, 55483),
(562640, 5, 457.1406, 2995.359, 70.91563, 0, 0, 0, 0, 100, 0, 55483),
(562640, 6, 457.8246, 2984.767, 71.00181, 0, 0, 0, 0, 100, 0, 55483),
(562640, 7, 459.8438, 2980.103, 70.68284, 0, 0, 0, 0, 100, 0, 55483),
(562640, 8, 469.007, 2982.2, 70.3848, 0, 0, 0, 0, 100, 0, 55483),
(562640, 9, 472.4445, 2989.56, 70.4268, 0, 0, 0, 0, 100, 0, 55483),

(563645, 1, 509.757, 2897.378, 76.69012, 2.129302, 0, 0, 0, 100, 0, 55483),
(563645, 2, 509.757, 2897.378, 76.69012, 2.129302, 4000, 1, 0, 100, 0, 55483),
(563645, 3, 495.2986, 2895.148, 75.69424, 2.879793, 5000, 1, 0, 100, 0, 55483),
(563645, 4, 508.1719, 2906.806, 76.54586, 0, 0, 1, 0, 100, 0, 55483),
(563645, 5, 514.9323, 2904.929, 76.2629, 3.839724, 5000, 1, 0, 100, 0, 55483),

(562605, 1, 398.9896, 2985.709, 64.09676, 0, 0, 0, 0, 100, 0, 55483),
(562605, 2, 397.7691, 2979.278, 64.79182, 0, 0, 0, 0, 100, 0, 55483),
(562605, 3, 396.2257, 2973.277, 64.77266, 0, 0, 0, 0, 100, 0, 55483),
(562605, 4, 392.0625, 2971.245, 64.13875, 0, 0, 0, 0, 100, 0, 55483),
(562605, 5, 388.3629, 2974.976, 63.74911, 0, 0, 0, 0, 100, 0, 55483),
(562605, 6, 388.9931, 2980.297, 64.1584, 0, 0, 0, 0, 100, 0, 55483),
(562605, 7, 392.2066, 2983.156, 64.25301, 0, 0, 0, 0, 100, 0, 55483),
(562605, 8, 395.5573, 2990.332, 63.51448, 0, 0, 0, 0, 100, 0, 55483),
(562605, 9, 398.875, 2990.142, 63.41219, 0, 0, 0, 0, 100, 0, 55483),

(562727, 1, 390.3316, 3024.064, 63.18226, 0, 0, 0, 0, 100, 0, 55483),
(562727, 2, 384.7743, 3027.293, 63.24256, 0, 0, 0, 0, 100, 0, 55483),
(562727, 3, 377.3073, 3027.199, 62.99427, 0, 0, 0, 0, 100, 0, 55483),
(562727, 4, 376.9132, 3023.445, 62.36634, 0, 0, 0, 0, 100, 0, 55483),
(562727, 5, 381.9688, 3017.562, 62.54237, 0, 0, 0, 0, 100, 0, 55483),
(562727, 6, 385.6806, 3016.193, 62.90491, 0, 0, 0, 0, 100, 0, 55483),
(562727, 7, 391.8889, 3017.825, 63.02991, 0, 0, 0, 0, 100, 0, 55483),
(562727, 8, 391.9757, 3021.008, 63.15491, 0, 0, 0, 0, 100, 0, 55483),

(562586, 1, 530.0104, 3099.78, 79.69037, 0, 0, 0, 0, 100, 0, 55483),
(562586, 2, 535.6545, 3100.235, 79.70892, 0, 0, 0, 0, 100, 0, 55483),
(562586, 3, 543.8524, 3104.133, 79.95892, 0, 0, 0, 0, 100, 0, 55483),
(562586, 4, 545.6511, 3110.635, 79.95892, 0, 0, 0, 0, 100, 0, 55483),
(562586, 5, 543.4896, 3115.697, 79.95892, 0, 0, 0, 0, 100, 0, 55483),
(562586, 6, 537.8577, 3118.82, 79.81427, 0, 0, 0, 0, 100, 0, 55483),
(562586, 7, 528.5469, 3117.728, 79.52299, 0, 0, 0, 0, 100, 0, 55483),
(562586, 8, 525.1614, 3111.839, 79.45817, 0, 0, 0, 0, 100, 0, 55483),
(562586, 9, 521.2899, 3107.647, 79.58317, 0, 0, 0, 0, 100, 0, 55483),
(562586, 10, 521.9167, 3099.906, 79.76422, 0, 0, 0, 0, 100, 0, 55483),

(562618, 1, 518.1302, 3011.305, 74.72034, 0, 0, 0, 0, 100, 0, 55483),
(562618, 2, 515.5955, 3008.221, 74.48548, 0, 0, 0, 0, 100, 0, 55483),
(562618, 3, 516.309, 3001.037, 74.10084, 0, 0, 0, 0, 100, 0, 55483),
(562618, 4, 515.3489, 2992.095, 74.70626, 0, 0, 0, 0, 100, 0, 55483),
(562618, 5, 519.0886, 2988.883, 74.97469, 0, 0, 0, 0, 100, 0, 55483),
(562618, 6, 524.6007, 2990.772, 74.90926, 0, 0, 0, 0, 100, 0, 55483),
(562618, 7, 528.2239, 2995.833, 74.61166, 0, 0, 0, 0, 100, 0, 55483),
(562618, 8, 533.3958, 3000.993, 74.60734, 0, 0, 0, 0, 100, 0, 55483),
(562618, 9, 534.8212, 3008.246, 74.95524, 0, 0, 0, 0, 100, 0, 55483),
(562618, 10, 530.842, 3013.438, 75.04542, 0, 0, 0, 0, 100, 0, 55483),
(562618, 11, 526.2934, 3013.661, 74.82227, 0, 0, 0, 0, 100, 0, 55483),

(562724, 1, 376.9045, 3078.674, 69.58212, 0, 0, 0, 0, 100, 0, 55483),
(562724, 2, 376.9045, 3078.674, 69.58212, 0.4712389, 5000, 0, 0, 100, 0, 55483),
(562724, 3, 363.0781, 3078.563, 69.58601, 0, 0, 0, 0, 100, 0, 55483),
(562724, 4, 358.1111, 3082.212, 69.21101, 1.867502, 5000, 0, 0, 100, 0, 55483),
(562724, 5, 371.566, 3076.871, 69.82064, 0, 0, 0, 0, 100, 0, 55483),

(562674, 1, 332.9097, 3083.4, 62.74874, 0, 0, 0, 0, 100, 0, 55483),
(562674, 2, 330.6493, 3076.489, 62.49874, 0, 0, 0, 0, 100, 0, 55483),
(562674, 3, 324.6285, 3075.667, 62.51668, 0, 0, 0, 0, 100, 0, 55483),
(562674, 4, 319.0538, 3079.105, 62.29268, 0, 0, 0, 0, 100, 0, 55483),
(562674, 5, 315.1545, 3083.75, 62.10482, 0, 1000, 0, 0, 100, 0, 55483),
(562674, 6, 319.0538, 3079.105, 62.29268, 0, 0, 0, 0, 100, 0, 55483),
(562674, 7, 324.6285, 3075.667, 62.51668, 0, 0, 0, 0, 100, 0, 55483),
(562674, 8, 330.6493, 3076.489, 62.49874, 0, 0, 0, 0, 100, 0, 55483),
(562674, 9, 332.9097, 3083.4, 62.74874, 0, 0, 0, 0, 100, 0, 55483),
(562674, 10, 331.8542, 3093.378, 63.20089, 0, 1000, 0, 0, 100, 0, 55483),

(562661, 1, 349.0347, 3159.946, 63.12917, 0, 0, 0, 0, 100, 0, 55483),
(562661, 2, 342.1163, 3155.566, 63.57595, 0, 0, 0, 0, 100, 0, 55483),
(562661, 3, 340.4618, 3152.135, 63.70095, 0, 0, 0, 0, 100, 0, 55483),
(562661, 4, 343.4705, 3148.309, 63.42202, 0, 0, 0, 0, 100, 0, 55483),
(562661, 5, 348.4913, 3147.458, 62.94436, 0, 0, 0, 0, 100, 0, 55483),
(562661, 6, 349.4549, 3153.365, 62.82888, 0, 0, 0, 0, 100, 0, 55483),

(562663, 1, 341.6788, 3175.441, 62.83428, 0, 0, 0, 0, 100, 0, 55483),
(562663, 2, 335.7778, 3173.89, 62.57476, 2.129302, 4000, 0, 0, 100, 0, 55483),
(562663, 3, 347.4045, 3179.364, 62.7387, 0, 0, 0, 0, 100, 0, 55483),
(562663, 4, 353.4236, 3180.273, 62.75445, 4.729842, 4000, 0, 0, 100, 0, 55483),

(562730, 1, 500.1076, 3161.371, 74.35088, 0, 0, 0, 0, 100, 0, 55483),
(562730, 2, 501.7917, 3166.227, 74.60491, 0, 0, 0, 0, 100, 0, 55483),
(562730, 3, 498.2049, 3171.723, 74.50964, 0, 0, 0, 0, 100, 0, 55483),
(562730, 4, 488.908, 3171.497, 73.98266, 0, 0, 0, 0, 100, 0, 55483),
(562730, 5, 479.1458, 3171.595, 74.6195, 0, 0, 0, 0, 100, 0, 55483),
(562730, 6, 475.1719, 3161.497, 74.28428, 0, 0, 0, 0, 100, 0, 55483),
(562730, 7, 474.4549, 3149.972, 74.56113, 0, 0, 0, 0, 100, 0, 55483),
(562730, 8, 477.8316, 3145.616, 74.70591, 0, 0, 0, 0, 100, 0, 55483),
(562730, 9, 484.5781, 3146.231, 74.3823, 0, 0, 0, 0, 100, 0, 55483),
(562730, 10, 488.2604, 3152.07, 73.86741, 0, 0, 0, 0, 100, 0, 55483),
(562730, 11, 492.7413, 3156.657, 73.82261, 0, 0, 0, 0, 100, 0, 55483),

(563646, 1, 557.0364, 2898.634, 78.01105, 0, 0, 0, 0, 100, 0, 55483),
(563646, 2, 557.0364, 2898.634, 78.01105, 0.2792527, 5000, 1, 0, 100, 0, 55483),
(563646, 3, 556.8785, 2882.924, 77.16058, 0, 0, 1, 0, 100, 0, 55483),
(563646, 4, 554.3351, 2878.627, 77.71576, 0, 4000, 1, 0, 100, 0, 55483),
(563646, 5, 545.3125, 2888.021, 77.04828, 3.543018, 4000, 1, 0, 100, 0, 55483),

(563647, 1, 524.1389, 2874.271, 79.91058, 0, 0, 0, 0, 100, 0, 55483),
(563647, 2, 524.1389, 2874.271, 79.91058, 5.5676, 4000, 1, 0, 100, 0, 55483),
(563647, 3, 541.2674, 2881.359, 77.06317, 0, 5000, 1, 0, 100, 0, 55483),
(563647, 4, 531.9219, 2870.245, 79.65813, 2.373648, 4000, 1, 0, 100, 0, 55483),
(563647, 5, 520.2031, 2870.776, 79.67913, 0, 0, 1, 0, 100, 0, 55483),

(563630, 1, 584.6424, 3069.675, 80.12199, 0, 0, 0, 0, 100, 0, 55483),
(563630, 2, 578.566, 3071.234, 80.1038, 0, 0, 0, 0, 100, 0, 55483),
(563630, 3, 573.2813, 3068.853, 80.3538, 3.804818, 5000, 0, 0, 100, 0, 55483),
(563630, 4, 585.6441, 3069.095, 80.17265, 0, 0, 0, 0, 100, 0, 55483),
(563630, 5, 589.0712, 3064.247, 80.06686, 0, 0, 0, 0, 100, 0, 55483),
(563630, 6, 590.0677, 3059.398, 80.19284, 3.996804, 5000, 0, 0, 100, 0, 55483),

(562655, 1, 353.7743, 3290.809, 72.70367, 0, 0, 1, 0, 100, 0, 55483),
(562655, 2, 362.2604, 3290.896, 73.11126, 0, 0, 1, 0, 100, 0, 55483),
(562655, 3, 370.2222, 3286.266, 74.10025, 0, 0, 1, 0, 100, 0, 55483),
(562655, 4, 368.5781, 3280.94, 75.2261, 2.949606, 5000, 1, 0, 100, 0, 55483),
(562655, 5, 370.5278, 3259.163, 75.44081, 0, 4000, 1, 0, 100, 0, 55483),
(562655, 6, 351.4983, 3254.48, 75.36993, 0, 5000, 1, 0, 100, 0, 55483),
(562655, 7, 348.0017, 3275.332, 73.9052, 0, 0, 1, 0, 100, 0, 55483),
(562655, 8, 347.8038, 3285.818, 73.58245, 0, 0, 1, 0, 100, 0, 55483),

(563644, 1, 379.7951, 3327.565, 74.79167, 0, 0, 0, 0, 100, 0, 55483),
(563644, 2, 379.7951, 3327.565, 74.79167, 0.6108652, 5000, 1, 0, 100, 0, 55483),
(563644, 3, 364.2168, 3318.475, 70.68683, 0, 0, 1, 0, 100, 0, 55483),
(563644, 4, 352.651, 3317.564, 70.21743, 0, 0, 1, 0, 100, 0, 55483),
(563644, 5, 347.1354, 3319.556, 70.53812, 0, 0, 1, 0, 100, 0, 55483),
(563644, 6, 341.9358, 3317.97, 70.66581, 3.630285, 4000, 1, 0, 100, 0, 55483),
(563644, 7, 363.9266, 3318.617, 70.65099, 0, 0, 1, 0, 100, 0, 55483),
(563644, 8, 367.1932, 3327.363, 71.80902, 0, 4000, 1, 0, 100, 0, 55483),

(562695, 1, 323.6181, 3276.677, 75.07351, 0, 0, 0, 0, 100, 0, 55483),
(562695, 2, 323.6181, 3276.677, 75.07351, 0, 5000, 1, 0, 100, 0, 55483),
(562695, 3, 303.9722, 3277.998, 73.45412, 0, 0, 1, 0, 100, 0, 55483),
(562695, 4, 297.4028, 3283.854, 72.55679, 0, 0, 1, 0, 100, 0, 55483),
(562695, 5, 297.1701, 3288.018, 73.37563, 0, 4000, 1, 0, 100, 0, 55483),
(562695, 6, 310.9132, 3287.49, 74.02627, 0, 0, 1, 0, 100, 0, 55483),
(562695, 7, 306.9045, 3292.75, 74.76369, 0, 4000, 1, 0, 100, 0, 55483),
(562695, 8, 323.066, 3286.309, 73.87307, 0, 0, 1, 0, 100, 0, 55483);

DELETE FROM `smart_scripts` WHERE `entryorguid` IN (55483, -563648, -562577, -563645, -562724, -562663, -563646, -563647, -563630, -562655, -563644, -562695) AND `source_type` = 0;
DELETE FROM `smart_scripts` WHERE `entryorguid` IN (55483*100, 55483*100+01) AND `source_type` = 9;
INSERT INTO `smart_scripts` (`entryorguid`, `source_type`, `id`, `link`, `event_type`, `event_phase_mask`, `event_chance`, `event_flags`, `event_param1`, `event_param2`, `event_param3`, `event_param4`, `action_type`, `action_param1`, `action_param2`, `action_param3`, `action_param4`, `action_param5`, `action_param6`, `target_type`, `target_param1`, `target_param2`, `target_param3`, `target_x`, `target_y`, `target_z`, `target_o`, `comment`) VALUES 
(55483, 0, 0, 0, 4, 0, 25, 0, 0, 0, 0, 0, 1, 0, 0, 0, 0, 0, 0, 2, 0, 0, 0, 0, 0, 0, 0, "Plump Virmen - On Aggro - Say Text Line 0"),
(55483, 0, 1, 0, 4, 0, 100, 0, 0, 0, 0, 0, 30, 1, 2, 0, 0, 0, 0, 1, 0, 0, 0, 0, 0, 0, 0, "Plump Virmen - On Aggro - Set Random Phase"),
(55483, 0, 2, 0, 0, 0, 100, 0, 2000, 5000, 5000, 8000, 11, 107936, 0, 0, 0, 0, 0, 2, 0, 0, 0, 0, 0, 0, 0, "Plump Virmen - In Combat - Cast Spell 'Back Kick'"),
(55483, 0, 3, 0, 0, 1, 100, 0, 5000, 8000, 8000, 12000, 11, 107938, 0, 0, 0, 0, 0, 2, 0, 0, 0, 0, 0, 0, 0, "Plump Virmen - In Combat - Cast Spell 'Tail Thrash' (Phase 1)"),
(55483, 0, 4, 0, 0, 2, 100, 0, 5000, 8000, 15000, 20000, 11, 107944, 0, 0, 0, 0, 0, 1, 0, 0, 0, 0, 0, 0, 0, "Plump Virmen - In Combat - Cast Spell 'Carrot Breath' (Phase 2)"),

(-563648, 0, 0, 0, 34, 0, 100, 0, 2, 1, 0, 0, 80, 55483*100, 0, 0, 0, 0, 0, 1, 0, 0, 0, 0, 0, 0, 0, "Plump Virmen - MI 1 - Start Script"),
(-563648, 0, 1, 0, 34, 0, 100, 0, 2, 3, 0, 0, 80, 55483*100, 0, 0, 0, 0, 0, 1, 0, 0, 0, 0, 0, 0, 0, "Plump Virmen - MI 3 - Start Script"),
(-563648, 0, 2, 0, 34, 0, 100, 0, 2, 6, 0, 0, 80, 55483*100, 0, 0, 0, 0, 0, 1, 0, 0, 0, 0, 0, 0, 0, "Plump Virmen - MI 6 - Start Script"),
(-563648, 0, 3, 0, 4, 0, 25, 0, 0, 0, 0, 0, 1, 0, 0, 0, 0, 0, 0, 2, 0, 0, 0, 0, 0, 0, 0, "Plump Virmen - On Aggro - Say Text Line 0"),
(-563648, 0, 4, 0, 4, 0, 100, 0, 0, 0, 0, 0, 30, 1, 2, 0, 0, 0, 0, 1, 0, 0, 0, 0, 0, 0, 0, "Plump Virmen - On Aggro - Set Random Phase"),
(-563648, 0, 5, 0, 0, 0, 100, 0, 2000, 5000, 5000, 8000, 11, 107936, 0, 0, 0, 0, 0, 2, 0, 0, 0, 0, 0, 0, 0, "Plump Virmen - In Combat - Cast Spell 'Back Kick'"),
(-563648, 0, 6, 0, 0, 1, 100, 0, 5000, 8000, 8000, 12000, 11, 107938, 0, 0, 0, 0, 0, 2, 0, 0, 0, 0, 0, 0, 0, "Plump Virmen - In Combat - Cast Spell 'Tail Thrash' (Phase 1)"),
(-563648, 0, 7, 0, 0, 2, 100, 0, 5000, 8000, 15000, 20000, 11, 107944, 0, 0, 0, 0, 0, 1, 0, 0, 0, 0, 0, 0, 0, "Plump Virmen - In Combat - Cast Spell 'Carrot Breath' (Phase 2)"),

(-562577, 0, 0, 0, 34, 0, 100, 0, 2, 1, 0, 0, 80, 55483*100, 0, 0, 0, 0, 0, 1, 0, 0, 0, 0, 0, 0, 0, "Plump Virmen - MI 1 - Start Script"),
(-562577, 0, 1, 0, 34, 0, 100, 0, 2, 3, 0, 0, 80, 55483*100, 0, 0, 0, 0, 0, 1, 0, 0, 0, 0, 0, 0, 0, "Plump Virmen - MI 3 - Start Script"),
(-562577, 0, 2, 0, 4, 0, 25, 0, 0, 0, 0, 0, 1, 0, 0, 0, 0, 0, 0, 2, 0, 0, 0, 0, 0, 0, 0, "Plump Virmen - On Aggro - Say Text Line 0"),
(-562577, 0, 3, 0, 4, 0, 100, 0, 0, 0, 0, 0, 30, 1, 2, 0, 0, 0, 0, 1, 0, 0, 0, 0, 0, 0, 0, "Plump Virmen - On Aggro - Set Random Phase"),
(-562577, 0, 4, 0, 0, 0, 100, 0, 2000, 5000, 5000, 8000, 11, 107936, 0, 0, 0, 0, 0, 2, 0, 0, 0, 0, 0, 0, 0, "Plump Virmen - In Combat - Cast Spell 'Back Kick'"),
(-562577, 0, 5, 0, 0, 1, 100, 0, 5000, 8000, 8000, 12000, 11, 107938, 0, 0, 0, 0, 0, 2, 0, 0, 0, 0, 0, 0, 0, "Plump Virmen - In Combat - Cast Spell 'Tail Thrash' (Phase 1)"),
(-562577, 0, 6, 0, 0, 2, 100, 0, 5000, 8000, 15000, 20000, 11, 107944, 0, 0, 0, 0, 0, 1, 0, 0, 0, 0, 0, 0, 0, "Plump Virmen - In Combat - Cast Spell 'Carrot Breath' (Phase 2)"),

(-563645, 0, 0, 0, 34, 0, 100, 0, 2, 1, 0, 0, 80, 55483*100, 0, 0, 0, 0, 0, 1, 0, 0, 0, 0, 0, 0, 0, "Plump Virmen - MI 1 - Start Script"),
(-563645, 0, 1, 0, 34, 0, 100, 0, 2, 2, 0, 0, 80, 55483*100+01, 0, 0, 0, 0, 0, 1, 0, 0, 0, 0, 0, 0, 0, "Plump Virmen - MI 2 - Start Script"),
(-563645, 0, 2, 0, 34, 0, 100, 0, 2, 4, 0, 0, 80, 55483*100+01, 0, 0, 0, 0, 0, 1, 0, 0, 0, 0, 0, 0, 0, "Plump Virmen - MI 4 - Start Script"),
(-563645, 0, 3, 0, 4, 0, 25, 0, 0, 0, 0, 0, 1, 0, 0, 0, 0, 0, 0, 2, 0, 0, 0, 0, 0, 0, 0, "Plump Virmen - On Aggro - Say Text Line 0"),
(-563645, 0, 4, 0, 4, 0, 100, 0, 0, 0, 0, 0, 30, 1, 2, 0, 0, 0, 0, 1, 0, 0, 0, 0, 0, 0, 0, "Plump Virmen - On Aggro - Set Random Phase"),
(-563645, 0, 5, 0, 0, 0, 100, 0, 2000, 5000, 5000, 8000, 11, 107936, 0, 0, 0, 0, 0, 2, 0, 0, 0, 0, 0, 0, 0, "Plump Virmen - In Combat - Cast Spell 'Back Kick'"),
(-563645, 0, 6, 0, 0, 1, 100, 0, 5000, 8000, 8000, 12000, 11, 107938, 0, 0, 0, 0, 0, 2, 0, 0, 0, 0, 0, 0, 0, "Plump Virmen - In Combat - Cast Spell 'Tail Thrash' (Phase 1)"),
(-563645, 0, 7, 0, 0, 2, 100, 0, 5000, 8000, 15000, 20000, 11, 107944, 0, 0, 0, 0, 0, 1, 0, 0, 0, 0, 0, 0, 0, "Plump Virmen - In Combat - Cast Spell 'Carrot Breath' (Phase 2)"),

(-562724, 0, 0, 0, 34, 0, 100, 0, 2, 1, 0, 0, 80, 55483*100+01, 0, 0, 0, 0, 0, 1, 0, 0, 0, 0, 0, 0, 0, "Plump Virmen - MI 1 - Start Script"),
(-562724, 0, 1, 0, 34, 0, 100, 0, 2, 3, 0, 0, 80, 55483*100+01, 0, 0, 0, 0, 0, 1, 0, 0, 0, 0, 0, 0, 0, "Plump Virmen - MI 3 - Start Script"),
(-562724, 0, 2, 0, 4, 0, 25, 0, 0, 0, 0, 0, 1, 0, 0, 0, 0, 0, 0, 2, 0, 0, 0, 0, 0, 0, 0, "Plump Virmen - On Aggro - Say Text Line 0"),
(-562724, 0, 3, 0, 4, 0, 100, 0, 0, 0, 0, 0, 30, 1, 2, 0, 0, 0, 0, 1, 0, 0, 0, 0, 0, 0, 0, "Plump Virmen - On Aggro - Set Random Phase"),
(-562724, 0, 4, 0, 0, 0, 100, 0, 2000, 5000, 5000, 8000, 11, 107936, 0, 0, 0, 0, 0, 2, 0, 0, 0, 0, 0, 0, 0, "Plump Virmen - In Combat - Cast Spell 'Back Kick'"),
(-562724, 0, 5, 0, 0, 1, 100, 0, 5000, 8000, 8000, 12000, 11, 107938, 0, 0, 0, 0, 0, 2, 0, 0, 0, 0, 0, 0, 0, "Plump Virmen - In Combat - Cast Spell 'Tail Thrash' (Phase 1)"),
(-562724, 0, 6, 0, 0, 2, 100, 0, 5000, 8000, 15000, 20000, 11, 107944, 0, 0, 0, 0, 0, 1, 0, 0, 0, 0, 0, 0, 0, "Plump Virmen - In Combat - Cast Spell 'Carrot Breath' (Phase 2)"),

(-562663, 0, 0, 0, 34, 0, 100, 0, 2, 1, 0, 0, 80, 55483*100, 0, 0, 0, 0, 0, 1, 0, 0, 0, 0, 0, 0, 0, "Plump Virmen - MI 1 - Start Script"),
(-562663, 0, 1, 0, 34, 0, 100, 0, 2, 3, 0, 0, 80, 55483*100, 0, 0, 0, 0, 0, 1, 0, 0, 0, 0, 0, 0, 0, "Plump Virmen - MI 3 - Start Script"),
(-562663, 0, 2, 0, 4, 0, 25, 0, 0, 0, 0, 0, 1, 0, 0, 0, 0, 0, 0, 2, 0, 0, 0, 0, 0, 0, 0, "Plump Virmen - On Aggro - Say Text Line 0"),
(-562663, 0, 3, 0, 4, 0, 100, 0, 0, 0, 0, 0, 30, 1, 2, 0, 0, 0, 0, 1, 0, 0, 0, 0, 0, 0, 0, "Plump Virmen - On Aggro - Set Random Phase"),
(-562663, 0, 4, 0, 0, 0, 100, 0, 2000, 5000, 5000, 8000, 11, 107936, 0, 0, 0, 0, 0, 2, 0, 0, 0, 0, 0, 0, 0, "Plump Virmen - In Combat - Cast Spell 'Back Kick'"),
(-562663, 0, 5, 0, 0, 1, 100, 0, 5000, 8000, 8000, 12000, 11, 107938, 0, 0, 0, 0, 0, 2, 0, 0, 0, 0, 0, 0, 0, "Plump Virmen - In Combat - Cast Spell 'Tail Thrash' (Phase 1)"),
(-562663, 0, 6, 0, 0, 2, 100, 0, 5000, 8000, 15000, 20000, 11, 107944, 0, 0, 0, 0, 0, 1, 0, 0, 0, 0, 0, 0, 0, "Plump Virmen - In Combat - Cast Spell 'Carrot Breath' (Phase 2)"),

(-563646, 0, 0, 0, 34, 0, 100, 0, 2, 1, 0, 0, 80, 55483*100+01, 0, 0, 0, 0, 0, 1, 0, 0, 0, 0, 0, 0, 0, "Plump Virmen - MI 1 - Start Script"),
(-563646, 0, 1, 0, 34, 0, 100, 0, 2, 3, 0, 0, 80, 55483*100, 0, 0, 0, 0, 0, 1, 0, 0, 0, 0, 0, 0, 0, "Plump Virmen - MI 3 - Start Script"),
(-563646, 0, 2, 0, 34, 0, 100, 0, 2, 4, 0, 0, 80, 55483*100, 0, 0, 0, 0, 0, 1, 0, 0, 0, 0, 0, 0, 0, "Plump Virmen - MI 4 - Start Script"),
(-563646, 0, 3, 0, 4, 0, 25, 0, 0, 0, 0, 0, 1, 0, 0, 0, 0, 0, 0, 2, 0, 0, 0, 0, 0, 0, 0, "Plump Virmen - On Aggro - Say Text Line 0"),
(-563646, 0, 4, 0, 4, 0, 100, 0, 0, 0, 0, 0, 30, 1, 2, 0, 0, 0, 0, 1, 0, 0, 0, 0, 0, 0, 0, "Plump Virmen - On Aggro - Set Random Phase"),
(-563646, 0, 5, 0, 0, 0, 100, 0, 2000, 5000, 5000, 8000, 11, 107936, 0, 0, 0, 0, 0, 2, 0, 0, 0, 0, 0, 0, 0, "Plump Virmen - In Combat - Cast Spell 'Back Kick'"),
(-563646, 0, 6, 0, 0, 1, 100, 0, 5000, 8000, 8000, 12000, 11, 107938, 0, 0, 0, 0, 0, 2, 0, 0, 0, 0, 0, 0, 0, "Plump Virmen - In Combat - Cast Spell 'Tail Thrash' (Phase 1)"),
(-563646, 0, 7, 0, 0, 2, 100, 0, 5000, 8000, 15000, 20000, 11, 107944, 0, 0, 0, 0, 0, 1, 0, 0, 0, 0, 0, 0, 0, "Plump Virmen - In Combat - Cast Spell 'Carrot Breath' (Phase 2)"),

(-563647, 0, 0, 0, 34, 0, 100, 0, 2, 1, 0, 0, 80, 55483*100, 0, 0, 0, 0, 0, 1, 0, 0, 0, 0, 0, 0, 0, "Plump Virmen - MI 1 - Start Script"),
(-563647, 0, 1, 0, 34, 0, 100, 0, 2, 2, 0, 0, 80, 55483*100+01, 0, 0, 0, 0, 0, 1, 0, 0, 0, 0, 0, 0, 0, "Plump Virmen - MI 2 - Start Script"),
(-563647, 0, 2, 0, 34, 0, 100, 0, 2, 3, 0, 0, 80, 55483*100, 0, 0, 0, 0, 0, 1, 0, 0, 0, 0, 0, 0, 0, "Plump Virmen - MI 3 - Start Script"),
(-563647, 0, 3, 0, 4, 0, 25, 0, 0, 0, 0, 0, 1, 0, 0, 0, 0, 0, 0, 2, 0, 0, 0, 0, 0, 0, 0, "Plump Virmen - On Aggro - Say Text Line 0"),
(-563647, 0, 4, 0, 4, 0, 100, 0, 0, 0, 0, 0, 30, 1, 2, 0, 0, 0, 0, 1, 0, 0, 0, 0, 0, 0, 0, "Plump Virmen - On Aggro - Set Random Phase"),
(-563647, 0, 5, 0, 0, 0, 100, 0, 2000, 5000, 5000, 8000, 11, 107936, 0, 0, 0, 0, 0, 2, 0, 0, 0, 0, 0, 0, 0, "Plump Virmen - In Combat - Cast Spell 'Back Kick'"),
(-563647, 0, 6, 0, 0, 1, 100, 0, 5000, 8000, 8000, 12000, 11, 107938, 0, 0, 0, 0, 0, 2, 0, 0, 0, 0, 0, 0, 0, "Plump Virmen - In Combat - Cast Spell 'Tail Thrash' (Phase 1)"),
(-563647, 0, 7, 0, 0, 2, 100, 0, 5000, 8000, 15000, 20000, 11, 107944, 0, 0, 0, 0, 0, 1, 0, 0, 0, 0, 0, 0, 0, "Plump Virmen - In Combat - Cast Spell 'Carrot Breath' (Phase 2)"),

(-563630, 0, 0, 0, 34, 0, 100, 0, 2, 2, 0, 0, 80, 55483*100+01, 0, 0, 0, 0, 0, 1, 0, 0, 0, 0, 0, 0, 0, "Plump Virmen - MI 2 - Start Script"),
(-563630, 0, 1, 0, 34, 0, 100, 0, 2, 5, 0, 0, 80, 55483*100+01, 0, 0, 0, 0, 0, 1, 0, 0, 0, 0, 0, 0, 0, "Plump Virmen - MI 5 - Start Script"),
(-563630, 0, 2, 0, 4, 0, 25, 0, 0, 0, 0, 0, 1, 0, 0, 0, 0, 0, 0, 2, 0, 0, 0, 0, 0, 0, 0, "Plump Virmen - On Aggro - Say Text Line 0"),
(-563630, 0, 3, 0, 4, 0, 100, 0, 0, 0, 0, 0, 30, 1, 2, 0, 0, 0, 0, 1, 0, 0, 0, 0, 0, 0, 0, "Plump Virmen - On Aggro - Set Random Phase"),
(-563630, 0, 4, 0, 0, 0, 100, 0, 2000, 5000, 5000, 8000, 11, 107936, 0, 0, 0, 0, 0, 2, 0, 0, 0, 0, 0, 0, 0, "Plump Virmen - In Combat - Cast Spell 'Back Kick'"),
(-563630, 0, 5, 0, 0, 1, 100, 0, 5000, 8000, 8000, 12000, 11, 107938, 0, 0, 0, 0, 0, 2, 0, 0, 0, 0, 0, 0, 0, "Plump Virmen - In Combat - Cast Spell 'Tail Thrash' (Phase 1)"),
(-563630, 0, 6, 0, 0, 2, 100, 0, 5000, 8000, 15000, 20000, 11, 107944, 0, 0, 0, 0, 0, 1, 0, 0, 0, 0, 0, 0, 0, "Plump Virmen - In Combat - Cast Spell 'Carrot Breath' (Phase 2)"),

(-562655, 0, 0, 0, 34, 0, 100, 0, 2, 3, 0, 0, 80, 55483*100+01, 0, 0, 0, 0, 0, 1, 0, 0, 0, 0, 0, 0, 0, "Plump Virmen - MI 3 - Start Script"),
(-562655, 0, 1, 0, 34, 0, 100, 0, 2, 4, 0, 0, 80, 55483*100, 0, 0, 0, 0, 0, 1, 0, 0, 0, 0, 0, 0, 0, "Plump Virmen - MI 4 - Start Script"),
(-562655, 0, 2, 0, 34, 0, 100, 0, 2, 5, 0, 0, 80, 55483*100+01, 0, 0, 0, 0, 0, 1, 0, 0, 0, 0, 0, 0, 0, "Plump Virmen - MI 5 - Start Script"),
(-562655, 0, 3, 0, 4, 0, 25, 0, 0, 0, 0, 0, 1, 0, 0, 0, 0, 0, 0, 2, 0, 0, 0, 0, 0, 0, 0, "Plump Virmen - On Aggro - Say Text Line 0"),
(-562655, 0, 4, 0, 4, 0, 100, 0, 0, 0, 0, 0, 30, 1, 2, 0, 0, 0, 0, 1, 0, 0, 0, 0, 0, 0, 0, "Plump Virmen - On Aggro - Set Random Phase"),
(-562655, 0, 5, 0, 0, 0, 100, 0, 2000, 5000, 5000, 8000, 11, 107936, 0, 0, 0, 0, 0, 2, 0, 0, 0, 0, 0, 0, 0, "Plump Virmen - In Combat - Cast Spell 'Back Kick'"),
(-562655, 0, 6, 0, 0, 1, 100, 0, 5000, 8000, 8000, 12000, 11, 107938, 0, 0, 0, 0, 0, 2, 0, 0, 0, 0, 0, 0, 0, "Plump Virmen - In Combat - Cast Spell 'Tail Thrash' (Phase 1)"),
(-562655, 0, 7, 0, 0, 2, 100, 0, 5000, 8000, 15000, 20000, 11, 107944, 0, 0, 0, 0, 0, 1, 0, 0, 0, 0, 0, 0, 0, "Plump Virmen - In Combat - Cast Spell 'Carrot Breath' (Phase 2)"),

(-563644, 0, 0, 0, 34, 0, 100, 0, 2, 1, 0, 0, 80, 55483*100+01, 0, 0, 0, 0, 0, 1, 0, 0, 0, 0, 0, 0, 0, "Plump Virmen - MI 1 - Start Script"),
(-563644, 0, 1, 0, 34, 0, 100, 0, 2, 5, 0, 0, 80, 55483*100, 0, 0, 0, 0, 0, 1, 0, 0, 0, 0, 0, 0, 0, "Plump Virmen - MI 5 - Start Script"),
(-563644, 0, 2, 0, 34, 0, 100, 0, 2, 7, 0, 0, 80, 55483*100, 0, 0, 0, 0, 0, 1, 0, 0, 0, 0, 0, 0, 0, "Plump Virmen - MI 7 - Start Script"),
(-563644, 0, 3, 0, 4, 0, 25, 0, 0, 0, 0, 0, 1, 0, 0, 0, 0, 0, 0, 2, 0, 0, 0, 0, 0, 0, 0, "Plump Virmen - On Aggro - Say Text Line 0"),
(-563644, 0, 4, 0, 4, 0, 100, 0, 0, 0, 0, 0, 30, 1, 2, 0, 0, 0, 0, 1, 0, 0, 0, 0, 0, 0, 0, "Plump Virmen - On Aggro - Set Random Phase"),
(-563644, 0, 5, 0, 0, 0, 100, 0, 2000, 5000, 5000, 8000, 11, 107936, 0, 0, 0, 0, 0, 2, 0, 0, 0, 0, 0, 0, 0, "Plump Virmen - In Combat - Cast Spell 'Back Kick'"),
(-563644, 0, 6, 0, 0, 1, 100, 0, 5000, 8000, 8000, 12000, 11, 107938, 0, 0, 0, 0, 0, 2, 0, 0, 0, 0, 0, 0, 0, "Plump Virmen - In Combat - Cast Spell 'Tail Thrash' (Phase 1)"),
(-563644, 0, 7, 0, 0, 2, 100, 0, 5000, 8000, 15000, 20000, 11, 107944, 0, 0, 0, 0, 0, 1, 0, 0, 0, 0, 0, 0, 0, "Plump Virmen - In Combat - Cast Spell 'Carrot Breath' (Phase 2)"),

(-562695, 0, 0, 0, 34, 0, 100, 0, 2, 1, 0, 0, 80, 55483*100+01, 0, 0, 0, 0, 0, 1, 0, 0, 0, 0, 0, 0, 0, "Plump Virmen - MI 1 - Start Script"),
(-562695, 0, 1, 0, 34, 0, 100, 0, 2, 4, 0, 0, 80, 55483*100, 0, 0, 0, 0, 0, 1, 0, 0, 0, 0, 0, 0, 0, "Plump Virmen - MI 4 - Start Script"),
(-562695, 0, 2, 0, 34, 0, 100, 0, 2, 6, 0, 0, 80, 55483*100, 0, 0, 0, 0, 0, 1, 0, 0, 0, 0, 0, 0, 0, "Plump Virmen - MI 6 - Start Script"),
(-562695, 0, 3, 0, 4, 0, 25, 0, 0, 0, 0, 0, 1, 0, 0, 0, 0, 0, 0, 2, 0, 0, 0, 0, 0, 0, 0, "Plump Virmen - On Aggro - Say Text Line 0"),
(-562695, 0, 4, 0, 4, 0, 100, 0, 0, 0, 0, 0, 30, 1, 2, 0, 0, 0, 0, 1, 0, 0, 0, 0, 0, 0, 0, "Plump Virmen - On Aggro - Set Random Phase"),
(-562695, 0, 5, 0, 0, 0, 100, 0, 2000, 5000, 5000, 8000, 11, 107936, 0, 0, 0, 0, 0, 2, 0, 0, 0, 0, 0, 0, 0, "Plump Virmen - In Combat - Cast Spell 'Back Kick'"),
(-562695, 0, 6, 0, 0, 1, 100, 0, 5000, 8000, 8000, 12000, 11, 107938, 0, 0, 0, 0, 0, 2, 0, 0, 0, 0, 0, 0, 0, "Plump Virmen - In Combat - Cast Spell 'Tail Thrash' (Phase 1)"),
(-562695, 0, 7, 0, 0, 2, 100, 0, 5000, 8000, 15000, 20000, 11, 107944, 0, 0, 0, 0, 0, 1, 0, 0, 0, 0, 0, 0, 0, "Plump Virmen - In Combat - Cast Spell 'Carrot Breath' (Phase 2)"),

(55483*100, 9, 0, 0, 0, 0, 100, 0, 400, 400, 0, 0, 17, 173, 0, 0, 0, 0, 0, 1, 0, 0, 0, 0, 0, 0, 0, "Plump Virmen - On Script - Set Emote State (173)"),
(55483*100, 9, 1, 0, 0, 0, 100, 0, 3000, 3000, 0, 0, 17, 30, 0, 0, 0, 0, 0, 1, 0, 0, 0, 0, 0, 0, 0, "Plump Virmen - On Script - Clear Emote"),

(55483*100+01, 9, 0, 0, 0, 0, 100, 0, 400, 400, 0, 0, 17, 173, 0, 0, 0, 0, 0, 1, 0, 0, 0, 0, 0, 0, 0, "Plump Virmen - On Script - Set Emote State (173)"),
(55483*100+01, 9, 1, 0, 0, 0, 100, 0, 4000, 4000, 0, 0, 17, 30, 0, 0, 0, 0, 0, 1, 0, 0, 0, 0, 0, 0, 0, "Plump Virmen - On Script - Clear Emote");

DELETE FROM `creature_text` WHERE `entry` = 55483;
INSERT INTO `creature_text` (`entry`, `text_group`, `id`, `text`, `text_female`, `type`, `language`, `probability`, `emote`, `duration`, `sound`, `comment`) VALUES
(55483, 0, 0, "Gimme all your vegetables!", "", 12, 0, 100, 0, 0, 0, "Plump Virmen"),
(55483, 0, 1, "AIIIIEEEEEEE!", "", 12, 0, 100, 0, 0, 0, "Plump Virmen"),
(55483, 0, 2, "This virmen land!", "", 12, 0, 100, 0, 0, 0, "Plump Virmen"),
(55483, 0, 3, "You no take carrot! You take turnip instead!", "", 12, 0, 100, 0, 0, 0, "Plump Virmen");
