-- Dai-Lo Farmer
DELETE FROM `creature` WHERE `guid` = 582639 AND `id` = 65473;
INSERT INTO `creature` (`guid`, `id`, `map`, `zoneId`, `areaId`, `spawnMask`, `phaseMask`, `modelid`, `equipment_id`, `position_x`, `position_y`, `position_z`, `orientation`, `spawntimesecs`, `spawntimesecs_max`, `wander_distance`, `currentwaypoint`, `curhealth`, `curmana`, `movement_type`, `npcflag`, `npcflag2`, `unit_flags`, `unit_flags2`, `dynamicflags`, `ScriptName`, `walk_mode`) VALUES
(582639, 65473, 860, 5736, 5827, 1, 1, 0, 0, 667.6077, 3279.477, 74.97147, 2.781728, 600, 0, 0, 0, 274, 0, 2, 0, 0, 0, 0, 0, "", 0);

DELETE FROM `creature_equip_template` WHERE `entry` IN (65473, 56241);
INSERT INTO `creature_equip_template` (`entry`, `id`, `itemEntry1`, `itemEntry2`, `itemEntry3`) VALUES
(65473, 1, 82351, 0, 0),
(65473, 2, 82352, 0, 0),

(56241, 1, 82351, 0, 0),
(56241, 2, 82352, 0, 0);

UPDATE `creature` SET `modelid` = 0 WHERE `id` IN (65473, 56241);
UPDATE `creature` SET `wander_distance` = 0, `movement_type` = 0, `equipment_id` = -1 WHERE `guid` IN (562649, 562635, 562646);
UPDATE `creature` SET `wander_distance` = 0, `movement_type` = 2 WHERE `guid` IN (562679, 562588, 562568, 562599, 562611);
UPDATE `creature` SET `wander_distance` = 0, `movement_type` = 0 WHERE `guid` IN (562570, 562682, 562613, 563629, 563657, 562571, 563636, 562627, 563624);
UPDATE `creature` SET `position_x` = 594.2813, `position_y` = 3014.282, `position_z` = 80.04757, `orientation` = 2.844887, `wander_distance` = 0, `movement_type` = 0, `equipment_id` = -1 WHERE `guid` = 562648;
UPDATE `creature` SET `id` = 56241, `position_x` = 603.4427, `position_y` = 3031.141, `position_z` = 80.02945, `orientation` = 3.438299, `wander_distance` = 0, `movement_type` = 0, `equipment_id` = -1 WHERE `guid` = 562647;
UPDATE `creature` SET `id` = 56241, `wander_distance` = 0, `movement_type` = 0 WHERE `guid` IN (562722, 563602, 562630, 562580, 562612, 563633, 563634);
UPDATE `creature` SET `id` = 56241, `wander_distance` = 0, `movement_type` = 0, `equipment_id` = -1 WHERE `guid` IN (562705, 562723);
UPDATE `creature` SET `id` = 56241, `position_x` = 604.842, `position_y` = 3112.358, `position_z` = 88.93097, `orientation` = 3.961897, `wander_distance` = 0, `movement_type` = 0 WHERE `guid` = 563637;
UPDATE `creature` SET `id` = 56241, `position_x` = 606.1146, `position_y` = 3110.345, `position_z` = 88.80035, `orientation` = 3.263766, `wander_distance` = 0, `movement_type` = 0 WHERE `guid` = 563635;
UPDATE `creature` SET `position_x` = 602.5358, `position_y` = 3109.837, `position_z` = 89.06949, `orientation` = 0.05235988, `wander_distance` = 0, `movement_type` = 0 WHERE `guid` = 563627;
UPDATE `creature` SET `id` = 65473, `wander_distance` = 0, `movement_type` = 0 WHERE `guid` IN (563603, 562582, 562691);
UPDATE `creature` SET `wander_distance` = 0, `movement_type` = 0, `equipment_id` = -1 WHERE `guid` IN (562694, 562652, 562581, 562584, 562629, 562677, 562614);
UPDATE `creature` SET `id` = 56241, `wander_distance` = 0, `movement_type` = 2 WHERE `guid` = 563620;
UPDATE `creature` SET `position_x` = 563.0283, `position_y` = 3253.611, `position_z` = 72.07218, `orientation` = 4.881193, `wander_distance` = 0, `movement_type` = 2 WHERE `guid` = 562574;
UPDATE `creature` SET `id` = 65473, `wander_distance` = 0, `movement_type` = 0, `equipment_id` = -1 WHERE `guid` IN (562667, 562625, 562696, 562585, 562616);
UPDATE `creature` SET `id` = 65473, `wander_distance` = 0, `movement_type` = 2 WHERE `guid` = 562692;

DELETE FROM `creature_addon` WHERE `guid` IN (562649, 562635, 562570, 562679, 562588, 562568, 562599, 562646, 562648, 563657, 562571, 562647,
                                              562722, 562705, 562723, 562694, 562652, 562581, 562584, 563620, 562611, 562574, 563633, 563634,
                                              562667, 562625, 562629, 562677, 562696, 562585, 562616, 562614, 562692, 582639);
INSERT INTO `creature_addon` (`guid`, `path_id`, `bytes1`, `bytes2`, `emote`, `ai_anim_kit`) VALUES
(562649, 0, 0, 1, 425, 0),
(562635, 0, 0, 1, 425, 0),
(562570, 0, 1, 1, 0, 0),
(562679, 562679, 0, 1, 0, 0),
(562588, 562588, 0, 1, 0, 0),
(562568, 562568, 0, 1, 0, 0),
(562599, 562599, 0, 1, 0, 0),
(562646, 0, 0, 1, 425, 0),
(562648, 0, 0, 1, 425, 0),
(563657, 0, 1, 1, 0, 0),
(562571, 0, 1, 1, 0, 0),
(562647, 0, 0, 1, 425, 0),
(562722, 0, 1, 1, 0, 0),
(562705, 0, 0, 1, 425, 0),
(562723, 0, 0, 1, 425, 0),
(562694, 0, 0, 1, 425, 0),
(562652, 0, 0, 1, 425, 0),
(562581, 0, 0, 1, 425, 0),
(562584, 0, 0, 1, 425, 0),
(563620, 563620, 0, 1, 0, 0),
(562611, 562611, 0, 1, 0, 0),
(562574, 562574, 0, 1, 0, 0),
(563633, 0, 0, 1, 0, 1904),
(563634, 0, 0, 1, 0, 1904),
(562667, 0, 0, 1, 425, 0),
(562625, 0, 0, 1, 425, 0),
(562629, 0, 0, 1, 425, 0),
(562677, 0, 0, 1, 425, 0),
(562696, 0, 0, 1, 425, 0),
(562585, 0, 0, 1, 425, 0),
(562616, 0, 0, 1, 425, 0),
(562614, 0, 0, 1, 425, 0),
(562692, 562692, 0, 1, 0, 0),
(582639, 582639, 0, 1, 0, 0);

DELETE FROM `waypoint_data` WHERE `id` IN (562679, 562588, 562568, 562599, 563620, 562611, 562574, 562692, 582639);
INSERT INTO `waypoint_data` (`id`, `point`, `position_x`, `position_y`, `position_z`, `orientation`, `delay`, `move_flag`, `action`, `action_chance`, `wpguid`, `entry`) VALUES
(562679, 1, 731.9149, 2876.208, 75.91635, 0, 0, 0, 0, 100, 0, 65473),
(562679, 2, 733.6754, 2857.747, 76.87671, 0, 0, 0, 0, 100, 0, 65473),
(562679, 3, 723.7864, 2844.651, 79.83271, 0, 0, 0, 0, 100, 0, 65473),
(562679, 4, 717.7639, 2821.993, 84.28377, 0, 0, 0, 0, 100, 0, 65473),
(562679, 5, 717.9861, 2810.523, 86.28767, 0, 0, 0, 0, 100, 0, 65473),
(562679, 6, 717.7639, 2821.993, 84.28377, 0, 0, 0, 0, 100, 0, 65473),
(562679, 7, 723.7864, 2844.651, 79.83271, 0, 0, 0, 0, 100, 0, 65473),
(562679, 8, 733.6754, 2857.747, 76.87671, 0, 0, 0, 0, 100, 0, 65473),
(562679, 9, 731.9149, 2876.208, 75.91635, 0, 0, 0, 0, 100, 0, 65473),
(562679, 10, 734.5261, 2893.189, 76.58323, 0, 0, 0, 0, 100, 0, 65473),
(562679, 11, 736.4358, 2910.071, 74.45855, 0, 0, 0, 0, 100, 0, 65473),
(562679, 12, 733.2535, 2932.018, 76.23833, 0, 0, 0, 0, 100, 0, 65473),
(562679, 13, 719.6406, 2946.005, 75.88178, 0, 0, 0, 0, 100, 0, 65473),
(562679, 14, 711.1268, 2958.993, 76.98823, 0, 0, 0, 0, 100, 0, 65473),
(562679, 15, 701.9583, 2970.714, 76.45962, 0, 0, 0, 0, 100, 0, 65473),
(562679, 16, 689.5417, 2980.998, 74.38884, 0, 0, 0, 0, 100, 0, 65473),
(562679, 17, 701.9583, 2970.714, 76.45962, 0, 0, 0, 0, 100, 0, 65473),
(562679, 18, 711.1268, 2958.993, 76.98823, 0, 0, 0, 0, 100, 0, 65473),
(562679, 19, 719.6406, 2946.005, 75.88178, 0, 0, 0, 0, 100, 0, 65473),
(562679, 20, 732.8125, 2932.292, 76.20855, 0, 0, 0, 0, 100, 0, 65473),
(562679, 21, 736.4358, 2910.071, 74.45855, 0, 0, 0, 0, 100, 0, 65473),
(562679, 22, 734.5261, 2893.189, 76.58323, 0, 0, 0, 0, 100, 0, 65473),

(562588, 1, 653.6371, 3013.091, 74.46384, 0, 0, 0, 0, 100, 0, 56241),
(562588, 2, 642.0035, 3020.547, 76.32822, 0, 0, 0, 0, 100, 0, 56241),
(562588, 3, 627.9271, 3030.978, 76.12308, 0, 0, 0, 0, 100, 0, 56241),
(562588, 4, 622.9305, 3045.205, 78.56755, 0, 0, 0, 0, 100, 0, 56241),
(562588, 5, 622.4727, 3063.205, 81.20549, 0, 0, 0, 0, 100, 0, 56241),
(562588, 6, 622.9297, 3045.205, 78.58049, 0, 0, 0, 0, 100, 0, 56241),
(562588, 7, 627.9271, 3030.978, 76.12308, 0, 0, 0, 0, 100, 0, 56241),
(562588, 8, 642.0035, 3020.547, 76.32822, 0, 0, 0, 0, 100, 0, 56241),

(562568, 1, 688.2708, 3331.74, 82.82485, 0, 0, 0, 0, 100, 0, 65473),
(562568, 2, 670.4011, 3334.08, 83.80865, 0, 0, 0, 0, 100, 0, 65473),
(562568, 3, 653.507, 3334.294, 83.32875, 0, 0, 0, 0, 100, 0, 65473),
(562568, 4, 638.875, 3333.825, 83.11488, 0, 0, 0, 0, 100, 0, 65473),
(562568, 5, 623.5469, 3333.338, 82.94126, 0, 0, 0, 0, 100, 0, 65473),
(562568, 6, 638.875, 3333.825, 83.11488, 0, 0, 0, 0, 100, 0, 65473),
(562568, 7, 653.507, 3334.294, 83.32875, 0, 0, 0, 0, 100, 0, 65473),
(562568, 8, 670.4011, 3334.08, 83.80865, 0, 0, 0, 0, 100, 0, 65473),
(562568, 9, 688.2708, 3331.74, 82.82485, 0, 0, 0, 0, 100, 0, 65473),
(562568, 10, 702.8455, 3320.042, 83.67236, 0, 0, 0, 0, 100, 0, 65473),
(562568, 11, 712.0504, 3308.684, 82.83349, 0, 0, 0, 0, 100, 0, 65473),
(562568, 12, 717.618, 3298.913, 83.44096, 0, 0, 0, 0, 100, 0, 65473),
(562568, 13, 727.9792, 3283.182, 83.3538, 0, 0, 0, 0, 100, 0, 65473),
(562568, 14, 717.618, 3298.913, 83.44096, 0, 0, 0, 0, 100, 0, 65473),
(562568, 15, 712.0504, 3308.684, 82.83349, 0, 0, 0, 0, 100, 0, 65473),
(562568, 16, 702.8455, 3320.042, 83.67236, 0, 0, 0, 0, 100, 0, 65473),

(562599, 1, 633.4913, 3219.733, 73.62489, 0.009695, 6000, 0, 0, 100, 0, 65473),
(562599, 2, 637.0035, 3228.357, 73.52113, 5.399536, 6000, 0, 0, 100, 0, 65473),
(562599, 3, 643.9375, 3232.019, 73.44325, 0, 0, 0, 0, 100, 0, 65473),
(562599, 4, 651.7726, 3229.538, 73.20778, 5.23039, 6000, 0, 0, 100, 0, 65473),
(562599, 5, 665.4566, 3223.562, 73.62318, 4.408109, 6000, 0, 0, 100, 0, 65473),
(562599, 6, 676.4636, 3222.035, 73.60612, 4.095041, 6000, 0, 0, 100, 0, 65473),
(562599, 7, 684.6528, 3215.806, 73.81145, 4.10258, 6000, 0, 0, 100, 0, 65473),
(562599, 8, 676.4636, 3222.035, 73.60612, 0, 0, 0, 0, 100, 0, 65473),
(562599, 9, 665.4566, 3223.562, 73.62318, 4.476159, 6000, 0, 0, 100, 0, 65473),
(562599, 10, 651.7726, 3229.538, 73.20778, 3.708533, 6000, 0, 0, 100, 0, 65473),
(562599, 11, 643.9375, 3232.019, 73.44325, 0, 0, 0, 0, 100, 0, 65473),
(562599, 12, 637.0035, 3228.357, 73.52113, 0, 0, 0, 0, 100, 0, 65473),

(563620, 1, 664.6371, 3180.71, 88.85957, 1.686017, 4000, 0, 0, 100, 0, 56241),
(563620, 2, 665.2083, 3185.997, 88.92049, 0, 0, 0, 0, 100, 0, 56241),
(563620, 3, 670.6493, 3185.821, 88.94962, 3.94901, 5000, 0, 0, 100, 0, 56241),
(563620, 4, 665.2083, 3185.997, 88.92049, 0, 0, 0, 0, 100, 0, 56241),
(563620, 5, 664.6371, 3180.71, 88.85957, 0, 0, 0, 0, 100, 0, 56241),
(563620, 6, 659.3785, 3176.658, 88.66341, 2.252547, 4000, 0, 0, 100, 0, 56241),
(563620, 7, 654.4028, 3177.364, 88.78841, 0, 0, 0, 0, 100, 0, 56241),
(563620, 8, 655.566, 3183.093, 88.48518, 0.2490902, 5000, 0, 0, 100, 0, 56241),
(563620, 9, 659.2952, 3187.774, 88.94295, 0, 0, 0, 0, 100, 0, 56241),
(563620, 10, 665.0972, 3185.281, 88.83455, 1.484407, 4000, 0, 0, 100, 0, 56241),
(563620, 11, 665.408, 3180.6, 88.91341, 0, 0, 0, 0, 100, 0, 56241),
(563620, 12, 661.066, 3180.368, 88.78841, 0, 0, 0, 0, 100, 0, 56241),
(563620, 13, 656.8941, 3181.771, 88.78841, 1.055669, 5000, 0, 0, 100, 0, 56241),
(563620, 14, 656.2743, 3184.964, 88.79659, 0, 0, 0, 0, 100, 0, 56241),
(563620, 15, 660.1563, 3189.143, 88.77864, 0, 0, 0, 0, 100, 0, 56241),
(563620, 16, 663.8055, 3190.796, 88.78841, 2.695387, 4000, 0, 0, 100, 0, 56241),
(563620, 17, 656.2743, 3184.964, 88.79659, 5.848103, 5000, 0, 0, 100, 0, 56241),
(563620, 18, 656.8941, 3181.771, 88.78841, 0, 0, 0, 0, 100, 0, 56241),
(563620, 19, 661.066, 3180.368, 88.78841, 3.359177, 4000, 0, 0, 100, 0, 56241),
(563620, 20, 665.408, 3180.6, 88.91341, 0, 0, 0, 0, 100, 0, 56241),
(563620, 21, 665.0972, 3185.281, 88.83455, 2.217199, 5000, 0, 0, 100, 0, 56241),
(563620, 22, 659.2952, 3187.774, 88.94295, 0, 0, 0, 0, 100, 0, 56241),
(563620, 23, 655.566, 3183.093, 88.48518, 3.137688, 4000, 0, 0, 100, 0, 56241),
(563620, 24, 654.4028, 3177.364, 88.78841, 0, 0, 0, 0, 100, 0, 56241),
(563620, 25, 659.3785, 3176.658, 88.66341, 0, 0, 0, 0, 100, 0, 56241),

(562611, 1, 554.8906, 3205.137, 75.73812, 0, 0, 0, 0, 100, 0, 56241),
(562611, 2, 545.967, 3217.532, 76.31661, 0, 0, 0, 0, 100, 0, 56241),
(562611, 3, 528.8768, 3230.528, 74.9197, 0, 0, 0, 0, 100, 0, 56241),
(562611, 4, 521.6858, 3239.978, 76.71917, 0, 0, 0, 0, 100, 0, 56241),
(562611, 5, 519.7361, 3254.197, 78.27581, 0, 0, 0, 0, 100, 0, 56241),
(562611, 6, 520.1667, 3274.041, 76.94918, 0, 0, 0, 0, 100, 0, 56241),
(562611, 7, 523.217, 3287.648, 75.73617, 0, 0, 0, 0, 100, 0, 56241),
(562611, 8, 525.1667, 3305.447, 74.24305, 0, 0, 0, 0, 100, 0, 56241),
(562611, 9, 523.217, 3287.648, 75.73617, 0, 0, 0, 0, 100, 0, 56241),
(562611, 10, 520.1667, 3274.041, 76.94918, 0, 0, 0, 0, 100, 0, 56241),
(562611, 11, 519.7361, 3254.197, 78.27581, 0, 0, 0, 0, 100, 0, 56241),
(562611, 12, 521.6858, 3239.978, 76.71917, 0, 0, 0, 0, 100, 0, 56241),
(562611, 13, 528.8768, 3230.528, 74.9197, 0, 0, 0, 0, 100, 0, 56241),
(562611, 14, 545.967, 3217.532, 76.31661, 0, 0, 0, 0, 100, 0, 56241),
(562611, 15, 554.9063, 3205.352, 75.68563, 0, 0, 0, 0, 100, 0, 56241),
(562611, 16, 553.8507, 3191.178, 76.97068, 0, 0, 0, 0, 100, 0, 56241),
(562611, 17, 555.1649, 3180.038, 76.92857, 0, 0, 0, 0, 100, 0, 56241),
(562611, 18, 553.8507, 3191.178, 76.97068, 0, 0, 0, 0, 100, 0, 56241),

(562574, 1, 564.4202, 3245.445, 71.22196, 0, 0, 0, 0, 100, 0, 56241),
(562574, 2, 562.8577, 3254.613, 72.05033, 0, 0, 0, 0, 100, 0, 56241),
(562574, 3, 565.1528, 3265.788, 71.96818, 0, 0, 0, 0, 100, 0, 56241),
(562574, 4, 575.4861, 3272.353, 71.72819, 0, 0, 0, 0, 100, 0, 56241),
(562574, 5, 586.4705, 3268.001, 70.91251, 4.239508, 6000, 0, 0, 100, 0, 56241),
(562574, 6, 597.7621, 3258.443, 70.7143, 4.596083, 6000, 0, 0, 100, 0, 56241),
(562574, 7, 610.1702, 3251.502, 70.61047, 3.673268, 6000, 0, 0, 100, 0, 56241),
(562574, 8, 621.6979, 3247.539, 70.61926, 4.133361, 6000, 0, 0, 100, 0, 56241),
(562574, 9, 629.5677, 3241.524, 71.00475, 3.800597, 6000, 0, 0, 100, 0, 56241),
(562574, 10, 631.8351, 3234.189, 71.53551, 0, 0, 0, 0, 100, 0, 56241),
(562574, 11, 625.4358, 3224.241, 72.75375, 2.009007, 6000, 0, 0, 100, 0, 56241),
(562574, 12, 631.8351, 3234.189, 71.53551, 2.322014, 6000, 0, 0, 100, 0, 56241),
(562574, 13, 629.5677, 3241.524, 71.00475, 0, 0, 0, 0, 100, 0, 56241),
(562574, 14, 621.6979, 3247.539, 70.61926, 4.240922, 6000, 0, 0, 100, 0, 56241),
(562574, 15, 610.1702, 3251.502, 70.61047, 4.486835, 6000, 0, 0, 100, 0, 56241),
(562574, 16, 597.7621, 3258.443, 70.7143, 4.591609, 6000, 0, 0, 100, 0, 56241),
(562574, 17, 586.4705, 3268.001, 70.91251, 4.218854, 6000, 0, 0, 100, 0, 56241),
(562574, 18, 575.4861, 3272.353, 71.72819, 0, 0, 0, 0, 100, 0, 56241),
(562574, 19, 565.1528, 3265.788, 71.96818, 0, 0, 0, 0, 100, 0, 56241),
(562574, 20, 562.8577, 3254.613, 72.05033, 0, 0, 0, 0, 100, 0, 56241),

(562692, 1, 348.6597, 3204.003, 75.79278, 0, 0, 0, 0, 100, 0, 65473),
(562692, 2, 363.2604, 3206.627, 75.65826, 0, 0, 0, 0, 100, 0, 65473),
(562692, 3, 376.6267, 3209, 75.7812, 0, 0, 0, 0, 100, 0, 65473),
(562692, 4, 389.7326, 3209.544, 75.61396, 0, 0, 0, 0, 100, 0, 65473),
(562692, 5, 404.4566, 3207.759, 75.54282, 0, 0, 0, 0, 100, 0, 65473),
(562692, 6, 389.7326, 3209.544, 75.61396, 0, 0, 0, 0, 100, 0, 65473),
(562692, 7, 376.6267, 3209, 75.7812, 0, 0, 0, 0, 100, 0, 65473),
(562692, 8, 363.2604, 3206.627, 75.65826, 0, 0, 0, 0, 100, 0, 65473),
(562692, 9, 348.6597, 3204.003, 75.79278, 0, 0, 0, 0, 100, 0, 65473),
(562692, 10, 333.224, 3203.298, 75.64104, 0, 0, 0, 0, 100, 0, 65473),
(562692, 11, 318.651, 3200.352, 75.64104, 0, 0, 0, 0, 100, 0, 65473),
(562692, 12, 306.6738, 3200.902, 78.39104, 0, 0, 0, 0, 100, 0, 65473),
(562692, 13, 296.2135, 3210.329, 87.71879, 0, 0, 0, 0, 100, 0, 65473),
(562692, 14, 285.3576, 3222.429, 88.02482, 0, 0, 0, 0, 100, 0, 65473),
(562692, 15, 296.2135, 3210.329, 87.71879, 0, 0, 0, 0, 100, 0, 65473),
(562692, 16, 306.4653, 3200.906, 78.75982, 0, 0, 0, 0, 100, 0, 65473),
(562692, 17, 318.651, 3200.352, 75.64104, 0, 0, 0, 0, 100, 0, 65473),
(562692, 18, 333.224, 3203.298, 75.64104, 0, 0, 0, 0, 100, 0, 65473),

(582639, 1, 658.882, 3282.76, 74.94882, 0.9163052, 6000, 0, 0, 100, 0, 65473),
(582639, 2, 640.7344, 3288.796, 75.43369, 0, 0, 0, 0, 100, 0, 65473),
(582639, 3, 624.3386, 3296.394, 75.56493, 0, 0, 0, 0, 100, 0, 65473),
(582639, 4, 614.4913, 3303.629, 75.32628, 0, 0, 0, 0, 100, 0, 65473),
(582639, 5, 601.2518, 3315.688, 75.50926, 1.07544, 6000, 0, 0, 100, 0, 65473),
(582639, 6, 614.4913, 3303.629, 75.32628, 0.9221497, 6000, 0, 0, 100, 0, 65473),
(582639, 7, 624.3386, 3296.394, 75.56493, 0, 0, 0, 0, 100, 0, 65473),
(582639, 8, 640.7344, 3288.796, 75.43369, 0, 0, 0, 0, 100, 0, 65473),
(582639, 9, 658.882, 3282.76, 74.94882, 0, 0, 0, 0, 100, 0, 65473),
(582639, 10, 678.9653, 3275.203, 74.72111, 0.9806032, 6000, 0, 0, 100, 0, 65473),
(582639, 11, 694.0573, 3269.936, 74.96232, 1.158776, 6000, 0, 0, 100, 0, 65473),
(582639, 12, 711.9896, 3264.898, 75.03799, 1.544937, 6000, 0, 0, 100, 0, 65473),
(582639, 13, 694.0573, 3269.936, 74.96232, 1.55273, 6000, 0, 0, 100, 0, 65473),
(582639, 14, 678.9653, 3275.203, 74.72111, 0, 0, 0, 0, 100, 0, 65473);

DELETE FROM `creature_formations` WHERE `leaderGUID` IN (562679, 562588, 562611, 562692);
INSERT INTO `creature_formations` (`leaderGUID`, `memberGUID`, `dist`, `angle`, `groupAI`, `point_1`, `point_2`) VALUES
(562679, 562679, 0, 0, 2, 0, 0),
(562679, 562682, 3, 270, 2, 5, 16),

(562588, 562588, 0, 0, 2, 0, 0),
(562588, 562613, 3, 90, 2, 1, 5),

(562611, 562611, 0, 0, 2, 0, 0),
(562611, 562612, 3, 270, 2, 8, 17),

(562692, 562692, 0, 0, 2, 0, 0),
(562692, 562691, 3, 90, 2, 5, 14);

DELETE FROM `smart_scripts` WHERE `entryorguid` IN (-563629, -563637, -563636, -563635, -563627, -563603, -563602, -562627, -562630, -562580, -562582) AND `source_type` = 0;
INSERT INTO `smart_scripts` (`entryorguid`, `source_type`, `id`, `link`, `event_type`, `event_phase_mask`, `event_chance`, `event_flags`, `event_param1`, `event_param2`, `event_param3`, `event_param4`, `action_type`, `action_param1`, `action_param2`, `action_param3`, `action_param4`, `action_param5`, `action_param6`, `target_type`, `target_param1`, `target_param2`, `target_param3`, `target_x`, `target_y`, `target_z`, `target_o`, `comment`) VALUES 
(-563629, 0, 0, 0, 1, 0, 100, 0, 0, 0, 1000, 12000, 10, 1, 6, 273, 274, 0, 0, 1, 0, 0, 0, 0, 0, 0, 0, "Dai-Lo Farmer - Update OOC - Play Random Emote (1, 6, 273, 273)"),
(-563629, 0, 1, 0, 0, 0, 100, 0, 2000, 5000, 12000, 20000, 11, 128435, 1, 0, 0, 0, 0, 2, 0, 0, 0, 0, 0, 0, 0, "Dai-Lo Farmer - On Combat - Cast Palm Strike"),
(-563629, 0, 2, 0, 0, 0, 100, 0, 8000, 10000, 20000, 25000, 11, 128436, 1, 0, 0, 0, 0, 3, 0, 0, 0, 0, 0, 0, 0, "Dai-Lo Farmer - On Combat - Cast Round Kick"),

(-563637, 0, 0, 0, 1, 0, 100, 0, 2000, 5000, 1000, 12000, 10, 1, 6, 273, 274, 0, 0, 1, 0, 0, 0, 0, 0, 0, 0, "Dai-Lo Farmer - Update OOC - Play Random Emote (1, 6, 273, 273)"),
(-563637, 0, 1, 0, 0, 0, 100, 0, 2000, 5000, 12000, 20000, 11, 128435, 1, 0, 0, 0, 0, 2, 0, 0, 0, 0, 0, 0, 0, "Dai-Lo Farmer - On Combat - Cast Palm Strike"),
(-563637, 0, 2, 0, 0, 0, 100, 0, 8000, 10000, 20000, 25000, 11, 128436, 1, 0, 0, 0, 0, 3, 0, 0, 0, 0, 0, 0, 0, "Dai-Lo Farmer - On Combat - Cast Round Kick"),

(-563636, 0, 0, 0, 1, 0, 100, 0, 2000, 5000, 1000, 12000, 10, 1, 6, 273, 274, 0, 0, 1, 0, 0, 0, 0, 0, 0, 0, "Dai-Lo Farmer - Update OOC - Play Random Emote (1, 6, 273, 273)"),
(-563636, 0, 1, 0, 0, 0, 100, 0, 2000, 5000, 12000, 20000, 11, 128435, 1, 0, 0, 0, 0, 2, 0, 0, 0, 0, 0, 0, 0, "Dai-Lo Farmer - On Combat - Cast Palm Strike"),
(-563636, 0, 2, 0, 0, 0, 100, 0, 8000, 10000, 20000, 25000, 11, 128436, 1, 0, 0, 0, 0, 3, 0, 0, 0, 0, 0, 0, 0, "Dai-Lo Farmer - On Combat - Cast Round Kick"),

(-563635, 0, 0, 0, 1, 0, 100, 0, 2000, 5000, 1000, 12000, 10, 1, 6, 273, 274, 0, 0, 1, 0, 0, 0, 0, 0, 0, 0, "Dai-Lo Farmer - Update OOC - Play Random Emote (1, 6, 273, 273)"),
(-563635, 0, 1, 0, 0, 0, 100, 0, 2000, 5000, 12000, 20000, 11, 128435, 1, 0, 0, 0, 0, 2, 0, 0, 0, 0, 0, 0, 0, "Dai-Lo Farmer - On Combat - Cast Palm Strike"),
(-563635, 0, 2, 0, 0, 0, 100, 0, 8000, 10000, 20000, 25000, 11, 128436, 1, 0, 0, 0, 0, 3, 0, 0, 0, 0, 0, 0, 0, "Dai-Lo Farmer - On Combat - Cast Round Kick"),

(-563627, 0, 0, 0, 1, 0, 100, 0, 0, 0, 1000, 12000, 10, 1, 6, 273, 274, 0, 0, 1, 0, 0, 0, 0, 0, 0, 0, "Dai-Lo Farmer - Update OOC - Play Random Emote (1, 6, 273, 273)"),
(-563627, 0, 1, 0, 0, 0, 100, 0, 2000, 5000, 12000, 20000, 11, 128435, 1, 0, 0, 0, 0, 2, 0, 0, 0, 0, 0, 0, 0, "Dai-Lo Farmer - On Combat - Cast Palm Strike"),
(-563627, 0, 2, 0, 0, 0, 100, 0, 8000, 10000, 20000, 25000, 11, 128436, 1, 0, 0, 0, 0, 3, 0, 0, 0, 0, 0, 0, 0, "Dai-Lo Farmer - On Combat - Cast Round Kick"),

(-563603, 0, 0, 0, 1, 0, 100, 0, 0, 0, 1000, 12000, 10, 1, 6, 273, 274, 0, 0, 1, 0, 0, 0, 0, 0, 0, 0, "Dai-Lo Farmer - Update OOC - Play Random Emote (1, 6, 273, 273)"),
(-563603, 0, 1, 0, 0, 0, 100, 0, 2000, 5000, 12000, 20000, 11, 128435, 1, 0, 0, 0, 0, 2, 0, 0, 0, 0, 0, 0, 0, "Dai-Lo Farmer - On Combat - Cast Palm Strike"),
(-563603, 0, 2, 0, 0, 0, 100, 0, 8000, 10000, 20000, 25000, 11, 128436, 1, 0, 0, 0, 0, 3, 0, 0, 0, 0, 0, 0, 0, "Dai-Lo Farmer - On Combat - Cast Round Kick"),

(-563602, 0, 0, 0, 1, 0, 100, 0, 2000, 5000, 1000, 12000, 10, 1, 6, 273, 274, 0, 0, 1, 0, 0, 0, 0, 0, 0, 0, "Dai-Lo Farmer - Update OOC - Play Random Emote (1, 6, 273, 273)"),
(-563602, 0, 1, 0, 0, 0, 100, 0, 2000, 5000, 12000, 20000, 11, 128435, 1, 0, 0, 0, 0, 2, 0, 0, 0, 0, 0, 0, 0, "Dai-Lo Farmer - On Combat - Cast Palm Strike"),
(-563602, 0, 2, 0, 0, 0, 100, 0, 8000, 10000, 20000, 25000, 11, 128436, 1, 0, 0, 0, 0, 3, 0, 0, 0, 0, 0, 0, 0, "Dai-Lo Farmer - On Combat - Cast Round Kick"),

(-562627, 0, 0, 0, 1, 0, 100, 0, 0, 0, 1000, 12000, 10, 1, 6, 273, 274, 0, 0, 1, 0, 0, 0, 0, 0, 0, 0, "Dai-Lo Farmer - Update OOC - Play Random Emote (1, 6, 273, 273)"),
(-562627, 0, 1, 0, 0, 0, 100, 0, 2000, 5000, 12000, 20000, 11, 128435, 1, 0, 0, 0, 0, 2, 0, 0, 0, 0, 0, 0, 0, "Dai-Lo Farmer - On Combat - Cast Palm Strike"),
(-562627, 0, 2, 0, 0, 0, 100, 0, 8000, 10000, 20000, 25000, 11, 128436, 1, 0, 0, 0, 0, 3, 0, 0, 0, 0, 0, 0, 0, "Dai-Lo Farmer - On Combat - Cast Round Kick"),

(-562630, 0, 0, 0, 1, 0, 100, 0, 2000, 5000, 1000, 12000, 10, 1, 6, 273, 274, 0, 0, 1, 0, 0, 0, 0, 0, 0, 0, "Dai-Lo Farmer - Update OOC - Play Random Emote (1, 6, 273, 273)"),
(-562630, 0, 1, 0, 0, 0, 100, 0, 2000, 5000, 12000, 20000, 11, 128435, 1, 0, 0, 0, 0, 2, 0, 0, 0, 0, 0, 0, 0, "Dai-Lo Farmer - On Combat - Cast Palm Strike"),
(-562630, 0, 2, 0, 0, 0, 100, 0, 8000, 10000, 20000, 25000, 11, 128436, 1, 0, 0, 0, 0, 3, 0, 0, 0, 0, 0, 0, 0, "Dai-Lo Farmer - On Combat - Cast Round Kick"),

(-562580, 0, 0, 0, 1, 0, 100, 0, 0, 0, 1000, 12000, 10, 1, 6, 273, 274, 0, 0, 1, 0, 0, 0, 0, 0, 0, 0, "Dai-Lo Farmer - Update OOC - Play Random Emote (1, 6, 273, 273)"),
(-562580, 0, 1, 0, 0, 0, 100, 0, 2000, 5000, 12000, 20000, 11, 128435, 1, 0, 0, 0, 0, 2, 0, 0, 0, 0, 0, 0, 0, "Dai-Lo Farmer - On Combat - Cast Palm Strike"),
(-562580, 0, 2, 0, 0, 0, 100, 0, 8000, 10000, 20000, 25000, 11, 128436, 1, 0, 0, 0, 0, 3, 0, 0, 0, 0, 0, 0, 0, "Dai-Lo Farmer - On Combat - Cast Round Kick"),

(-562582, 0, 0, 0, 1, 0, 100, 0, 2000, 5000, 1000, 12000, 10, 1, 6, 273, 274, 0, 0, 1, 0, 0, 0, 0, 0, 0, 0, "Dai-Lo Farmer - Update OOC - Play Random Emote (1, 6, 273, 273)"),
(-562582, 0, 1, 0, 0, 0, 100, 0, 2000, 5000, 12000, 20000, 11, 128435, 1, 0, 0, 0, 0, 2, 0, 0, 0, 0, 0, 0, 0, "Dai-Lo Farmer - On Combat - Cast Palm Strike"),
(-562582, 0, 2, 0, 0, 0, 100, 0, 8000, 10000, 20000, 25000, 11, 128436, 1, 0, 0, 0, 0, 3, 0, 0, 0, 0, 0, 0, 0, "Dai-Lo Farmer - On Combat - Cast Round Kick");

-- Lamplighter Sunny
UPDATE `creature` SET `position_x` = 613.9249, `position_y` = 3098.377, `position_z` = 86.7071, `orientation` = 4.262364, `wander_distance` = 0, `movement_type` = 2 WHERE `guid` = 562598 AND `id` = 64939;

DELETE FROM `creature_template_addon` WHERE `entry` = 64939;
INSERT INTO `creature_template_addon` (`entry`, `path_id`, `mount`, `bytes1`, `bytes2`, `emote`, `auras`) VALUES
(64939, 562598, 0, 0, 1, 0, "126986");

DELETE FROM `waypoint_data` WHERE `id` = 562598;
INSERT INTO `waypoint_data` (`id`, `point`, `position_x`, `position_y`, `position_z`, `orientation`, `delay`, `move_flag`, `action`, `action_chance`, `wpguid`, `entry`) VALUES
(562598, 1, 612.9818, 3096.648, 86.61667, 0, 0, 0, 0, 100, 0, 64939),
(562598, 2, 612.4818, 3088.148, 85.36667, 0, 0, 0, 0, 100, 0, 64939),
(562598, 3, 610.9818, 3079.898, 84.11667, 0, 0, 0, 0, 100, 0, 64939),
(562598, 4, 611.2318, 3067.148, 81.61667, 0, 0, 0, 0, 100, 0, 64939),
(562598, 5, 611.4818, 3050.648, 78.11667, 0, 0, 0, 0, 100, 0, 64939),
(562598, 6, 612.7318, 3041.148, 76.86667, 0, 0, 0, 0, 100, 0, 64939),
(562598, 7, 619.2318, 3025.398, 75.86667, 0, 0, 0, 0, 100, 0, 64939),
(562598, 8, 624.7101, 3015.89, 75.1487, 0, 7000, 0, 0, 100, 0, 64939),
(562598, 9, 622.4419, 3021.025, 75.54419, 0, 0, 0, 0, 100, 0, 64939),
(562598, 10, 617.6919, 3028.025, 76.04419, 0, 0, 0, 0, 100, 0, 64939),
(562598, 11, 613.9419, 3037.025, 76.79419, 0, 0, 0, 0, 100, 0, 64939),
(562598, 12, 611.6919, 3045.275, 77.54419, 0, 0, 0, 0, 100, 0, 64939),
(562598, 13, 611.4419, 3053.525, 79.04419, 0, 0, 0, 0, 100, 0, 64939),
(562598, 14, 611.6919, 3062.275, 80.54419, 0, 0, 0, 0, 100, 0, 64939),
(562598, 15, 611.9419, 3071.025, 82.29419, 0, 0, 0, 0, 100, 0, 64939),
(562598, 16, 614.6919, 3080.275, 84.04419, 0, 0, 0, 0, 100, 0, 64939),
(562598, 17, 620.6736, 3085.16, 85.93968, 0, 7000, 0, 0, 100, 0, 64939),
(562598, 18, 619.2544, 3091.475, 86.64915, 0, 0, 0, 0, 100, 0, 64939),
(562598, 19, 618.0044, 3101.975, 87.14915, 0, 0, 0, 0, 100, 0, 64939),
(562598, 20, 616.5044, 3112.475, 87.64915, 0, 0, 0, 0, 100, 0, 64939),
(562598, 21, 615.0044, 3123.225, 87.89915, 0, 0, 0, 0, 100, 0, 64939),
(562598, 22, 617.0044, 3137.725, 87.89915, 0, 0, 0, 0, 100, 0, 64939),
(562598, 23, 618.3351, 3147.791, 87.85862, 0, 7000, 0, 0, 100, 0, 64939),
(562598, 24, 611.1537, 3148.099, 88.10101, 0, 0, 0, 0, 100, 0, 64939),
(562598, 25, 601.9037, 3149.349, 87.85101, 0, 0, 0, 0, 100, 0, 64939),
(562598, 26, 597.1537, 3148.849, 87.85101, 0, 0, 0, 0, 100, 0, 64939),
(562598, 27, 592.4722, 3143.408, 87.8434, 0, 7000, 0, 0, 100, 0, 64939),
(562598, 28, 587.6754, 3146.72, 88.03531, 0, 0, 0, 0, 100, 0, 64939),
(562598, 29, 580.9254, 3146.47, 87.78531, 0, 0, 0, 0, 100, 0, 64939),
(562598, 30, 572.1754, 3147.72, 86.53531, 0, 0, 0, 0, 100, 0, 64939),
(562598, 31, 564.1754, 3150.47, 83.03531, 0, 0, 0, 0, 100, 0, 64939),
(562598, 32, 555.9254, 3155.72, 78.78531, 0, 0, 0, 0, 100, 0, 64939),
(562598, 33, 549.1754, 3161.97, 77.53531, 0, 0, 0, 0, 100, 0, 64939),
(562598, 34, 545.6754, 3169.72, 77.28531, 0, 0, 0, 0, 100, 0, 64939),
(562598, 35, 544.4254, 3177.97, 77.28531, 0, 0, 0, 0, 100, 0, 64939),
(562598, 36, 543.1754, 3186.72, 77.28531, 0, 0, 0, 0, 100, 0, 64939),
(562598, 37, 542.4254, 3194.22, 77.53531, 0, 0, 0, 0, 100, 0, 64939),
(562598, 38, 539.6754, 3202.47, 77.03531, 0, 0, 0, 0, 100, 0, 64939),
(562598, 39, 535.8785, 3207.532, 76.22721, 0, 7000, 0, 0, 100, 0, 64939),
(562598, 40, 522.1597, 3220.362, 74.46206, 0, 0, 0, 0, 100, 0, 64939),
(562598, 41, 514.9149, 3231.209, 74.09304, 0, 0, 0, 0, 100, 0, 64939),
(562598, 42, 512.8489, 3240.094, 75.08343, 0, 0, 0, 0, 100, 0, 64939),
(562598, 43, 511.0156, 3248.966, 76.84576, 0, 0, 0, 0, 100, 0, 64939),
(562598, 44, 511.7535, 3261.906, 77.58465, 2.984513, 12000, 0, 0, 100, 0, 64939),
(562598, 45, 508.4818, 3259.148, 77.61667, 0, 0, 0, 0, 100, 0, 64939),
(562598, 46, 505.2318, 3251.148, 77.36667, 0, 0, 0, 0, 100, 0, 64939),
(562598, 47, 504.9818, 3244.648, 76.36667, 0, 0, 0, 0, 100, 0, 64939),
(562598, 48, 507.2318, 3236.648, 75.11667, 0, 0, 0, 0, 100, 0, 64939),
(562598, 49, 511.2318, 3228.648, 74.36667, 0, 0, 0, 0, 100, 0, 64939),
(562598, 50, 518.4818, 3220.398, 74.61667, 0, 0, 0, 0, 100, 0, 64939),
(562598, 51, 528.9818, 3213.648, 75.86667, 0, 0, 0, 0, 100, 0, 64939),
(562598, 52, 536.2318, 3209.398, 76.36667, 0, 0, 0, 0, 100, 0, 64939),
(562598, 53, 540.4818, 3201.398, 76.86667, 0, 0, 0, 0, 100, 0, 64939),
(562598, 54, 543.7318, 3190.148, 77.11667, 0, 0, 0, 0, 100, 0, 64939),
(562598, 55, 544.7318, 3177.398, 77.11667, 0, 0, 0, 0, 100, 0, 64939),
(562598, 56, 547.9818, 3165.398, 77.11667, 0, 0, 0, 0, 100, 0, 64939),
(562598, 57, 554.2318, 3157.148, 77.86667, 0, 0, 0, 0, 100, 0, 64939),
(562598, 58, 561.4818, 3152.648, 81.11667, 0, 0, 0, 0, 100, 0, 64939),
(562598, 59, 567.2318, 3149.398, 84.36667, 0, 0, 0, 0, 100, 0, 64939),
(562598, 60, 574.7318, 3147.148, 87.36667, 0, 0, 0, 0, 100, 0, 64939),
(562598, 61, 583.9818, 3145.648, 87.86667, 0, 0, 0, 0, 100, 0, 64939),
(562598, 62, 593.2318, 3144.398, 87.86667, 0, 0, 0, 0, 100, 0, 64939),
(562598, 63, 599.9818, 3142.898, 88.11667, 0, 0, 0, 0, 100, 0, 64939),
(562598, 64, 606.4818, 3141.398, 87.86667, 0, 0, 0, 0, 100, 0, 64939),
(562598, 65, 615.2318, 3137.398, 87.86667, 0, 0, 0, 0, 100, 0, 64939),
(562598, 66, 619.9818, 3130.398, 87.86667, 0, 0, 0, 0, 100, 0, 64939),
(562598, 67, 621.4818, 3123.398, 87.86667, 0, 0, 0, 0, 100, 0, 64939),
(562598, 68, 619.7318, 3112.398, 87.86667, 0, 0, 0, 0, 100, 0, 64939),
(562598, 69, 616.9818, 3104.648, 87.36667, 0, 0, 0, 0, 100, 0, 64939);

UPDATE `creature_template` SET `AIName` = "SmartAI" WHERE `entry` = 64939;
DELETE FROM `smart_scripts` WHERE `entryorguid` = 64939 AND `source_type` = 0;
DELETE FROM `smart_scripts` WHERE `entryorguid` = 64939*100 AND `source_type` = 9;
INSERT INTO `smart_scripts` (`entryorguid`, `source_type`, `id`, `link`, `event_type`, `event_phase_mask`, `event_chance`, `event_flags`, `event_param1`, `event_param2`, `event_param3`, `event_param4`, `action_type`, `action_param1`, `action_param2`, `action_param3`, `action_param4`, `action_param5`, `action_param6`, `target_type`, `target_param1`, `target_param2`, `target_param3`, `target_x`, `target_y`, `target_z`, `target_o`, `comment`) VALUES 
(64939, 0, 0, 0, 34, 0, 100, 0, 2, 7, 0, 0, 80, 64939*100, 0, 0, 0, 0, 0, 1, 0, 0, 0, 0, 0, 0, 0, "Lamplighter Sunny - MI 7 - Start Script"),
(64939, 0, 1, 0, 34, 0, 100, 0, 2, 16, 0, 0, 80, 64939*100, 0, 0, 0, 0, 0, 1, 0, 0, 0, 0, 0, 0, 0, "Lamplighter Sunny - MI 16 - Start Script"),
(64939, 0, 2, 0, 34, 0, 100, 0, 2, 22, 0, 0, 80, 64939*100, 0, 0, 0, 0, 0, 1, 0, 0, 0, 0, 0, 0, 0, "Lamplighter Sunny - MI 22 - Start Script"),
(64939, 0, 3, 0, 34, 0, 100, 0, 2, 26, 0, 0, 80, 64939*100, 0, 0, 0, 0, 0, 1, 0, 0, 0, 0, 0, 0, 0, "Lamplighter Sunny - MI 26 - Start Script"),
(64939, 0, 4, 0, 34, 0, 100, 0, 2, 38, 0, 0, 80, 64939*100, 0, 0, 0, 0, 0, 1, 0, 0, 0, 0, 0, 0, 0, "Lamplighter Sunny - MI 38 - Start Script"),

(64939*100, 9, 0, 0, 0, 0, 100, 0, 2000, 2000, 0, 0, 128, 3143, 0, 0, 0, 0, 0, 1, 0, 0, 0, 0, 0, 0, 0, "Lamplighter Sunny - On Script - Play Anim Kit");

-- Field Yak
UPDATE `creature` SET `wander_distance` = 0, `movement_type` = 2 WHERE `guid` = 562713;

DELETE FROM `creature_addon` WHERE `guid` = 562713;
INSERT INTO `creature_addon` (`guid`, `path_id`, `bytes2`) VALUES
(562713, 562713, 1);

DELETE FROM `waypoint_data` WHERE `id` = 562713;
INSERT INTO `waypoint_data` (`id`, `point`, `position_x`, `position_y`, `position_z`, `orientation`, `delay`, `move_flag`, `action`, `action_chance`, `wpguid`, `entry`) VALUES
(562713, 1, 493.6406, 3130.748, 75.6916, 0, 0, 0, 0, 100, 0, 57258),
(562713, 2, 502.0417, 3139.999, 75.57745, 0, 0, 0, 0, 100, 0, 57258),
(562713, 3, 512.2448, 3146.775, 75.57745, 0, 1000, 0, 0, 100, 0, 57258),
(562713, 4, 502.0417, 3139.999, 75.57745, 0, 0, 0, 0, 100, 0, 57258),
(562713, 5, 493.6406, 3130.748, 75.6916, 0, 0, 0, 0, 100, 0, 57258),
(562713, 6, 486.6215, 3122.684, 75.6916, 0, 0, 0, 0, 100, 0, 57258),
(562713, 7, 483.4653, 3109.196, 75.6916, 0, 0, 0, 0, 100, 0, 57258),
(562713, 8, 480.441, 3098.122, 75.5666, 0, 0, 0, 0, 100, 0, 57258),
(562713, 9, 475.9271, 3090.249, 75.5666, 0, 0, 0, 0, 100, 0, 57258),
(562713, 10, 476.2326, 3079.183, 75.5666, 0, 0, 0, 0, 100, 0, 57258),
(562713, 11, 477.9288, 3068.703, 75.6916, 0, 1000, 0, 0, 100, 0, 57258),
(562713, 12, 476.2326, 3079.183, 75.5666, 0, 0, 0, 0, 100, 0, 57258),
(562713, 13, 475.9271, 3090.249, 75.5666, 0, 0, 0, 0, 100, 0, 57258),
(562713, 14, 480.441, 3098.122, 75.5666, 0, 0, 0, 0, 100, 0, 57258),
(562713, 15, 483.4653, 3109.196, 75.6916, 0, 0, 0, 0, 100, 0, 57258),
(562713, 16, 486.6215, 3122.684, 75.6916, 0, 0, 0, 0, 100, 0, 57258);
